game_id,game_date,matchup,home_team,away_team,season_year
0022301190,2024-04-14,NYK vs. CHI,NYK,CHI,2023-24
0022301175,2024-04-12,NYK vs. BKN,NYK,BKN,2023-24
0022301167,2024-04-11,NYK @ BOS,BOS,NYK,2023-24
0022301139,2024-04-07,NYK @ MIL,MIL,NYK,2023-24
0022301119,2024-04-05,NYK @ CHI,CHI,NYK,2023-24
0022301112,2024-04-04,NYK vs. SAC,NYK,SAC,2023-24
0022301096,2024-04-02,NYK @ MIA,MIA,NYK,2023-24
0022301082,2024-03-31,NYK vs. OKC,NYK,OKC,2023-24
0022301070,2024-03-29,NYK @ SAS,SAS,NYK,2023-24
0022301053,2024-03-27,NYK @ TOR,TOR,NYK,2023-24
0022301035,2024-03-25,NYK vs. DET,NYK,DET,2023-24
0022301019,2024-03-23,NYK vs. BKN,NYK,BKN,2023-24
0022301009,2024-03-21,NYK @ DEN,DEN,NYK,2023-24
0022300988,2024-03-18,NYK @ GSW,GSW,NYK,2023-24
0022300975,2024-03-16,NYK @ SAC,SAC,NYK,2023-24
0022300960,2024-03-14,NYK @ POR,POR,NYK,2023-24
0022300939,2024-03-12,NYK vs. PHI,NYK,PHI,2023-24
0022300927,2024-03-10,NYK vs. PHI,NYK,PHI,2023-24
0022300912,2024-03-08,NYK vs. ORL,NYK,ORL,2023-24
0022300889,2024-03-05,NYK vs. ATL,NYK,ATL,2023-24
0022300876,2024-03-03,NYK @ CLE,CLE,NYK,2023-24
0022300852,2024-02-29,NYK vs. GSW,NYK,GSW,2023-24
0022300837,2024-02-27,NYK vs. NOP,NYK,NOP,2023-24
0022300828,2024-02-26,NYK vs. DET,NYK,DET,2023-24
0022300816,2024-02-24,NYK vs. BOS,NYK,BOS,2023-24
0022300794,2024-02-22,NYK @ PHI,PHI,NYK,2023-24
0022300778,2024-02-14,NYK @ ORL,ORL,NYK,2023-24
0022300765,2024-02-12,NYK @ HOU,HOU,NYK,2023-24
0022300755,2024-02-10,NYK vs. IND,NYK,IND,2023-24
0022300736,2024-02-08,NYK vs. DAL,NYK,DAL,2023-24
0022300722,2024-02-06,NYK vs. MEM,NYK,MEM,2023-24
0022300701,2024-02-03,NYK vs. LAL,NYK,LAL,2023-24
0022300685,2024-02-01,NYK vs. IND,NYK,IND,2023-24
0022300671,2024-01-30,NYK vs. UTA,NYK,UTA,2023-24
0022300657,2024-01-29,NYK @ CHA,CHA,NYK,2023-24
0022300643,2024-01-27,NYK vs. MIA,NYK,MIA,2023-24
0022300631,2024-01-25,NYK vs. DEN,NYK,DEN,2023-24
0022300615,2024-01-23,NYK @ BKN,BKN,NYK,2023-24
0022300596,2024-01-20,NYK vs. TOR,NYK,TOR,2023-24
0022300579,2024-01-18,NYK vs. WAS,NYK,WAS,2023-24
0022300573,2024-01-17,NYK vs. HOU,NYK,HOU,2023-24
0022300557,2024-01-15,NYK vs. ORL,NYK,ORL,2023-24
0022300544,2024-01-13,NYK @ MEM,MEM,NYK,2023-24
0022300530,2024-01-11,NYK @ DAL,DAL,NYK,2023-24
0022300514,2024-01-09,NYK vs. POR,NYK,POR,2023-24
0022300494,2024-01-06,NYK @ WAS,WAS,NYK,2023-24
0022300483,2024-01-05,NYK @ PHI,PHI,NYK,2023-24
0022300468,2024-01-03,NYK vs. CHI,NYK,CHI,2023-24
0022300451,2024-01-01,NYK vs. MIN,NYK,MIN,2023-24
0022300432,2023-12-29,TOR @ BOS,BOS,TOR,2023-24
0022300416,2023-12-27,TOR @ WAS,WAS,TOR,2023-24
0022300395,2023-12-23,TOR vs. UTA,TOR,UTA,2023-24
0022300382,2023-12-22,TOR @ PHI,PHI,TOR,2023-24
0022300369,2023-12-20,TOR vs. DEN,TOR,DEN,2023-24
0022300354,2023-12-18,TOR vs. CHA,TOR,CHA,2023-24
0022300330,2023-12-15,TOR vs. ATL,TOR,ATL,2023-24
0022300313,2023-12-13,TOR vs. ATL,TOR,ATL,2023-24
0022300297,2023-12-11,TOR @ NYK,NYK,TOR,2023-24
0022301216,2023-12-08,TOR @ CHA,CHA,TOR,2023-24
0022301207,2023-12-06,TOR vs. MIA,TOR,MIA,2023-24
0022300276,2023-12-01,TOR vs. NYK,TOR,NYK,2023-24
0022300260,2023-11-29,TOR vs. PHX,TOR,PHX,2023-24
0022300054,2023-11-28,TOR @ BKN,BKN,TOR,2023-24
0022300251,2023-11-26,TOR @ CLE,CLE,TOR,2023-24
0022300046,2023-11-24,TOR vs. CHI,TOR,CHI,2023-24
0022300038,2023-11-21,TOR @ ORL,ORL,TOR,2023-24
0022300211,2023-11-19,TOR vs. DET,TOR,DET,2023-24
0022300031,2023-11-17,TOR vs. BOS,TOR,BOS,2023-24
0022300195,2023-11-15,TOR vs. MIL,TOR,MIL,2023-24
0022300189,2023-11-13,TOR vs. WAS,TOR,WAS,2023-24
0022300174,2023-11-11,TOR @ BOS,BOS,TOR,2023-24
0022300092,2023-10-28,TOR vs. PHI,TOR,PHI,2023-24
0022300082,2023-10-27,TOR @ CHI,CHI,TOR,2023-24
0022300069,2023-10-25,TOR vs. MIN,TOR,MIN,2023-24
0022301189,2024-04-14,MIA vs. TOR,MIA,TOR,2023-24
0022301176,2024-04-12,MIA vs. TOR,MIA,TOR,2023-24
0022301161,2024-04-10,MIA vs. DAL,MIA,DAL,2023-24
0022301147,2024-04-09,MIA @ ATL,ATL,MIA,2023-24
0022301133,2024-04-07,MIA @ IND,IND,MIA,2023-24
0022301120,2024-04-05,MIA @ HOU,HOU,MIA,2023-24
0022301111,2024-04-04,MIA vs. PHI,MIA,PHI,2023-24
0022301081,2024-03-31,MIA @ WAS,WAS,MIA,2023-24
0022301068,2024-03-29,MIA vs. POR,MIA,POR,2023-24
0022301044,2024-03-26,MIA vs. GSW,MIA,GSW,2023-24
0022301029,2024-03-24,MIA vs. CLE,MIA,CLE,2023-24
0022301013,2024-03-22,MIA vs. NOP,MIA,NOP,2023-24
0022300985,2024-03-18,MIA @ PHI,PHI,MIA,2023-24
0022300977,2024-03-17,MIA @ DET,DET,MIA,2023-24
0022300962,2024-03-15,MIA @ DET,DET,MIA,2023-24
0022300949,2024-03-13,MIA vs. DEN,MIA,DEN,2023-24
0022300926,2024-03-10,MIA vs. WAS,MIA,WAS,2023-24
0022300914,2024-03-08,MIA @ OKC,OKC,MIA,2023-24
0022300904,2024-03-07,MIA @ DAL,DAL,MIA,2023-24
0022300888,2024-03-05,MIA vs. DET,MIA,DET,2023-24
0022300867,2024-03-02,MIA vs. UTA,MIA,UTA,2023-24
0022300855,2024-02-29,MIA @ DEN,DEN,MIA,2023-24
0022300842,2024-02-27,MIA @ POR,POR,MIA,2023-24
0022300831,2024-02-26,MIA @ SAC,SAC,MIA,2023-24
0022300810,2024-02-23,MIA @ NOP,NOP,MIA,2023-24
0022300779,2024-02-14,MIA @ PHI,PHI,MIA,2023-24
0022300773,2024-02-13,MIA @ MIL,MIL,MIA,2023-24
0022300759,2024-02-11,MIA vs. BOS,MIA,BOS,2023-24
0022300730,2024-02-07,MIA vs. SAS,MIA,SAS,2023-24
0022300721,2024-02-06,MIA vs. ORL,MIA,ORL,2023-24
0022300708,2024-02-04,MIA vs. LAC,MIA,LAC,2023-24
0022300689,2024-02-02,MIA @ WAS,WAS,MIA,2023-24
0022300678,2024-01-31,MIA vs. SAC,MIA,SAC,2023-24
0022300661,2024-01-29,MIA vs. PHX,MIA,PHX,2023-24
0022300630,2024-01-25,MIA vs. BOS,MIA,BOS,2023-24
0022300621,2024-01-24,MIA vs. MEM,MIA,MEM,2023-24
0022300601,2024-01-21,MIA @ ORL,ORL,MIA,2023-24
0022300587,2024-01-19,MIA vs. ATL,MIA,ATL,2023-24
0022300574,2024-01-17,MIA @ TOR,TOR,MIA,2023-24
0022300562,2024-01-15,MIA @ BKN,BKN,MIA,2023-24
0022300551,2024-01-14,MIA vs. CHA,MIA,CHA,2023-24
0022300535,2024-01-12,MIA vs. ORL,MIA,ORL,2023-24
0022300522,2024-01-10,MIA vs. OKC,MIA,OKC,2023-24
0022300509,2024-01-08,MIA vs. HOU,MIA,HOU,2023-24
0022300489,2024-01-05,MIA @ PHX,PHX,MIA,2023-24
0022300475,2024-01-03,MIA @ LAL,LAL,MIA,2023-24
0022300458,2024-01-01,MIA @ LAC,LAC,MIA,2023-24
0022300439,2023-12-30,MIA @ UTA,UTA,MIA,2023-24
0022300426,2023-12-28,MIA @ GSW,GSW,MIA,2023-24
0022300404,2023-12-25,MIA vs. PHI,MIA,PHI,2023-24
0022300384,2023-12-22,MIA vs. ATL,MIA,ATL,2023-24
0022300366,2023-12-20,MIA @ ORL,ORL,MIA,2023-24
0022300353,2023-12-18,MIA vs. MIN,MIA,MIN,2023-24
0022300267,2023-11-30,MIA vs. IND,MIA,IND,2023-24
0022300056,2023-11-28,MIA vs. MIL,MIA,MIL,2023-24
0022300045,2023-11-24,MIA @ NYK,NYK,MIA,2023-24
0022300220,2023-11-20,MIA @ CHI,CHI,MIA,2023-24
0022300204,2023-11-18,MIA @ CHI,CHI,MIA,2023-24
0022300200,2023-11-16,MIA vs. BKN,MIA,BKN,2023-24
0022300017,2023-11-14,MIA @ CHA,CHA,MIA,2023-24
0022300184,2023-11-12,MIA @ SAS,SAS,MIA,2023-24
0022300175,2023-11-11,MIA @ ATL,ATL,MIA,2023-24
0022300164,2023-11-08,MIA @ MEM,MEM,MIA,2023-24
0022300150,2023-11-06,MIA vs. LAL,MIA,LAL,2023-24
0022300003,2023-11-03,MIA vs. WAS,MIA,WAS,2023-24
0022300119,2023-11-01,MIA vs. BKN,MIA,BKN,2023-24
0022300093,2023-10-28,MIA @ MIN,MIN,MIA,2023-24
0022300080,2023-10-27,MIA @ BOS,BOS,MIA,2023-24
0022300068,2023-10-25,MIA vs. DET,MIA,DET,2023-24
0022301160,2024-04-10,TOR @ BKN,BKN,TOR,2023-24
0022301146,2024-04-09,TOR vs. IND,TOR,IND,2023-24
0022301137,2024-04-07,TOR vs. WAS,TOR,WAS,2023-24
0022301122,2024-04-05,TOR @ MIL,MIL,TOR,2023-24
0022301036,2024-03-25,TOR vs. BKN,TOR,BKN,2023-24
0022301022,2024-03-23,TOR @ WAS,WAS,TOR,2023-24
0022301012,2024-03-22,TOR vs. OKC,TOR,OKC,2023-24
0022300999,2024-03-20,TOR vs. SAC,TOR,SAC,2023-24
0022300979,2024-03-17,TOR @ ORL,ORL,TOR,2023-24
0022300963,2024-03-15,TOR vs. ORL,TOR,ORL,2023-24
0022300946,2024-03-13,TOR @ DET,DET,TOR,2023-24
0022300937,2024-03-11,TOR @ DEN,DEN,TOR,2023-24
0022300923,2024-03-09,TOR @ POR,POR,TOR,2023-24
0022300905,2024-03-07,TOR @ PHX,PHX,TOR,2023-24
0022300890,2024-03-05,TOR vs. NOP,TOR,NOP,2023-24
0022300875,2024-03-03,TOR vs. CHA,TOR,CHA,2023-24
0022300860,2024-03-01,TOR vs. GSW,TOR,GSW,2023-24
0022300844,2024-02-28,TOR vs. DAL,TOR,DAL,2023-24
0022300829,2024-02-26,TOR @ IND,IND,TOR,2023-24
0022300804,2024-02-23,TOR @ ATL,ATL,TOR,2023-24
0022300795,2024-02-22,TOR vs. BKN,TOR,BKN,2023-24
0022300782,2024-02-14,TOR vs. IND,TOR,IND,2023-24
0022300764,2024-02-12,TOR vs. SAS,TOR,SAS,2023-24
0022300756,2024-02-10,TOR vs. CLE,TOR,CLE,2023-24
0022300711,2024-02-04,UTA vs. MIL,UTA,MIL,2023-24
0022300686,2024-02-01,UTA vs. PHI,UTA,PHI,2023-24
0022300660,2024-01-29,UTA @ BKN,BKN,UTA,2023-24
0022300647,2024-01-27,UTA @ CHA,CHA,UTA,2023-24
0022300628,2024-01-25,UTA @ WAS,WAS,UTA,2023-24
0022300616,2024-01-23,UTA @ NOP,NOP,UTA,2023-24
0022300598,2024-01-20,UTA @ HOU,HOU,UTA,2023-24
0022300581,2024-01-18,UTA vs. OKC,UTA,OKC,2023-24
0022300564,2024-01-15,UTA vs. IND,UTA,IND,2023-24
0022300549,2024-01-13,UTA vs. LAL,UTA,LAL,2023-24
0022300540,2024-01-12,UTA vs. TOR,UTA,TOR,2023-24
0022300524,2024-01-10,UTA vs. DEN,UTA,DEN,2023-24
0022300510,2024-01-08,UTA @ MIL,MIL,UTA,2023-24
0022300495,2024-01-06,UTA @ PHI,PHI,UTA,2023-24
0022300479,2024-01-05,UTA @ BOS,BOS,UTA,2023-24
0022300474,2024-01-03,UTA vs. DET,UTA,DET,2023-24
0022300457,2024-01-01,UTA vs. DAL,UTA,DAL,2023-24
0022300424,2023-12-28,UTA @ NOP,NOP,UTA,2023-24
0022300412,2023-12-26,UTA @ SAS,SAS,UTA,2023-24
0022300374,2023-12-21,UTA @ DET,DET,UTA,2023-24
0022300364,2023-12-20,UTA @ CLE,CLE,UTA,2023-24
0022300357,2023-12-18,UTA vs. BKN,UTA,BKN,2023-24
0022300342,2023-12-16,UTA @ SAC,SAC,UTA,2023-24
0022300323,2023-12-14,UTA @ POR,POR,UTA,2023-24
0022300318,2023-12-13,UTA vs. NYK,UTA,NYK,2023-24
0022300302,2023-12-11,UTA @ OKC,OKC,UTA,2023-24
0022301225,2023-12-08,UTA vs. LAC,UTA,LAC,2023-24
0022301213,2023-12-06,UTA @ DAL,DAL,UTA,2023-24
0022300289,2023-12-02,UTA vs. POR,UTA,POR,2023-24
0022300270,2023-11-30,UTA @ MIN,MIN,UTA,2023-24
0022300261,2023-11-29,UTA @ MEM,MEM,UTA,2023-24
0022300256,2023-11-27,UTA vs. NOP,UTA,NOP,2023-24
0022300243,2023-11-25,UTA vs. NOP,UTA,NOP,2023-24
0022300237,2023-11-22,UTA @ POR,POR,UTA,2023-24
0022300042,2023-11-21,UTA @ LAL,LAL,UTA,2023-24
0022300214,2023-11-19,UTA vs. PHX,UTA,PHX,2023-24
0022300035,2023-11-17,UTA vs. PHX,UTA,PHX,2023-24
0022300023,2023-11-14,UTA vs. POR,UTA,POR,2023-24
0022300012,2023-11-10,UTA @ MEM,MEM,UTA,2023-24
0022300158,2023-11-08,UTA @ IND,IND,UTA,2023-24
0022300152,2023-11-06,UTA @ CHI,CHI,UTA,2023-24
0022300138,2023-11-04,UTA @ MIN,MIN,UTA,2023-24
0022300130,2023-11-02,UTA vs. ORL,UTA,ORL,2023-24
0022300125,2023-11-01,UTA vs. MEM,UTA,MEM,2023-24
0022300110,2023-10-30,UTA @ DEN,DEN,UTA,2023-24
0022300094,2023-10-28,UTA @ PHX,PHX,UTA,2023-24
0022300085,2023-10-27,UTA vs. LAC,UTA,LAC,2023-24
0022300072,2023-10-25,UTA vs. SAC,UTA,SAC,2023-24
0022301088,2024-04-01,MEM @ DET,DET,MEM,2023-24
0022301055,2024-03-27,MEM vs. LAL,MEM,LAL,2023-24
0022301040,2024-03-25,MEM @ DEN,DEN,MEM,2023-24
0022301015,2024-03-22,MEM @ SAS,SAS,MEM,2023-24
0022301001,2024-03-20,MEM @ GSW,GSW,MEM,2023-24
0022300989,2024-03-18,MEM @ SAC,SAC,MEM,2023-24
0022300972,2024-03-16,MEM vs. OKC,MEM,OKC,2023-24
0022300940,2024-03-12,MEM vs. WAS,MEM,WAS,2023-24
0022300931,2024-03-10,MEM @ OKC,OKC,MEM,2023-24
0022300913,2024-03-08,MEM vs. ATL,MEM,ATL,2023-24
0022300896,2024-03-06,MEM @ PHI,PHI,MEM,2023-24
0022300879,2024-03-04,MEM @ BKN,BKN,MEM,2023-24
0022300868,2024-03-02,MEM vs. POR,MEM,POR,2023-24
0022300861,2024-03-01,MEM vs. POR,MEM,POR,2023-24
0022300845,2024-02-28,MEM @ MIN,MIN,MEM,2023-24
0022300830,2024-02-26,MEM vs. BKN,MEM,BKN,2023-24
0022300807,2024-02-23,MEM vs. LAC,MEM,LAC,2023-24
0022300790,2024-02-15,MEM vs. MIL,MEM,MIL,2023-24
0022300783,2024-02-14,MEM vs. HOU,MEM,HOU,2023-24
0022300766,2024-02-12,MEM vs. NOP,MEM,NOP,2023-24
0022300751,2024-02-10,MEM @ CHA,CHA,MEM,2023-24
0022300737,2024-02-08,MEM vs. CHI,MEM,CHI,2023-24
0022300693,2024-02-02,MEM vs. GSW,MEM,GSW,2023-24
0022300687,2024-02-01,MEM vs. CLE,MEM,CLE,2023-24
0022300663,2024-01-29,MEM vs. SAC,MEM,SAC,2023-24
0022300652,2024-01-28,MEM @ IND,IND,MEM,2023-24
0022300638,2024-01-26,MEM vs. ORL,MEM,ORL,2023-24
0022300609,2024-01-22,MEM @ TOR,TOR,MEM,2023-24
0022300597,2024-01-20,MEM @ CHI,CHI,MEM,2023-24
0022300582,2024-01-18,MEM @ MIN,MIN,MEM,2023-24
0022300560,2024-01-15,MEM vs. GSW,MEM,GSW,2023-24
0022300503,2024-01-07,MEM @ PHX,PHX,MEM,2023-24
0022300491,2024-01-05,MEM @ LAL,LAL,MEM,2023-24
0022300470,2024-01-03,MEM vs. TOR,MEM,TOR,2023-24
0022300460,2024-01-02,MEM vs. SAS,MEM,SAS,2023-24
0022300449,2023-12-31,MEM vs. SAC,MEM,SAC,2023-24
0022300438,2023-12-29,MEM @ LAC,LAC,MEM,2023-24
0022300410,2023-12-26,MEM @ NOP,NOP,MEM,2023-24
0022300393,2023-12-23,MEM @ ATL,ATL,MEM,2023-24
0022300377,2023-12-21,MEM vs. IND,MEM,IND,2023-24
0022300360,2023-12-19,MEM @ NOP,NOP,MEM,2023-24
0022300355,2023-12-18,MEM @ OKC,OKC,MEM,2023-24
0022300332,2023-12-15,MEM vs. HOU,MEM,HOU,2023-24
0022300314,2023-12-13,MEM @ HOU,HOU,MEM,2023-24
0022300299,2023-12-11,MEM vs. DAL,MEM,DAL,2023-24
0022301221,2023-12-08,MEM vs. MIN,MEM,MIN,2023-24
0022301206,2023-12-06,MEM @ DET,DET,MEM,2023-24
0022300288,2023-12-02,MEM @ PHX,PHX,MEM,2023-24
0022300277,2023-12-01,MEM @ DAL,DAL,MEM,2023-24
0022300249,2023-11-26,MEM vs. MIN,MEM,MIN,2023-24
0022300044,2023-11-24,MEM vs. PHX,MEM,PHX,2023-24
0022300231,2023-11-22,MEM @ HOU,HOU,MEM,2023-24
0022300213,2023-11-19,MEM vs. BOS,MEM,BOS,2023-24
0022300206,2023-11-18,MEM @ SAS,SAS,MEM,2023-24
0022300026,2023-11-14,MEM @ LAL,LAL,MEM,2023-24
0022300179,2023-11-12,MEM @ LAC,LAC,MEM,2023-24
0022300144,2023-11-05,MEM @ POR,POR,MEM,2023-24
0022301194,2024-04-14,MIN vs. PHX,MIN,PHX,2023-24
0022301178,2024-04-12,MIN vs. ATL,MIN,ATL,2023-24
0022301164,2024-04-10,MIN @ DEN,DEN,MIN,2023-24
0022301152,2024-04-09,MIN vs. WAS,MIN,WAS,2023-24
0022301143,2024-04-07,MIN @ LAL,LAL,MIN,2023-24
0022301125,2024-04-05,MIN @ PHX,PHX,MIN,2023-24
0022301108,2024-04-03,MIN vs. TOR,MIN,TOR,2023-24
0022301098,2024-04-02,MIN vs. HOU,MIN,HOU,2023-24
0022301084,2024-03-31,MIN vs. CHI,MIN,CHI,2023-24
0022301071,2024-03-29,MIN @ DEN,DEN,MIN,2023-24
0022301056,2024-03-27,MIN vs. DET,MIN,DET,2023-24
0022301031,2024-03-24,MIN vs. GSW,MIN,GSW,2023-24
0022301014,2024-03-22,MIN vs. CLE,MIN,CLE,2023-24
0022300995,2024-03-19,MIN vs. DEN,MIN,DEN,2023-24
0022300987,2024-03-18,MIN @ UTA,UTA,MIN,2023-24
0022300974,2024-03-16,MIN @ UTA,UTA,MIN,2023-24
0022300944,2024-03-12,MIN @ LAC,LAC,MIN,2023-24
0022300932,2024-03-10,MIN @ LAL,LAL,MIN,2023-24
0022300911,2024-03-08,MIN @ CLE,CLE,MIN,2023-24
0022300903,2024-03-07,MIN @ IND,IND,MIN,2023-24
0022300881,2024-03-04,MIN vs. POR,MIN,POR,2023-24
0022300873,2024-03-03,MIN vs. LAC,MIN,LAC,2023-24
0022300862,2024-03-01,MIN vs. SAC,MIN,SAC,2023-24
0022300838,2024-02-27,MIN vs. SAS,MIN,SAS,2023-24
0022300815,2024-02-24,MIN vs. BKN,MIN,BKN,2023-24
0022300808,2024-02-23,MIN vs. MIL,MIN,MIL,2023-24
0022300791,2024-02-15,MIN @ POR,POR,MIN,2023-24
0022300775,2024-02-13,MIN @ POR,POR,MIN,2023-24
0022300770,2024-02-12,MIN @ LAC,LAC,MIN,2023-24
0022300738,2024-02-08,MIN @ MIL,MIL,MIN,2023-24
0022300723,2024-02-06,MIN @ CHI,CHI,MIN,2023-24
0022300709,2024-02-04,MIN vs. HOU,MIN,HOU,2023-24
0022300694,2024-02-02,MIN vs. ORL,MIN,ORL,2023-24
0022300680,2024-01-31,MIN vs. DAL,MIN,DAL,2023-24
0022300664,2024-01-29,MIN @ OKC,OKC,MIN,2023-24
0022300649,2024-01-27,MIN @ SAS,SAS,MIN,2023-24
0022300629,2024-01-25,MIN @ BKN,BKN,MIN,2023-24
0022300620,2024-01-24,MIN @ WAS,WAS,MIN,2023-24
0022300610,2024-01-22,MIN vs. CHA,MIN,CHA,2023-24
0022300599,2024-01-20,MIN vs. OKC,MIN,OKC,2023-24
0022300569,2024-01-17,MIN @ DET,DET,MIN,2023-24
0022300553,2024-01-14,MIN vs. LAC,MIN,LAC,2023-24
0022300538,2024-01-12,MIN vs. POR,MIN,POR,2023-24
0022300517,2024-01-10,MIN @ BOS,BOS,MIN,2023-24
0022300513,2024-01-09,MIN @ ORL,ORL,MIN,2023-24
0022300501,2024-01-07,MIN @ DAL,DAL,MIN,2023-24
0022300485,2024-01-05,MIN @ HOU,HOU,MIN,2023-24
0022300471,2024-01-03,MIN vs. NOP,MIN,NOP,2023-24
0022300443,2023-12-30,MIN vs. LAL,MIN,LAL,2023-24
0022300423,2023-12-28,MIN vs. DAL,MIN,DAL,2023-24
0022300411,2023-12-26,MIN @ OKC,OKC,MIN,2023-24
0022300400,2023-12-23,MIN @ SAC,SAC,MIN,2023-24
0022300380,2023-12-21,MIN vs. LAL,MIN,LAL,2023-24
0022300367,2023-12-20,MIN @ PHI,PHI,MIN,2023-24
0022300338,2023-12-16,MIN vs. IND,MIN,IND,2023-24
0022300321,2023-12-14,MIN @ DAL,DAL,MIN,2023-24
0022300301,2023-12-11,MIN @ NOP,NOP,MIN,2023-24
0022301210,2023-12-06,MIN vs. SAS,MIN,SAS,2023-24
0022300281,2023-12-02,MIN @ CHA,CHA,MIN,2023-24
0022300058,2023-11-28,MIN vs. OKC,MIN,OKC,2023-24
0022300050,2023-11-24,MIN vs. SAC,MIN,SAC,2023-24
0022300232,2023-11-22,MIN vs. PHI,MIN,PHI,2023-24
0022300221,2023-11-20,MIN vs. NYK,MIN,NYK,2023-24
0022300203,2023-11-18,MIN @ NOP,NOP,MIN,2023-24
0022300197,2023-11-15,MIN @ PHX,PHX,MIN,2023-24
0022300025,2023-11-14,MIN @ GSW,GSW,MIN,2023-24
0022300186,2023-11-12,MIN @ GSW,GSW,MIN,2023-24
0022300013,2023-11-10,MIN @ SAS,SAS,MIN,2023-24
0022300166,2023-11-08,MIN vs. NOP,MIN,NOP,2023-24
0022300154,2023-11-06,MIN vs. BOS,MIN,BOS,2023-24
0022300123,2023-11-01,MIN vs. DEN,MIN,DEN,2023-24
0022300104,2023-10-30,MIN @ ATL,ATL,MIN,2023-24
0022301185,2024-04-12,PHX @ SAC,SAC,PHX,2023-24
0022301165,2024-04-10,PHX @ LAC,LAC,PHX,2023-24
0022301156,2024-04-09,PHX vs. LAC,PHX,LAC,2023-24
0022301138,2024-04-07,PHX vs. NOP,PHX,NOP,2023-24
0022301092,2024-04-01,PHX @ NOP,NOP,PHX,2023-24
0022301069,2024-03-29,PHX @ OKC,OKC,PHX,2023-24
0022301059,2024-03-27,PHX @ DEN,DEN,PHX,2023-24
0022301039,2024-03-25,PHX @ SAS,SAS,PHX,2023-24
0022301025,2024-03-23,PHX @ SAS,SAS,PHX,2023-24
0022301010,2024-03-21,PHX vs. ATL,PHX,ATL,2023-24
0022301002,2024-03-20,PHX vs. PHI,PHX,PHI,2023-24
0022300976,2024-03-17,PHX @ MIL,MIL,PHX,2023-24
0022300961,2024-03-15,PHX @ CHA,CHA,PHX,2023-24
0022300955,2024-03-14,PHX @ BOS,BOS,PHX,2023-24
0022300934,2024-03-11,PHX @ CLE,CLE,PHX,2023-24
0022300920,2024-03-09,PHX vs. BOS,PHX,BOS,2023-24
0022300893,2024-03-05,PHX @ DEN,DEN,PHX,2023-24
0022300878,2024-03-03,PHX vs. OKC,PHX,OKC,2023-24
0022300870,2024-03-02,PHX vs. HOU,PHX,HOU,2023-24
0022300854,2024-02-29,PHX vs. HOU,PHX,HOU,2023-24
0022300818,2024-02-25,PHX vs. LAL,PHX,LAL,2023-24
0022300806,2024-02-23,PHX @ HOU,HOU,PHX,2023-24
0022300796,2024-02-22,PHX @ DAL,DAL,PHX,2023-24
0022300787,2024-02-14,PHX vs. DET,PHX,DET,2023-24
0022300774,2024-02-13,PHX vs. SAC,PHX,SAC,2023-24
0022300757,2024-02-10,PHX @ GSW,GSW,PHX,2023-24
0022300739,2024-02-08,PHX vs. UTA,PHX,UTA,2023-24
0022300725,2024-02-06,PHX vs. MIL,PHX,MIL,2023-24
0022300705,2024-02-04,PHX @ WAS,WAS,PHX,2023-24
0022300690,2024-02-02,PHX @ ATL,ATL,PHX,2023-24
0022300655,2024-01-28,PHX @ ORL,ORL,PHX,2023-24
0022300636,2024-01-26,PHX @ IND,IND,PHX,2023-24
0022300625,2024-01-24,PHX @ DAL,DAL,PHX,2023-24
0022300612,2024-01-22,PHX vs. CHI,PHX,CHI,2023-24
0022300604,2024-01-21,PHX vs. IND,PHX,IND,2023-24
0022300588,2024-01-19,PHX @ NOP,NOP,PHX,2023-24
0022300567,2024-01-16,PHX vs. SAC,PHX,SAC,2023-24
0022300554,2024-01-14,PHX @ POR,POR,PHX,2023-24
0022300531,2024-01-11,PHX @ LAL,LAL,PHX,2023-24
0022300511,2024-01-08,PHX @ LAC,LAC,PHX,2023-24
0022300473,2024-01-03,PHX vs. LAC,PHX,LAC,2023-24
0022300456,2024-01-01,PHX vs. POR,PHX,POR,2023-24
0022300450,2023-12-31,PHX vs. ORL,PHX,ORL,2023-24
0022300436,2023-12-29,PHX vs. CHA,PHX,CHA,2023-24
0022300418,2023-12-27,PHX @ HOU,HOU,PHX,2023-24
0022300405,2023-12-25,PHX vs. DAL,PHX,DAL,2023-24
0022300387,2023-12-22,PHX @ SAC,SAC,PHX,2023-24
0022300363,2023-12-19,PHX @ POR,POR,PHX,2023-24
0022300347,2023-12-17,PHX vs. WAS,PHX,WAS,2023-24
0022300333,2023-12-15,PHX vs. NYK,PHX,NYK,2023-24
0022301203,2023-12-05,PHX @ LAL,LAL,PHX,2023-24
0022300279,2023-12-01,PHX vs. DEN,PHX,DEN,2023-24
0022300236,2023-11-22,PHX vs. GSW,PHX,GSW,2023-24
0022300041,2023-11-21,PHX vs. POR,PHX,POR,2023-24
0022300185,2023-11-12,PHX vs. OKC,PHX,OKC,2023-24
0022300015,2023-11-10,PHX vs. LAL,PHX,LAL,2023-24
0022300162,2023-11-08,PHX @ CHI,CHI,PHX,2023-24
0022300140,2023-11-05,PHX @ DET,DET,PHX,2023-24
0022300132,2023-11-04,PHX @ PHI,PHI,PHX,2023-24
0022300131,2023-11-02,PHX vs. SAS,PHX,SAS,2023-24
0022300113,2023-10-31,PHX vs. SAS,PHX,SAS,2023-24
0022300076,2023-10-26,PHX @ LAL,LAL,PHX,2023-24
0022300062,2023-10-24,PHX @ GSW,GSW,PHX,2023-24
0022301187,2024-04-14,CLE vs. CHA,CLE,CHA,2023-24
0022301174,2024-04-12,CLE vs. IND,CLE,IND,2023-24
0022301158,2024-04-10,CLE vs. MEM,CLE,MEM,2023-24
0022301132,2024-04-07,CLE @ LAC,LAC,CLE,2023-24
0022301127,2024-04-06,CLE @ LAL,LAL,CLE,2023-24
0022301110,2024-04-03,CLE @ PHX,PHX,CLE,2023-24
0022301100,2024-04-02,CLE @ UTA,UTA,CLE,2023-24
0022301077,2024-03-31,CLE @ DEN,DEN,CLE,2023-24
0022301067,2024-03-29,CLE vs. PHI,CLE,PHI,2023-24
0022301048,2024-03-27,CLE @ CHA,CHA,CLE,2023-24
0022301033,2024-03-25,CLE vs. CHA,CLE,CHA,2023-24
0022300996,2024-03-20,CLE vs. MIA,CLE,MIA,2023-24
0022300983,2024-03-18,CLE @ IND,IND,CLE,2023-24
0022300967,2024-03-16,CLE @ HOU,HOU,CLE,2023-24
0022300951,2024-03-13,CLE @ NOP,NOP,CLE,2023-24
0022300930,2024-03-10,CLE vs. BKN,CLE,BKN,2023-24
0022300895,2024-03-06,CLE @ ATL,ATL,CLE,2023-24
0022300886,2024-03-05,CLE vs. BOS,CLE,BOS,2023-24
0022300857,2024-03-01,CLE @ DET,DET,CLE,2023-24
0022300846,2024-02-28,CLE @ CHI,CHI,CLE,2023-24
0022300832,2024-02-27,CLE vs. DAL,CLE,DAL,2023-24
0022300820,2024-02-25,CLE @ WAS,WAS,CLE,2023-24
0022300805,2024-02-23,CLE @ PHI,PHI,CLE,2023-24
0022300792,2024-02-22,CLE vs. ORL,CLE,ORL,2023-24
0022300781,2024-02-14,CLE vs. CHI,CLE,CHI,2023-24
0022300762,2024-02-12,CLE vs. PHI,CLE,PHI,2023-24
0022300735,2024-02-08,CLE @ BKN,BKN,CLE,2023-24
0022300728,2024-02-07,CLE @ WAS,WAS,CLE,2023-24
0022300714,2024-02-05,CLE vs. SAC,CLE,SAC,2023-24
0022300703,2024-02-03,CLE @ SAS,SAS,CLE,2023-24
0022300675,2024-01-31,CLE vs. DET,CLE,DET,2023-24
0022300658,2024-01-29,CLE vs. LAC,CLE,LAC,2023-24
0022300639,2024-01-26,CLE @ MIL,MIL,CLE,2023-24
0022300624,2024-01-24,CLE @ MIL,MIL,CLE,2023-24
0022300607,2024-01-22,CLE @ ORL,ORL,CLE,2023-24
0022300595,2024-01-20,CLE @ ATL,ATL,CLE,2023-24
0022300572,2024-01-17,CLE vs. MIL,CLE,MIL,2023-24
0022300561,2024-01-15,CLE vs. CHI,CLE,CHI,2023-24
0022300527,2024-01-11,CLE vs. BKN,CLE,BKN,2023-24
0022300497,2024-01-07,CLE vs. SAS,CLE,SAS,2023-24
0022300482,2024-01-05,CLE vs. WAS,CLE,WAS,2023-24
0022300465,2024-01-03,CLE vs. WAS,CLE,WAS,2023-24
0022300452,2024-01-01,CLE @ TOR,TOR,CLE,2023-24
0022300433,2023-12-29,CLE vs. MIL,CLE,MIL,2023-24
0022300420,2023-12-27,CLE @ DAL,DAL,CLE,2023-24
0022300396,2023-12-23,CLE @ CHI,CHI,CLE,2023-24
0022300375,2023-12-21,CLE vs. NOP,CLE,NOP,2023-24
0022300349,2023-12-18,CLE vs. HOU,CLE,HOU,2023-24
0022300336,2023-12-16,CLE vs. ATL,CLE,ATL,2023-24
0022300319,2023-12-14,CLE @ BOS,BOS,CLE,2023-24
0022300305,2023-12-12,CLE @ BOS,BOS,CLE,2023-24
0022300294,2023-12-11,CLE @ ORL,ORL,CLE,2023-24
0022301220,2023-12-08,CLE @ MIA,MIA,CLE,2023-24
0022301205,2023-12-06,CLE vs. ORL,CLE,ORL,2023-24
0022300283,2023-12-02,CLE @ DET,DET,CLE,2023-24
0022300265,2023-11-30,CLE vs. POR,CLE,POR,2023-24
0022300055,2023-11-28,CLE vs. ATL,CLE,ATL,2023-24
0022300242,2023-11-25,CLE vs. LAL,CLE,LAL,2023-24
0022300229,2023-11-22,CLE vs. MIA,CLE,MIA,2023-24
0022300040,2023-11-21,CLE @ PHI,PHI,CLE,2023-24
0022300210,2023-11-19,CLE vs. DEN,CLE,DEN,2023-24
0022300030,2023-11-17,CLE vs. DET,CLE,DET,2023-24
0022300199,2023-11-15,CLE @ POR,POR,CLE,2023-24
0022300191,2023-11-13,CLE @ SAC,SAC,CLE,2023-24
0022300176,2023-11-11,CLE @ GSW,GSW,CLE,2023-24
0022300167,2023-11-08,CLE @ OKC,OKC,CLE,2023-24
0022300142,2023-11-05,CLE vs. GSW,CLE,GSW,2023-24
0022300001,2023-11-03,CLE @ IND,IND,CLE,2023-24
0022301195,2024-04-14,NOP vs. LAL,NOP,LAL,2023-24
0022301182,2024-04-12,NOP @ GSW,GSW,NOP,2023-24
0022301170,2024-04-11,NOP @ SAC,SAC,NOP,2023-24
0022301157,2024-04-09,NOP @ POR,POR,NOP,2023-24
0022301046,2024-03-26,NOP vs. OKC,NOP,OKC,2023-24
0022301027,2024-03-24,NOP @ DET,DET,NOP,2023-24
0022301004,2024-03-21,NOP @ ORL,ORL,NOP,2023-24
0022300993,2024-03-19,NOP @ BKN,BKN,NOP,2023-24
0022300970,2024-03-16,NOP vs. POR,NOP,POR,2023-24
0022300964,2024-03-15,NOP vs. LAC,NOP,LAC,2023-24
0022300925,2024-03-10,NOP @ ATL,ATL,NOP,2023-24
0022300909,2024-03-08,NOP @ PHI,PHI,NOP,2023-24
0022300863,2024-03-01,NOP vs. IND,NOP,IND,2023-24
0022300798,2024-02-22,NOP vs. HOU,NOP,HOU,2023-24
0022300784,2024-02-14,NOP vs. WAS,NOP,WAS,2023-24
0022300758,2024-02-10,NOP @ POR,POR,NOP,2023-24
0022300747,2024-02-09,NOP @ LAL,LAL,NOP,2023-24
0022300731,2024-02-07,NOP @ LAC,LAC,NOP,2023-24
0022300718,2024-02-05,NOP vs. TOR,NOP,TOR,2023-24
0022300696,2024-02-02,NOP @ SAS,SAS,NOP,2023-24
0022300679,2024-01-31,NOP @ HOU,HOU,NOP,2023-24
0022300648,2024-01-27,NOP @ MIL,MIL,NOP,2023-24
0022300640,2024-01-26,NOP vs. OKC,NOP,OKC,2023-24
0022300575,2024-01-17,NOP vs. CHA,NOP,CHA,2023-24
0022300547,2024-01-13,NOP @ DAL,DAL,NOP,2023-24
0022300539,2024-01-12,NOP @ DEN,DEN,NOP,2023-24
0022300486,2024-01-05,NOP vs. LAC,NOP,LAC,2023-24
0022300461,2024-01-02,NOP vs. BKN,NOP,BKN,2023-24
0022300446,2023-12-31,NOP vs. LAL,NOP,LAL,2023-24
0022300392,2023-12-23,NOP vs. HOU,NOP,HOU,2023-24
0022300345,2023-12-17,NOP @ SAS,SAS,NOP,2023-24
0022300326,2023-12-15,NOP @ CHA,CHA,NOP,2023-24
0022300311,2023-12-13,NOP @ WAS,WAS,NOP,2023-24
0022301230,2023-12-07,NOP @ LAL,LAL,NOP,2023-24
0022301204,2023-12-04,NOP @ SAC,SAC,NOP,2023-24
0022300285,2023-12-02,NOP @ CHI,CHI,NOP,2023-24
0022300262,2023-11-29,NOP vs. PHI,NOP,PHI,2023-24
0022300052,2023-11-24,NOP @ LAC,LAC,NOP,2023-24
0022300233,2023-11-22,NOP vs. SAC,NOP,SAC,2023-24
0022300222,2023-11-20,NOP vs. SAC,NOP,SAC,2023-24
0022301148,2024-04-09,MIL vs. BOS,MIL,BOS,2023-24
0022301107,2024-04-03,MIL vs. MEM,MIL,MEM,2023-24
0022301095,2024-04-02,MIL @ WAS,WAS,MIL,2023-24
0022301076,2024-03-30,MIL @ ATL,ATL,MIL,2023-24
0022301061,2024-03-28,MIL @ NOP,NOP,MIL,2023-24
0022301045,2024-03-26,MIL vs. LAL,MIL,LAL,2023-24
0022301030,2024-03-24,MIL vs. OKC,MIL,OKC,2023-24
0022301007,2024-03-21,MIL vs. BKN,MIL,BKN,2023-24
0022300958,2024-03-14,MIL vs. PHI,MIL,PHI,2023-24
0022300945,2024-03-12,MIL @ SAC,SAC,MIL,2023-24
0022300924,2024-03-10,MIL @ LAC,LAC,MIL,2023-24
0022300915,2024-03-08,MIL @ LAL,LAL,MIL,2023-24
0022300899,2024-03-06,MIL @ GSW,GSW,MIL,2023-24
0022300864,2024-03-01,MIL @ CHI,CHI,MIL,2023-24
0022300849,2024-02-29,MIL @ CHA,CHA,MIL,2023-24
0022300840,2024-02-27,MIL vs. CHA,MIL,CHA,2023-24
0022300817,2024-02-25,MIL @ PHI,PHI,MIL,2023-24
0022300767,2024-02-12,MIL vs. DEN,MIL,DEN,2023-24
0022300745,2024-02-09,MIL vs. CHA,MIL,CHA,2023-24
0022300702,2024-02-03,MIL @ DAL,DAL,MIL,2023-24
0022300683,2024-01-31,MIL @ POR,POR,MIL,2023-24
0022300667,2024-01-29,MIL @ DEN,DEN,MIL,2023-24
0022300606,2024-01-22,MIL @ DET,DET,MIL,2023-24
0022300592,2024-01-20,MIL @ DET,DET,MIL,2023-24
0022300552,2024-01-14,MIL vs. SAC,MIL,SAC,2023-24
0022300545,2024-01-13,MIL vs. GSW,MIL,GSW,2023-24
0022300528,2024-01-11,MIL vs. BOS,MIL,BOS,2023-24
0022300496,2024-01-06,MIL @ HOU,HOU,MIL,2023-24
0022300477,2024-01-04,MIL @ SAS,SAS,MIL,2023-24
0022300466,2024-01-03,MIL @ IND,IND,MIL,2023-24
0022300454,2024-01-01,MIL vs. IND,MIL,IND,2023-24
0022300417,2023-12-27,MIL @ BKN,BKN,MIL,2023-24
0022300401,2023-12-25,MIL @ NYK,NYK,MIL,2023-24
0022300388,2023-12-23,MIL @ NYK,NYK,MIL,2023-24
0022300378,2023-12-21,MIL vs. ORL,MIL,ORL,2023-24
0022300361,2023-12-19,MIL vs. SAS,MIL,SAS,2023-24
0022300346,2023-12-17,MIL vs. HOU,MIL,HOU,2023-24
0022300334,2023-12-16,MIL vs. DET,MIL,DET,2023-24
0022300315,2023-12-13,MIL vs. IND,MIL,IND,2023-24
0022300300,2023-12-11,MIL vs. CHI,MIL,CHI,2023-24
0022301229,2023-12-07,MIL vs. IND,MIL,IND,2023-24
0022301201,2023-12-05,MIL vs. NYK,MIL,NYK,2023-24
0022300286,2023-12-02,MIL vs. ATL,MIL,ATL,2023-24
0022300269,2023-11-30,MIL @ CHI,CHI,MIL,2023-24
0022300245,2023-11-26,MIL vs. POR,MIL,POR,2023-24
0022300049,2023-11-24,MIL vs. WAS,MIL,WAS,2023-24
0022300228,2023-11-22,MIL @ BOS,BOS,MIL,2023-24
0022300219,2023-11-20,MIL @ WAS,WAS,MIL,2023-24
0022300205,2023-11-18,MIL vs. DAL,MIL,DAL,2023-24
0022300027,2023-11-17,MIL @ CHA,CHA,MIL,2023-24
0022300190,2023-11-13,MIL vs. CHI,MIL,CHI,2023-24
0022300173,2023-11-11,MIL @ ORL,ORL,MIL,2023-24
0022300171,2023-11-09,MIL @ IND,IND,MIL,2023-24
0022300165,2023-11-08,MIL vs. DET,MIL,DET,2023-24
0022300149,2023-11-06,MIL @ BKN,BKN,MIL,2023-24
0022300002,2023-11-03,MIL vs. NYK,MIL,NYK,2023-24
0022300116,2023-11-01,MIL @ TOR,TOR,MIL,2023-24
0022300107,2023-10-30,MIL vs. MIA,MIL,MIA,2023-24
0022300097,2023-10-29,MIL vs. ATL,MIL,ATL,2023-24
0022300075,2023-10-26,MIL vs. PHI,MIL,PHI,2023-24
0022301191,2024-04-14,ORL vs. MIL,ORL,MIL,2023-24
0022301171,2024-04-12,ORL @ PHI,PHI,ORL,2023-24
0022301162,2024-04-10,ORL @ MIL,MIL,ORL,2023-24
0022301150,2024-04-09,ORL @ HOU,HOU,ORL,2023-24
0022301136,2024-04-07,ORL vs. CHI,ORL,CHI,2023-24
0022301115,2024-04-05,ORL @ CHA,CHA,ORL,2023-24
0022301109,2024-04-03,ORL @ NOP,NOP,ORL,2023-24
0022301090,2024-04-01,ORL vs. POR,ORL,POR,2023-24
0022301075,2024-03-30,ORL vs. MEM,ORL,MEM,2023-24
0022301064,2024-03-29,ORL vs. LAC,ORL,LAC,2023-24
0022301049,2024-03-27,ORL vs. GSW,ORL,GSW,2023-24
0022301020,2024-03-23,ORL vs. SAC,ORL,SAC,2023-24
0022300991,2024-03-19,ORL vs. CHA,ORL,CHA,2023-24
0022300947,2024-03-13,ORL vs. BKN,ORL,BKN,2023-24
0022300928,2024-03-10,ORL vs. IND,ORL,IND,2023-24
0022300894,2024-03-06,ORL @ WAS,WAS,ORL,2023-24
0022300885,2024-03-05,ORL @ CHA,CHA,ORL,2023-24
0022300874,2024-03-03,ORL vs. DET,ORL,DET,2023-24
0022300850,2024-02-29,ORL vs. UTA,ORL,UTA,2023-24
0022300833,2024-02-27,ORL vs. BKN,ORL,BKN,2023-24
0022300821,2024-02-25,ORL @ ATL,ATL,ORL,2023-24
0022300814,2024-02-24,ORL @ DET,DET,ORL,2023-24
0022300772,2024-02-13,ORL vs. OKC,ORL,OKC,2023-24
0022300752,2024-02-10,ORL vs. CHI,ORL,CHI,2023-24
0022300734,2024-02-08,ORL vs. SAS,ORL,SAS,2023-24
0022300704,2024-02-04,ORL @ DET,DET,ORL,2023-24
0022300681,2024-01-31,ORL @ SAS,SAS,ORL,2023-24
0022300666,2024-01-29,ORL @ DAL,DAL,ORL,2023-24
0022300585,2024-01-19,ORL vs. PHI,ORL,PHI,2023-24
0022300570,2024-01-17,ORL @ ATL,ATL,ORL,2023-24
0022300546,2024-01-13,ORL @ OKC,OKC,ORL,2023-24
0022300499,2024-01-07,ORL vs. ATL,ORL,ATL,2023-24
0022300488,2024-01-05,ORL @ DEN,DEN,ORL,2023-24
0022300463,2024-01-02,ORL @ GSW,GSW,ORL,2023-24
0022300429,2023-12-29,ORL vs. NYK,ORL,NYK,2023-24
0022300415,2023-12-27,ORL vs. PHI,ORL,PHI,2023-24
0022300407,2023-12-26,ORL @ WAS,WAS,ORL,2023-24
0022300391,2023-12-23,ORL @ IND,IND,ORL,2023-24
0022300344,2023-12-17,ORL @ BOS,BOS,ORL,2023-24
0022300329,2023-12-15,ORL @ BOS,BOS,ORL,2023-24
0022301217,2023-12-08,ORL vs. DET,ORL,DET,2023-24
0022300282,2023-12-02,ORL @ BKN,BKN,ORL,2023-24
0022300274,2023-12-01,ORL vs. WAS,ORL,WAS,2023-24
0022300259,2023-11-29,ORL vs. WAS,ORL,WAS,2023-24
0022300248,2023-11-26,ORL vs. CHA,ORL,CHA,2023-24
0022300043,2023-11-24,ORL vs. BOS,ORL,BOS,2023-24
0022300226,2023-11-22,ORL vs. DEN,ORL,DEN,2023-24
0022300209,2023-11-19,ORL @ IND,IND,ORL,2023-24
0022300033,2023-11-17,ORL @ CHI,CHI,ORL,2023-24
0022300196,2023-11-15,ORL @ CHI,CHI,ORL,2023-24
0022300020,2023-11-14,ORL @ BKN,BKN,ORL,2023-24
0022300172,2023-11-09,ORL vs. ATL,ORL,ATL,2023-24
0022300147,2023-11-06,ORL vs. DAL,ORL,DAL,2023-24
0022300134,2023-11-04,ORL vs. LAL,ORL,LAL,2023-24
0022300114,2023-10-31,ORL @ LAC,LAC,ORL,2023-24
0022300111,2023-10-30,ORL @ LAL,LAL,ORL,2023-24
0022300086,2023-10-27,ORL @ POR,POR,ORL,2023-24
0022300066,2023-10-25,ORL vs. HOU,ORL,HOU,2023-24
0022301149,2024-04-09,NYK @ CHI,CHI,NYK,2023-24
0022300230,2023-11-22,TOR @ IND,IND,TOR,2023-24
0022300168,2023-11-08,TOR @ DAL,DAL,TOR,2023-24
0022300141,2023-11-05,TOR @ SAS,SAS,TOR,2023-24
0022300128,2023-11-02,TOR @ PHI,PHI,TOR,2023-24
0022300105,2023-10-30,TOR vs. POR,TOR,POR,2023-24
0022301186,2024-04-14,WAS @ BOS,BOS,WAS,2023-24
0022301172,2024-04-12,WAS vs. CHI,WAS,CHI,2023-24
0022301117,2024-04-05,WAS vs. POR,WAS,POR,2023-24
0022301103,2024-04-03,WAS vs. LAL,WAS,LAL,2023-24
0022301065,2024-03-29,WAS vs. DET,WAS,DET,2023-24
0022301050,2024-03-27,WAS vs. BKN,WAS,BKN,2023-24
0022301005,2024-03-21,WAS vs. SAC,WAS,SAC,2023-24
0022300957,2024-03-14,WAS @ HOU,HOU,WAS,2023-24
0022300910,2024-03-08,WAS vs. CHA,WAS,CHA,2023-24
0022300882,2024-03-04,WAS @ UTA,UTA,WAS,2023-24
0022300865,2024-03-01,WAS @ LAC,LAC,WAS,2023-24
0022300856,2024-02-29,WAS @ LAL,LAL,WAS,2023-24
0022300800,2024-02-22,WAS @ DEN,DEN,WAS,2023-24
0022300768,2024-02-12,WAS @ DAL,DAL,WAS,2023-24
0022300753,2024-02-10,WAS vs. PHI,WAS,PHI,2023-24
0022300743,2024-02-09,WAS @ BOS,BOS,WAS,2023-24
0022300676,2024-01-31,WAS vs. LAC,WAS,LAC,2023-24
0022300665,2024-01-29,WAS @ SAS,SAS,WAS,2023-24
0022300642,2024-01-27,WAS @ DET,DET,WAS,2023-24
0022300602,2024-01-21,WAS vs. DEN,WAS,DEN,2023-24
0022300594,2024-01-20,WAS vs. SAS,WAS,SAS,2023-24
0022300558,2024-01-15,WAS vs. DET,WAS,DET,2023-24
0022300543,2024-01-13,WAS @ ATL,ATL,WAS,2023-24
0022300520,2024-01-10,WAS @ IND,IND,WAS,2023-24
0022300508,2024-01-08,WAS vs. OKC,WAS,OKC,2023-24
0022300445,2023-12-31,WAS vs. ATL,WAS,ATL,2023-24
0022300430,2023-12-29,WAS vs. BKN,WAS,BKN,2023-24
0022300386,2023-12-22,WAS @ GSW,GSW,WAS,2023-24
0022300381,2023-12-21,WAS @ POR,POR,WAS,2023-24
0022300358,2023-12-18,WAS @ SAC,SAC,WAS,2023-24
0022300328,2023-12-15,WAS vs. IND,WAS,IND,2023-24
0022300295,2023-12-11,WAS @ PHI,PHI,WAS,2023-24
0022301219,2023-12-08,WAS @ BKN,BKN,WAS,2023-24
0022301208,2023-12-06,WAS vs. PHI,WAS,PHI,2023-24
0022300253,2023-11-27,WAS @ DET,DET,WAS,2023-24
0022300241,2023-11-25,WAS vs. ATL,WAS,ATL,2023-24
0022300225,2023-11-22,WAS @ CHA,CHA,WAS,2023-24
0022300028,2023-11-17,WAS vs. NYK,WAS,NYK,2023-24
0022300192,2023-11-15,WAS vs. DAL,WAS,DAL,2023-24
0022300178,2023-11-12,WAS @ BKN,BKN,WAS,2023-24
0022300009,2023-11-10,WAS vs. CHA,WAS,CHA,2023-24
0022300157,2023-11-08,WAS @ CHA,CHA,WAS,2023-24
0022300148,2023-11-06,WAS @ PHI,PHI,WAS,2023-24
0022300117,2023-11-01,WAS @ ATL,ATL,WAS,2023-24
0022300103,2023-10-30,WAS vs. BOS,WAS,BOS,2023-24
0022300089,2023-10-28,WAS vs. MEM,WAS,MEM,2023-24
0022300064,2023-10-25,WAS @ IND,IND,WAS,2023-24
0022301183,2024-04-12,POR vs. HOU,POR,HOU,2023-24
0022301169,2024-04-11,POR vs. GSW,POR,GSW,2023-24
0022301134,2024-04-07,POR @ BOS,BOS,POR,2023-24
0022301102,2024-04-03,POR @ CHA,CHA,POR,2023-24
0022301003,2024-03-20,POR vs. LAC,POR,LAC,2023-24
0022300986,2024-03-18,POR @ CHI,CHI,POR,2023-24
0022300953,2024-03-13,POR vs. ATL,POR,ATL,2023-24
0022300938,2024-03-11,POR vs. BOS,POR,BOS,2023-24
0022300826,2024-02-25,POR vs. CHA,POR,CHA,2023-24
0022300812,2024-02-23,POR vs. DEN,POR,DEN,2023-24
0022300712,2024-02-04,POR @ DEN,DEN,POR,2023-24
0022300697,2024-02-02,POR @ DEN,DEN,POR,2023-24
0022300668,2024-01-29,POR vs. PHI,POR,PHI,2023-24
0022300656,2024-01-28,POR vs. CHI,POR,CHI,2023-24
0022300641,2024-01-26,POR @ SAS,SAS,POR,2023-24
0022300623,2024-01-24,POR @ HOU,HOU,POR,2023-24
0022300617,2024-01-23,POR @ OKC,OKC,POR,2023-24
0022300605,2024-01-21,POR @ LAL,LAL,POR,2023-24
0022300590,2024-01-19,POR vs. IND,POR,IND,2023-24
0022300399,2023-12-23,POR @ GSW,GSW,POR,2023-24
0022300348,2023-12-17,POR vs. GSW,POR,GSW,2023-24
0022300341,2023-12-16,POR vs. DAL,POR,DAL,2023-24
0022300254,2023-11-27,POR @ IND,IND,POR,2023-24
0022300215,2023-11-19,POR vs. OKC,POR,OKC,2023-24
0022300036,2023-11-17,POR vs. LAL,POR,LAL,2023-24
0022300187,2023-11-12,POR @ LAL,LAL,POR,2023-24
0022300170,2023-11-08,POR @ SAC,SAC,POR,2023-24
0022300007,2023-11-03,POR vs. MEM,POR,MEM,2023-24
0022300115,2023-11-01,POR @ DET,DET,POR,2023-24
0022300098,2023-10-29,POR @ PHI,PHI,POR,2023-24
0022300074,2023-10-25,POR @ LAC,LAC,POR,2023-24
0022301037,2024-03-25,WAS @ CHI,CHI,WAS,2023-24
0022300834,2024-02-27,WAS vs. GSW,WAS,GSW,2023-24
0022300809,2024-02-23,WAS @ OKC,OKC,WAS,2023-24
0022300534,2024-01-12,DET vs. HOU,DET,HOU,2023-24
0022300453,2024-01-01,DET @ HOU,HOU,DET,2023-24
0022300394,2023-12-23,DET @ BKN,BKN,DET,2023-24
0022300352,2023-12-18,DET @ ATL,ATL,DET,2023-24
0022300268,2023-11-30,DET @ NYK,NYK,DET,2023-24
0022300258,2023-11-29,DET vs. LAL,DET,LAL,2023-24
0022300047,2023-11-24,DET @ IND,IND,DET,2023-24
0022300218,2023-11-20,DET vs. DEN,DET,DEN,2023-24
0022300018,2023-11-14,DET vs. ATL,DET,ATL,2023-24
0022300181,2023-11-12,DET @ CHI,CHI,DET,2023-24
0022300008,2023-11-10,DET vs. PHI,DET,PHI,2023-24
0022300145,2023-11-06,DET vs. GSW,DET,GSW,2023-24
0022300129,2023-11-02,DET @ NOP,NOP,DET,2023-24
0022300109,2023-10-30,DET @ OKC,OKC,DET,2023-24
0022300088,2023-10-28,DET vs. CHI,DET,CHI,2023-24
0022300077,2023-10-27,DET @ CHA,CHA,DET,2023-24
0022300992,2024-03-19,WAS vs. HOU,WAS,HOU,2023-24
0022300980,2024-03-17,WAS vs. BOS,WAS,BOS,2023-24
0022300971,2024-03-16,WAS @ CHI,CHI,WAS,2023-24
0022300635,2024-01-26,CHA vs. HOU,CHA,HOU,2023-24
0022300619,2024-01-24,CHA @ DET,DET,CHA,2023-24
0022300584,2024-01-19,CHA vs. SAS,CHA,SAS,2023-24
0022300541,2024-01-12,CHA @ SAS,SAS,CHA,2023-24
0022300217,2023-11-20,CHA vs. BOS,CHA,BOS,2023-24
0022300202,2023-11-18,CHA vs. NYK,CHA,NYK,2023-24
0022300177,2023-11-12,CHA @ NYK,NYK,CHA,2023-24
0022300143,2023-11-05,CHA @ DAL,DAL,CHA,2023-24
0022300133,2023-11-04,CHA @ IND,IND,CHA,2023-24
0022300122,2023-11-01,CHA @ HOU,HOU,CHA,2023-24
0022300101,2023-10-30,CHA vs. BKN,CHA,BKN,2023-24
0022300063,2023-10-25,CHA vs. ATL,CHA,ATL,2023-24
0022301192,2024-04-14,PHI vs. BKN,PHI,BKN,2023-24
0022301145,2024-04-09,PHI vs. DET,PHI,DET,2023-24
0022301140,2024-04-07,PHI @ SAS,SAS,PHI,2023-24
0022301080,2024-03-31,PHI @ TOR,TOR,PHI,2023-24
0022301052,2024-03-27,PHI vs. LAC,PHI,LAC,2023-24
0022301042,2024-03-25,PHI @ SAC,SAC,PHI,2023-24
0022301028,2024-03-24,PHI @ LAC,LAC,PHI,2023-24
0022301018,2024-03-22,PHI @ LAL,LAL,PHI,2023-24
0022300969,2024-03-16,PHI vs. CHA,PHI,CHA,2023-24
0022300887,2024-03-05,PHI @ BKN,BKN,PHI,2023-24
0022300871,2024-03-03,PHI @ DAL,DAL,PHI,2023-24
0022300858,2024-03-01,PHI vs. CHA,PHI,CHA,2023-24
0022300836,2024-02-27,PHI @ BOS,BOS,PHI,2023-24
0022300742,2024-02-09,PHI vs. ATL,PHI,ATL,2023-24
0022300727,2024-02-07,PHI vs. GSW,PHI,GSW,2023-24
0022300715,2024-02-05,PHI vs. DAL,PHI,DAL,2023-24
0022300698,2024-02-03,PHI vs. BKN,PHI,BKN,2023-24
0022300532,2024-01-12,PHI vs. SAC,PHI,SAC,2023-24
0022300521,2024-01-10,PHI @ ATL,ATL,PHI,2023-24
0022300459,2024-01-02,PHI vs. CHI,PHI,CHI,2023-24
0022300442,2023-12-30,PHI @ CHI,CHI,PHI,2023-24
0022300434,2023-12-29,PHI @ HOU,HOU,PHI,2023-24
0022300335,2023-12-16,PHI @ CHA,CHA,PHI,2023-24
0022300327,2023-12-15,PHI vs. DET,PHI,DET,2023-24
0022300310,2023-12-13,PHI @ DET,DET,PHI,2023-24
0022301218,2023-12-08,PHI vs. ATL,PHI,ATL,2023-24
0022300275,2023-12-01,PHI @ BOS,BOS,PHI,2023-24
0022300255,2023-11-27,PHI vs. LAL,PHI,LAL,2023-24
0022300208,2023-11-19,PHI @ BKN,BKN,PHI,2023-24
0022300476,2024-01-03,ORL @ SAC,SAC,ORL,2023-24
0022300537,2024-01-12,MEM vs. LAC,MEM,LAC,2023-24
0022300515,2024-01-09,MEM @ DAL,DAL,MEM,2023-24
0022300425,2023-12-28,MEM @ DEN,DEN,MEM,2023-24
0022300106,2023-10-30,MEM vs. DAL,MEM,DAL,2023-24
0022300078,2023-10-27,MEM vs. DEN,MEM,DEN,2023-24
0022300071,2023-10-25,MEM vs. NOP,MEM,NOP,2023-24
0022301200,2024-04-14,POR @ SAC,SAC,POR,2023-24
0022301051,2024-03-27,POR @ ATL,ATL,POR,2023-24
0022301038,2024-03-25,POR @ HOU,HOU,POR,2023-24
0022301026,2024-03-23,POR vs. DEN,POR,DEN,2023-24
0022301017,2024-03-22,POR vs. LAC,POR,LAC,2023-24
0022300916,2024-03-08,POR vs. HOU,POR,HOU,2023-24
0022300900,2024-03-06,POR vs. OKC,POR,OKC,2023-24
0022300706,2024-02-04,BOS vs. MEM,BOS,MEM,2023-24
0022300684,2024-02-01,BOS vs. LAL,BOS,LAL,2023-24
0022300646,2024-01-27,BOS vs. LAC,BOS,LAC,2023-24
0022300571,2024-01-17,BOS vs. SAS,BOS,SAS,2023-24
0022300507,2024-01-08,BOS @ IND,IND,BOS,2023-24
0022300493,2024-01-06,BOS @ IND,IND,BOS,2023-24
0022300448,2023-12-31,BOS @ SAS,SAS,BOS,2023-24
0022300389,2023-12-23,BOS @ LAC,LAC,BOS,2023-24
0022301227,2023-12-08,BOS vs. NYK,BOS,NYK,2023-24
0022301202,2023-12-04,BOS @ IND,IND,BOS,2023-24
0022300053,2023-11-28,BOS vs. CHI,BOS,CHI,2023-24
0022300246,2023-11-26,BOS vs. ATL,BOS,ATL,2023-24
0022300194,2023-11-15,BOS @ PHI,PHI,BOS,2023-24
0022300010,2023-11-10,BOS vs. BKN,BOS,BKN,2023-24
0022300118,2023-11-01,BOS vs. IND,BOS,IND,2023-24
0022301058,2024-03-27,SAS @ UTA,UTA,SAS,2023-24
0022300994,2024-03-19,SAS vs. DAL,SAS,DAL,2023-24
0022300965,2024-03-15,SAS vs. DEN,SAS,DEN,2023-24
0022300942,2024-03-12,SAS vs. HOU,SAS,HOU,2023-24
0022300936,2024-03-11,SAS vs. GSW,SAS,GSW,2023-24
0022300921,2024-03-09,SAS @ GSW,GSW,SAS,2023-24
0022300908,2024-03-07,SAS @ SAC,SAC,SAS,2023-24
0022300877,2024-03-03,SAS vs. IND,SAS,IND,2023-24
0022300750,2024-02-10,SAS @ BKN,BKN,SAS,2023-24
0022300559,2024-01-15,SAS @ ATL,ATL,SAS,2023-24
0022300548,2024-01-13,SAS vs. CHI,SAS,CHI,2023-24
0022300519,2024-01-10,SAS @ DET,DET,SAS,2023-24
0022300437,2023-12-29,SAS @ POR,POR,SAS,2023-24
0022300278,2023-12-01,SAS @ NOP,NOP,SAS,2023-24
0022300235,2023-11-22,SAS vs. LAC,SAS,LAC,2023-24
0022300021,2023-11-14,SAS @ OKC,OKC,SAS,2023-24
0022300161,2023-11-08,SAS @ NYK,NYK,SAS,2023-24
0022300146,2023-11-06,SAS @ IND,IND,SAS,2023-24
0022300099,2023-10-29,SAS @ LAC,LAC,SAS,2023-24
0022301153,2024-04-09,SAC @ OKC,OKC,SAC,2023-24
0022301141,2024-04-07,SAC @ BKN,BKN,SAC,2023-24
0022301118,2024-04-05,SAC @ BOS,BOS,SAC,2023-24
0022301101,2024-04-02,SAC vs. LAC,SAC,LAC,2023-24
0022301086,2024-03-31,SAC vs. UTA,SAC,UTA,2023-24
0022301073,2024-03-29,SAC vs. DAL,SAC,DAL,2023-24
0022301047,2024-03-26,SAC vs. DAL,SAC,DAL,2023-24
0022300954,2024-03-13,SAC vs. LAL,SAC,LAL,2023-24
0022300929,2024-03-10,SAC vs. HOU,SAC,HOU,2023-24
0022300901,2024-03-06,SAC @ LAL,LAL,SAC,2023-24
0022300883,2024-03-04,SAC vs. CHI,SAC,CHI,2023-24
0022300847,2024-02-28,SAC @ DEN,DEN,SAC,2023-24
0022300827,2024-02-25,SAC @ LAC,LAC,SAC,2023-24
0022300803,2024-02-22,SAC vs. SAS,SAC,SAS,2023-24
0022300786,2024-02-14,SAC @ DEN,DEN,SAC,2023-24
0022300760,2024-02-11,SAC @ OKC,OKC,SAC,2023-24
0022300746,2024-02-09,SAC vs. DEN,SAC,DEN,2023-24
0022300732,2024-02-07,SAC vs. DET,SAC,DET,2023-24
0022300700,2024-02-03,SAC @ CHI,CHI,SAC,2023-24
0022300691,2024-02-02,SAC @ IND,IND,SAC,2023-24
0022300651,2024-01-27,SAC @ DAL,DAL,SAC,2023-24
0022300632,2024-01-25,SAC @ GSW,GSW,SAC,2023-24
0022300613,2024-01-22,SAC vs. ATL,SAC,ATL,2023-24
0022300583,2024-01-18,SAC vs. IND,SAC,IND,2023-24
0022300518,2024-01-10,SAC @ CHA,CHA,SAC,2023-24
0022300512,2024-01-09,SAC @ DET,DET,SAC,2023-24
0022300500,2024-01-07,SAC vs. NOP,SAC,NOP,2023-24
0022300492,2024-01-05,SAC vs. TOR,SAC,TOR,2023-24
0022300464,2024-01-02,SAC vs. CHA,SAC,CHA,2023-24
0022300431,2023-12-29,SAC @ ATL,ATL,SAC,2023-24
0022300413,2023-12-26,SAC @ POR,POR,SAC,2023-24
0022300373,2023-12-20,SAC vs. BOS,SAC,BOS,2023-24
0022300324,2023-12-14,SAC vs. OKC,SAC,OKC,2023-24
0022300309,2023-12-12,SAC @ LAC,LAC,SAC,2023-24
0022300303,2023-12-11,SAC vs. BKN,SAC,BKN,2023-24
0022301228,2023-12-08,SAC @ PHX,PHX,SAC,2023-24
0022300290,2023-12-02,SAC vs. DEN,SAC,DEN,2023-24
0022300264,2023-11-29,SAC vs. LAC,SAC,LAC,2023-24
0022300060,2023-11-28,SAC vs. GSW,SAC,GSW,2023-24
0022300212,2023-11-19,SAC @ DAL,DAL,SAC,2023-24
0022300032,2023-11-17,SAC @ SAS,SAS,SAC,2023-24
0022300198,2023-11-15,SAC @ LAL,LAL,SAC,2023-24
0022300016,2023-11-10,SAC vs. OKC,SAC,OKC,2023-24
0022300153,2023-11-06,SAC @ HOU,HOU,SAC,2023-24
0022300137,2023-11-04,SAC @ HOU,HOU,SAC,2023-24
0022300126,2023-11-01,SAC @ GSW,GSW,SAC,2023-24
0022300100,2023-10-29,SAC vs. LAL,SAC,LAL,2023-24
0022300087,2023-10-27,SAC vs. GSW,SAC,GSW,2023-24
0022300744,2024-02-09,TOR vs. HOU,TOR,HOU,2023-24
0022300726,2024-02-07,TOR @ CHA,CHA,TOR,2023-24
0022300710,2024-02-04,TOR @ OKC,OKC,TOR,2023-24
0022300692,2024-02-02,TOR @ HOU,HOU,TOR,2023-24
0022300672,2024-01-30,TOR @ CHI,CHI,TOR,2023-24
0022300653,2024-01-28,TOR @ ATL,ATL,TOR,2023-24
0022300637,2024-01-26,TOR vs. LAC,TOR,LAC,2023-24
0022300580,2024-01-18,TOR vs. CHI,TOR,CHI,2023-24
0022300563,2024-01-15,TOR vs. BOS,TOR,BOS,2023-24
0022300526,2024-01-10,TOR @ LAC,LAC,TOR,2023-24
0022300516,2024-01-09,TOR @ LAL,LAL,TOR,2023-24
0022300504,2024-01-07,TOR @ GSW,GSW,TOR,2023-24
0022300440,2023-12-30,TOR @ DET,DET,TOR,2023-24
0022301094,2024-04-02,TOR vs. LAL,TOR,LAL,2023-24
0022300419,2023-12-27,NYK @ OKC,OKC,NYK,2023-24
0022300368,2023-12-20,NYK @ BKN,BKN,NYK,2023-24
0022300359,2023-12-18,NYK @ LAL,LAL,NYK,2023-24
0022300343,2023-12-16,NYK @ LAC,LAC,NYK,2023-24
0022300057,2023-11-28,NYK vs. CHA,NYK,CHA,2023-24
0022300247,2023-11-26,NYK vs. PHX,NYK,PHX,2023-24
0022300151,2023-11-06,NYK vs. LAC,NYK,LAC,2023-24
0022300112,2023-10-31,NYK @ CLE,CLE,NYK,2023-24
0022300090,2023-10-28,NYK @ NOP,NOP,NYK,2023-24
0022300079,2023-10-27,NYK @ ATL,ATL,NYK,2023-24
0022300065,2023-10-25,NYK vs. BOS,NYK,BOS,2023-24
0022300272,2023-11-30,SAS vs. ATL,SAS,ATL,2023-24
0022300252,2023-11-26,SAS @ DEN,DEN,SAS,2023-24
0022300051,2023-11-24,SAS @ GSW,GSW,SAS,2023-24
0022300223,2023-11-20,SAS vs. LAC,SAS,LAC,2023-24
0022300083,2023-10-27,SAS vs. HOU,SAS,HOU,2023-24
0022300073,2023-10-25,SAS vs. DAL,SAS,DAL,2023-24
0022300091,2023-10-28,CLE vs. IND,CLE,IND,2023-24
0022301129,2024-04-06,PHI @ MEM,MEM,PHI,2023-24
0022301093,2024-04-02,PHI vs. OKC,PHI,OKC,2023-24
0022300644,2024-01-27,PHI @ DEN,DEN,PHI,2023-24
0022300627,2024-01-25,PHI @ IND,IND,PHI,2023-24
0022300608,2024-01-22,PHI vs. SAS,PHI,SAS,2023-24
0022300593,2024-01-20,PHI @ CHA,CHA,PHI,2023-24
0022300566,2024-01-16,PHI vs. DEN,PHI,DEN,2023-24
0022300555,2024-01-15,PHI vs. HOU,PHI,HOU,2023-24
0022300351,2023-12-18,PHI vs. CHI,PHI,CHI,2023-24
0022300239,2023-11-25,PHI @ OKC,OKC,PHI,2023-24
0022300180,2023-11-12,PHI vs. IND,PHI,IND,2023-24
0022300159,2023-11-08,PHI vs. BOS,PHI,BOS,2023-24
0022300677,2024-01-31,PHX @ BKN,BKN,PHX,2023-24
0022300317,2023-12-13,PHX vs. BKN,PHX,BKN,2023-24
0022300308,2023-12-12,PHX vs. GSW,PHX,GSW,2023-24
0022301179,2024-04-12,MIL @ OKC,OKC,MIL,2023-24
0022300998,2024-03-20,MIL @ BOS,BOS,MIL,2023-24
0022300880,2024-03-04,MIL vs. LAC,MIL,LAC,2023-24
0022300866,2024-03-02,ATL @ BKN,BKN,ATL,2023-24
0022300851,2024-02-29,ATL @ BKN,BKN,ATL,2023-24
0022300835,2024-02-27,ATL vs. UTA,ATL,UTA,2023-24
0022300777,2024-02-14,ATL @ CHA,CHA,ATL,2023-24
0022300763,2024-02-12,ATL vs. CHI,ATL,CHI,2023-24
0022300754,2024-02-10,ATL vs. HOU,ATL,HOU,2023-24
0022300729,2024-02-07,ATL @ BOS,BOS,ATL,2023-24
0022300716,2024-02-05,ATL vs. LAC,ATL,LAC,2023-24
0022300669,2024-01-30,ATL vs. LAL,ATL,LAL,2023-24
0022300634,2024-01-26,ATL vs. DAL,ATL,DAL,2023-24
0022300626,2024-01-24,ATL @ GSW,GSW,ATL,2023-24
0022300533,2024-01-12,ATL vs. IND,ATL,IND,2023-24
0022300480,2024-01-05,ATL @ IND,IND,ATL,2023-24
0022300467,2024-01-03,ATL vs. OKC,ATL,OKC,2023-24
0022300408,2023-12-26,ATL @ CHI,CHI,ATL,2023-24
0022300371,2023-12-20,ATL @ HOU,HOU,ATL,2023-24
0022300296,2023-12-11,ATL vs. DEN,ATL,DEN,2023-24
0022301209,2023-12-06,ATL vs. BKN,ATL,BKN,2023-24
0022300227,2023-11-22,ATL vs. BKN,ATL,BKN,2023-24
0022300039,2023-11-21,ATL vs. IND,ATL,IND,2023-24
0022300029,2023-11-17,ATL vs. PHI,ATL,PHI,2023-24
0022300193,2023-11-15,ATL vs. NYK,ATL,NYK,2023-24
0022300155,2023-11-06,ATL @ OKC,OKC,ATL,2023-24
0022300135,2023-11-04,ATL @ NOP,NOP,ATL,2023-24
0022301196,2024-04-14,OKC vs. DAL,OKC,DAL,2023-24
0022301163,2024-04-10,OKC vs. SAS,OKC,SAS,2023-24
0022301105,2024-04-03,OKC @ BOS,BOS,OKC,2023-24
0022300884,2024-03-04,OKC @ LAL,LAL,OKC,2023-24
0022300853,2024-02-29,OKC @ SAS,SAS,OKC,2023-24
0022301188,2024-04-14,ATL @ IND,IND,ATL,2023-24
0022301159,2024-04-10,ATL vs. CHA,ATL,CHA,2023-24
0022301130,2024-04-06,ATL @ DEN,DEN,ATL,2023-24
0022301124,2024-04-04,ATL @ DAL,DAL,ATL,2023-24
0022301104,2024-04-03,ATL vs. DET,ATL,DET,2023-24
0022301091,2024-04-01,ATL @ CHI,CHI,ATL,2023-24
0022301060,2024-03-28,ATL vs. BOS,ATL,BOS,2023-24
0022301034,2024-03-25,ATL vs. BOS,ATL,BOS,2023-24
0022301021,2024-03-23,ATL vs. CHA,ATL,CHA,2023-24
0022300990,2024-03-18,ATL @ LAL,LAL,ATL,2023-24
0022300982,2024-03-17,ATL @ LAC,LAC,ATL,2023-24
0022300699,2024-02-03,ATL vs. GSW,ATL,GSW,2023-24
0022301199,2024-04-14,LAC vs. HOU,LAC,HOU,2023-24
0022301184,2024-04-12,LAC vs. UTA,LAC,UTA,2023-24
0022301126,2024-04-05,LAC vs. UTA,LAC,UTA,2023-24
0022300956,2024-03-14,LAC @ CHI,CHI,LAC,2023-24
0022300799,2024-02-22,LAC @ OKC,OKC,LAC,2023-24
0022300789,2024-02-14,LAC @ GSW,GSW,LAC,2023-24
0022300688,2024-02-02,LAC @ DET,DET,LAC,2023-24
0022300379,2023-12-21,LAC @ OKC,OKC,LAC,2023-24
0022300350,2023-12-18,LAC @ IND,IND,LAC,2023-24
0022301197,2024-04-14,SAS vs. DET,SAS,DET,2023-24
0022301151,2024-04-09,SAS @ MEM,MEM,SAS,2023-24
0022301123,2024-04-05,SAS @ NOP,NOP,SAS,2023-24
0022301099,2024-04-02,SAS @ DEN,DEN,SAS,2023-24
0022301085,2024-03-31,SAS vs. GSW,SAS,GSW,2023-24
0022300981,2024-03-17,SAS vs. BKN,SAS,BKN,2023-24
0022300891,2024-03-05,SAS @ HOU,HOU,SAS,2023-24
0022300825,2024-02-25,SAS @ UTA,UTA,SAS,2023-24
0022300813,2024-02-23,SAS @ LAL,LAL,SAS,2023-24
0022300785,2024-02-14,SAS @ DAL,DAL,SAS,2023-24
0022300622,2024-01-24,SAS vs. OKC,SAS,OKC,2023-24
0022300427,2023-12-28,SAS @ POR,POR,SAS,2023-24
0022300398,2023-12-23,SAS @ DAL,DAL,SAS,2023-24
0022300376,2023-12-21,SAS @ CHI,CHI,SAS,2023-24
0022300331,2023-12-15,SAS vs. LAL,SAS,LAL,2023-24
0022300316,2023-12-13,SAS vs. LAL,SAS,LAL,2023-24
0022300298,2023-12-11,SAS @ HOU,HOU,SAS,2023-24
0022301223,2023-12-08,SAS vs. CHI,SAS,CHI,2023-24
0022301193,2024-04-14,DEN @ MEM,MEM,DEN,2023-24
0022301180,2024-04-12,DEN @ SAS,SAS,DEN,2023-24
0022301154,2024-04-09,DEN @ UTA,UTA,DEN,2023-24
0022301114,2024-04-04,DEN @ LAC,LAC,DEN,2023-24
0022300978,2024-03-17,DEN @ DAL,DAL,DEN,2023-24
0022300922,2024-03-09,DEN vs. UTA,DEN,UTA,2023-24
0022300906,2024-03-07,DEN vs. BOS,DEN,BOS,2023-24
0022300869,2024-03-02,DEN @ LAL,LAL,DEN,2023-24
0022300824,2024-02-25,DEN @ GSW,GSW,DEN,2023-24
0022300740,2024-02-08,DEN @ LAL,LAL,DEN,2023-24
0022300682,2024-01-31,DEN @ OKC,OKC,DEN,2023-24
0022300614,2024-01-23,DEN @ IND,IND,DEN,2023-24
0022300586,2024-01-19,DEN @ BOS,BOS,DEN,2023-24
0022300550,2024-01-14,DEN vs. IND,DEN,IND,2023-24
0022300502,2024-01-07,DEN vs. DET,DEN,DET,2023-24
0022300478,2024-01-04,DEN @ GSW,GSW,DEN,2023-24
0022300455,2024-01-01,DEN vs. CHA,DEN,CHA,2023-24
0022300435,2023-12-29,DEN vs. OKC,DEN,OKC,2023-24
0022300402,2023-12-25,DEN vs. GSW,DEN,GSW,2023-24
0022300390,2023-12-23,DEN @ CHA,CHA,DEN,2023-24
0022300383,2023-12-22,DEN @ BKN,BKN,DEN,2023-24
0022300356,2023-12-18,DEN vs. DAL,DEN,DAL,2023-24
0022300340,2023-12-16,DEN vs. OKC,DEN,OKC,2023-24
0022300322,2023-12-14,DEN vs. BKN,DEN,BKN,2023-24
0022300307,2023-12-12,DEN @ CHI,CHI,DEN,2023-24
0022301224,2023-12-08,DEN vs. HOU,DEN,HOU,2023-24
0022301215,2023-12-06,DEN @ LAC,LAC,DEN,2023-24
0022300263,2023-11-29,DEN vs. HOU,DEN,HOU,2023-24
0022300257,2023-11-27,DEN @ LAC,LAC,DEN,2023-24
0022300048,2023-11-24,DEN @ HOU,HOU,DEN,2023-24
0022300034,2023-11-17,DEN @ NOP,NOP,DEN,2023-24
0022300024,2023-11-14,DEN vs. LAC,DEN,LAC,2023-24
0022300182,2023-11-12,DEN @ HOU,HOU,DEN,2023-24
0022300169,2023-11-08,DEN vs. GSW,DEN,GSW,2023-24
0022300156,2023-11-06,DEN vs. NOP,DEN,NOP,2023-24
0022300139,2023-11-04,DEN vs. CHI,DEN,CHI,2023-24
0022300006,2023-11-03,DEN vs. DAL,DEN,DAL,2023-24
0022300095,2023-10-29,DEN @ OKC,OKC,DEN,2023-24
0022300061,2023-10-24,DEN vs. LAL,DEN,LAL,2023-24
0022301128,2024-04-06,BKN vs. DET,BKN,DET,2023-24
0022301106,2024-04-03,BKN vs. IND,BKN,IND,2023-24
0022301089,2024-04-01,BKN @ IND,IND,BKN,2023-24
0022301078,2024-03-31,BKN vs. LAL,BKN,LAL,2023-24
0022301066,2024-03-29,BKN vs. CHI,BKN,CHI,2023-24
0022300968,2024-03-16,BKN @ IND,IND,BKN,2023-24
0022300918,2024-03-09,BKN @ CHA,CHA,BKN,2023-24
0022300902,2024-03-07,BKN @ DET,DET,BKN,2023-24
0022300780,2024-02-14,BKN @ BOS,BOS,BKN,2023-24
0022300771,2024-02-13,BKN vs. BOS,BKN,BOS,2023-24
0022300720,2024-02-06,BKN vs. DAL,BKN,DAL,2023-24
0022300717,2024-02-05,BKN vs. GSW,BKN,GSW,2023-24
0022300645,2024-01-27,BKN vs. HOU,BKN,HOU,2023-24
0022300600,2024-01-21,BKN @ LAC,LAC,BKN,2023-24
0022300591,2024-01-19,BKN @ LAL,LAL,BKN,2023-24
0022300578,2024-01-17,BKN @ POR,POR,BKN,2023-24
0022300498,2024-01-07,BKN vs. POR,BKN,POR,2023-24
0022300481,2024-01-05,BKN vs. OKC,BKN,OKC,2023-24
0022300469,2024-01-03,BKN @ HOU,HOU,BKN,2023-24
0022300447,2023-12-31,BKN @ OKC,OKC,BKN,2023-24
0022300406,2023-12-26,BKN @ DET,DET,BKN,2023-24
0022300339,2023-12-16,BKN @ GSW,GSW,BKN,2023-24
0022300266,2023-11-30,BKN vs. CHA,BKN,CHA,2023-24
0022300250,2023-11-26,BKN vs. CHI,BKN,CHI,2023-24
0022300240,2023-11-25,BKN vs. MIA,BKN,MIA,2023-24
0022300160,2023-11-08,BKN vs. LAC,BKN,LAC,2023-24
0022300136,2023-11-04,BKN vs. BOS,BKN,BOS,2023-24
0022300004,2023-11-03,BKN @ CHI,CHI,BKN,2023-24
0022300084,2023-10-27,BKN @ DAL,DAL,BKN,2023-24
0022300067,2023-10-25,BKN vs. CLE,BKN,CLE,2023-24
0022301173,2024-04-12,CHA @ BOS,BOS,CHA,2023-24
0022301144,2024-04-09,CHA vs. DAL,CHA,DAL,2023-24
0022301135,2024-04-07,CHA vs. OKC,CHA,OKC,2023-24
0022301087,2024-04-01,CHA vs. BOS,CHA,BOS,2023-24
0022301079,2024-03-31,CHA vs. LAC,CHA,LAC,2023-24
0022301062,2024-03-29,CHA vs. GSW,CHA,GSW,2023-24
0022300950,2024-03-13,CHA @ MEM,MEM,CHA,2023-24
0022300933,2024-03-11,CHA @ DET,DET,CHA,2023-24
0022300811,2024-02-23,CHA @ GSW,GSW,CHA,2023-24
0022300801,2024-02-22,CHA @ UTA,UTA,CHA,2023-24
0022300761,2024-02-12,CHA vs. IND,CHA,IND,2023-24
0022300713,2024-02-05,CHA vs. LAL,CHA,LAL,2023-24
0022300707,2024-02-04,CHA vs. IND,CHA,IND,2023-24
0022300695,2024-02-02,CHA @ OKC,OKC,CHA,2023-24
0022300674,2024-01-31,CHA vs. CHI,CHA,CHI,2023-24
0022300506,2024-01-08,CHA vs. CHI,CHA,CHI,2023-24
0022300484,2024-01-05,CHA @ CHI,CHI,CHA,2023-24
0022300428,2023-12-28,CHA @ LAL,LAL,CHA,2023-24
0022300414,2023-12-26,CHA @ LAC,LAC,CHA,2023-24
0022300365,2023-12-20,CHA @ IND,IND,CHA,2023-24
0022300312,2023-12-13,CHA @ MIA,MIA,CHA,2023-24
0022300292,2023-12-11,CHA vs. MIA,CHA,MIA,2023-24
0022301211,2023-12-06,CHA @ CHI,CHI,CHA,2023-24
0022301023,2024-03-23,BOS @ CHI,CHI,BOS,2023-24
0022301011,2024-03-22,BOS @ DET,DET,BOS,2023-24
0022300984,2024-03-18,BOS vs. DET,BOS,DET,2023-24
0022300943,2024-03-12,BOS @ UTA,UTA,BOS,2023-24
0022300872,2024-03-03,BOS vs. GSW,BOS,GSW,2023-24
0022300859,2024-03-01,BOS vs. DAL,BOS,DAL,2023-24
0022300797,2024-02-22,BOS @ CHI,CHI,BOS,2023-24
0022300670,2024-01-30,BOS vs. IND,BOS,IND,2023-24
0022300659,2024-01-29,BOS vs. NOP,BOS,NOP,2023-24
0022300603,2024-01-21,BOS @ HOU,HOU,BOS,2023-24
0022300542,2024-01-13,BOS vs. HOU,BOS,HOU,2023-24
0022300421,2023-12-28,BOS vs. DET,BOS,DET,2023-24
0022300362,2023-12-19,BOS @ GSW,GSW,BOS,2023-24
0022300487,2024-01-05,POR @ DAL,DAL,POR,2023-24
0022300472,2024-01-03,POR @ DAL,DAL,POR,2023-24
0022301214,2023-12-06,POR @ GSW,GSW,POR,2023-24
0022301168,2024-04-11,HOU @ UTA,UTA,HOU,2023-24
0022301131,2024-04-07,HOU @ DAL,DAL,HOU,2023-24
0022301113,2024-04-04,HOU vs. GSW,HOU,GSW,2023-24
0022301083,2024-03-31,HOU vs. DAL,HOU,DAL,2023-24
0022301072,2024-03-29,HOU @ UTA,UTA,HOU,2023-24
0022301057,2024-03-27,HOU @ OKC,OKC,HOU,2023-24
0022301024,2024-03-23,HOU vs. UTA,HOU,UTA,2023-24
0022301006,2024-03-21,HOU vs. CHI,HOU,CHI,2023-24
0022300897,2024-03-06,HOU vs. LAC,HOU,LAC,2023-24
0022300841,2024-02-27,HOU @ OKC,OKC,HOU,2023-24
0022300822,2024-02-25,HOU vs. OKC,HOU,OKC,2023-24
0022300719,2024-02-06,HOU @ IND,IND,HOU,2023-24
0022300662,2024-01-29,HOU vs. LAL,HOU,LAL,2023-24
0022300409,2023-12-26,HOU vs. IND,HOU,IND,2023-24
0022300385,2023-12-22,HOU vs. DAL,HOU,DAL,2023-24
0022301212,2023-12-06,HOU vs. OKC,HOU,OKC,2023-24
0022300291,2023-12-02,HOU @ LAL,LAL,HOU,2023-24
0022300059,2023-11-28,HOU @ DAL,DAL,HOU,2023-24
0022300224,2023-11-20,HOU @ GSW,GSW,HOU,2023-24
0022300216,2023-11-19,HOU @ LAL,LAL,HOU,2023-24
0022300037,2023-11-17,HOU @ LAC,LAC,HOU,2023-24
0022300011,2023-11-10,HOU vs. NOP,HOU,NOP,2023-24
0022300163,2023-11-08,HOU vs. LAL,HOU,LAL,2023-24
0022300096,2023-10-29,HOU vs. GSW,HOU,GSW,2023-24
0022300293,2023-12-11,IND @ DET,DET,IND,2023-24
0022300284,2023-12-02,IND @ MIA,MIA,IND,2023-24
0022300019,2023-11-14,IND @ PHI,PHI,IND,2023-24
0022300102,2023-10-30,IND vs. CHI,IND,CHI,2023-24
0022301074,2024-03-30,BOS @ NOP,NOP,BOS,2023-24
0022300611,2024-01-22,BOS @ DAL,DAL,BOS,2023-24
0022300462,2024-01-02,BOS @ OKC,OKC,BOS,2023-24
0022300403,2023-12-25,BOS @ LAL,LAL,BOS,2023-24
0022300188,2023-11-13,BOS vs. NYK,BOS,NYK,2023-24
0022301043,2024-03-25,LAC vs. IND,LAC,IND,2023-24
0022300917,2024-03-09,LAC vs. CHI,LAC,CHI,2023-24
0022300618,2024-01-23,LAC vs. LAL,LAC,LAL,2023-24
0022300325,2023-12-14,LAC vs. GSW,LAC,GSW,2023-24
0022300304,2023-12-11,LAC vs. POR,LAC,POR,2023-24
0022300280,2023-12-02,LAC vs. GSW,LAC,GSW,2023-24
0022300273,2023-11-30,LAC @ GSW,GSW,LAC,2023-24
0022300244,2023-11-25,LAC vs. DAL,LAC,DAL,2023-24
0022300014,2023-11-10,LAC @ DAL,DAL,LAC,2023-24
0022300127,2023-11-01,LAC @ LAL,LAL,LAC,2023-24
0022300441,2023-12-30,NYK @ IND,IND,NYK,2023-24
0022300120,2023-11-01,NYK vs. CLE,NYK,CLE,2023-24
0022300337,2023-12-16,MIA vs. CHI,MIA,CHI,2023-24
0022300320,2023-12-14,MIA vs. CHI,MIA,CHI,2023-24
0022300654,2024-01-28,DET vs. OKC,DET,OKC,2023-24
0022300490,2024-01-05,DET @ GSW,GSW,DET,2023-24
0022300741,2024-02-08,POR vs. DET,POR,DET,2023-24
0022300529,2024-01-11,POR @ OKC,OKC,POR,2023-24
0022301226,2023-12-08,POR vs. DAL,POR,DAL,2023-24
0022300966,2024-03-15,ATL @ UTA,UTA,ATL,2023-24
0022301166,2024-04-11,CHI @ DET,DET,CHI,2023-24
0022301054,2024-03-27,CHI vs. IND,CHI,IND,2023-24
0022300935,2024-03-11,CHI vs. DAL,CHI,DAL,2023-24
0022300907,2024-03-07,CHI @ GSW,GSW,CHI,2023-24
0022300898,2024-03-06,CHI @ UTA,UTA,CHI,2023-24
0022300839,2024-02-27,CHI vs. DET,CHI,DET,2023-24
0022300823,2024-02-25,CHI @ NOP,NOP,CHI,2023-24
0022300633,2024-01-25,CHI @ LAL,LAL,CHI,2023-24
0022300422,2023-12-28,CHI vs. IND,CHI,IND,2023-24
0022300370,2023-12-20,CHI vs. LAL,CHI,LAL,2023-24
0022300234,2023-11-22,CHI @ OKC,OKC,CHI,2023-24
0022300124,2023-11-01,CHI @ DAL,DAL,CHI,2023-24
0022300070,2023-10-25,CHI vs. OKC,CHI,OKC,2023-24
0022300948,2024-03-13,CHI @ IND,IND,CHI,2023-24
0022300536,2024-01-12,CHI vs. GSW,CHI,GSW,2023-24
0022300523,2024-01-10,CHI vs. HOU,CHI,HOU,2023-24
0022301155,2024-04-09,LAL vs. GSW,LAL,GSW,2023-24
0022301063,2024-03-29,LAL @ IND,IND,LAL,2023-24
0022300788,2024-02-14,LAL @ UTA,UTA,LAL,2023-24
0022300776,2024-02-13,LAL vs. DET,LAL,DET,2023-24
0022300271,2023-11-30,LAL @ OKC,OKC,LAL,2023-24
0022301032,2024-03-24,LAL vs. IND,LAL,IND,2023-24
0022300973,2024-03-16,LAL vs. GSW,LAL,GSW,2023-24
0022300848,2024-02-28,LAL @ LAC,LAC,LAL,2023-24
0022300802,2024-02-22,LAL @ GSW,GSW,LAL,2023-24
0022300650,2024-01-27,LAL @ GSW,GSW,LAL,2023-24
0022300577,2024-01-17,LAL vs. DAL,LAL,DAL,2023-24
0022300565,2024-01-15,LAL vs. OKC,LAL,OKC,2023-24
0022300505,2024-01-07,LAL vs. LAC,LAL,LAC,2023-24
0022300306,2023-12-12,LAL @ DAL,DAL,LAL,2023-24
0022300238,2023-11-22,LAL vs. DAL,LAL,DAL,2023-24
0022301041,2024-03-25,UTA vs. DAL,UTA,DAL,2023-24
0022300576,2024-02-15,UTA vs. GSW,UTA,GSW,2023-24
0022300769,2024-02-12,UTA vs. GSW,UTA,GSW,2023-24
0022300724,2024-02-06,UTA vs. OKC,UTA,OKC,2023-24
0022300749,2024-02-10,LAC vs. DET,LAC,DET,2023-24
0022300568,2024-01-16,LAC vs. OKC,LAC,OKC,2023-24
0022300372,2023-12-20,LAC @ DAL,DAL,LAC,2023-24
0022301000,2024-03-20,UTA @ OKC,OKC,UTA,2023-24
0022300673,2024-01-30,PHI @ GSW,GSW,PHI,2023-24
0022300997,2024-03-20,DET vs. IND,DET,IND,2023-24
0022300919,2024-03-09,DET vs. DAL,DET,DAL,2023-24
0022300793,2024-02-22,DET @ IND,IND,DET,2023-24
0022300556,2024-01-15,DAL vs. NOP,DAL,NOP,2023-24
0022300287,2023-12-02,DAL vs. OKC,DAL,OKC,2023-24
0022300022,2023-11-14,DAL @ NOP,NOP,DAL,2023-24
0022300183,2023-11-12,DAL @ NOP,NOP,DAL,2023-24
0022301097,2024-04-05,GSW @ DAL,DAL,GSW,2023-24
0022300589,2024-04-02,GSW vs. DAL,GSW,DAL,2023-24
0022301016,2024-03-22,GSW vs. IND,GSW,IND,2023-24
0022300733,2024-02-08,GSW @ IND,IND,GSW,2023-24
0022300525,2024-01-10,GSW vs. NOP,GSW,NOP,2023-24
0022300444,2023-12-30,GSW vs. DAL,GSW,DAL,2023-24
0022301222,2023-12-08,GSW @ OKC,OKC,GSW,2023-24
0022300207,2023-11-18,GSW vs. OKC,GSW,OKC,2023-24
0022300005,2023-11-03,GSW @ OKC,OKC,GSW,2023-24
0022300108,2023-10-30,GSW @ NOP,NOP,GSW,2023-24
0022300121,2023-11-01,NOP @ OKC,OKC,NOP,2023-24
0022301177,2024-04-12,LAL @ MEM,MEM,LAL,2023-24
0022300397,2023-12-23,LAL @ OKC,OKC,LAL,2023-24
0022300748,2024-02-10,OKC @ DAL,DAL,OKC,2023-24
0022300081,2023-10-27,OKC @ CLE,CLE,OKC,2023-24
0022301008,2024-03-21,DAL vs. UTA,DAL,UTA,2023-24
0022300952,2024-03-13,DAL vs. GSW,DAL,GSW,2023-24
0022300892,2024-03-05,DAL vs. IND,DAL,IND,2023-24
0022300819,2024-02-25,DAL @ IND,IND,DAL,2023-24
0022301116,2024-04-05,OKC @ IND,IND,OKC,2023-24
0022300959,2024-03-14,OKC vs. DAL,OKC,DAL,2023-24
0022300941,2024-03-12,OKC vs. IND,OKC,IND,2023-24
0022300201,2023-11-16,OKC @ GSW,GSW,OKC,2023-24
0022301121,2024-04-05,DET @ MEM,MEM,DET,2023-24
0022301181,2024-04-12,DAL vs. DET,DAL,DET,2023-24
0022301198,2024-04-14,UTA @ GSW,GSW,UTA,2023-24
0022301142,2024-04-07,UTA @ GSW,GSW,UTA,2023-24
0022300843,2024-02-28,IND vs. NOP,IND,NOP,2023-24
0022401188,2025-04-13,NYK @ BKN,BKN,NYK,2024-25
0022401175,2025-04-11,NYK vs. CLE,NYK,CLE,2024-25
0022401167,2025-04-10,NYK @ DET,DET,NYK,2024-25
0022401128,2025-04-05,NYK @ ATL,ATL,NYK,2024-25
0022401103,2025-04-02,NYK @ CLE,CLE,NYK,2024-25
0022401098,2025-04-01,NYK vs. PHI,NYK,PHI,2024-25
0022401082,2025-03-30,NYK vs. POR,NYK,POR,2024-25
0022401070,2025-03-28,NYK @ MIL,MIL,NYK,2024-25
0022401056,2025-03-26,NYK vs. LAC,NYK,LAC,2024-25
0022401048,2025-03-25,NYK vs. DAL,NYK,DAL,2024-25
0022401026,2025-03-22,NYK vs. WAS,NYK,WAS,2024-25
0022401010,2025-03-20,NYK @ CHA,CHA,NYK,2024-25
0022401003,2025-03-19,NYK @ SAS,SAS,NYK,2024-25
0022400984,2025-03-17,NYK vs. MIA,NYK,MIA,2024-25
0022400974,2025-03-15,NYK @ GSW,GSW,NYK,2024-25
0022400953,2025-03-12,NYK @ POR,POR,NYK,2024-25
0022400939,2025-03-10,NYK @ SAC,SAC,NYK,2024-25
0022400911,2025-03-07,NYK @ LAC,LAC,NYK,2024-25
0022400885,2025-03-04,NYK vs. GSW,NYK,GSW,2024-25
0022400856,2025-02-28,NYK @ MEM,MEM,NYK,2024-25
0022400838,2025-02-26,NYK vs. PHI,NYK,PHI,2024-25
0022400811,2025-02-23,NYK @ BOS,BOS,NYK,2024-25
0022400797,2025-02-21,NYK @ CLE,CLE,NYK,2024-25
0022400792,2025-02-20,NYK vs. CHI,NYK,CHI,2024-25
0022400773,2025-02-12,NYK vs. ATL,NYK,ATL,2024-25
0022400765,2025-02-11,NYK @ IND,IND,NYK,2024-25
0022400748,2025-02-08,NYK vs. BOS,NYK,BOS,2024-25
0022400713,2025-02-04,NYK @ TOR,TOR,NYK,2024-25
0022400702,2025-02-03,NYK vs. HOU,NYK,HOU,2024-25
0022400692,2025-02-01,NYK vs. LAL,NYK,LAL,2024-25
0022400668,2025-01-29,NYK vs. DEN,NYK,DEN,2024-25
0022400653,2025-01-27,NYK vs. MEM,NYK,MEM,2024-25
0022400641,2025-01-25,NYK vs. SAC,NYK,SAC,2024-25
0022400606,2025-01-21,NYK @ BKN,BKN,NYK,2024-25
0022400602,2025-01-20,NYK vs. ATL,NYK,ATL,2024-25
0022400578,2025-01-17,NYK vs. MIN,NYK,MIN,2024-25
0022400561,2025-01-15,NYK @ PHI,PHI,NYK,2024-25
0022400549,2025-01-13,NYK vs. DET,NYK,DET,2024-25
0022400539,2025-01-12,NYK vs. MIL,NYK,MIL,2024-25
0022400529,2025-01-10,NYK vs. OKC,NYK,OKC,2024-25
0022400511,2025-01-08,NYK vs. TOR,NYK,TOR,2024-25
0022400496,2025-01-06,NYK vs. ORL,NYK,ORL,2024-25
0022400482,2025-01-04,NYK @ CHI,CHI,NYK,2024-25
0022400473,2025-01-03,NYK @ OKC,OKC,NYK,2024-25
0022400458,2025-01-01,NYK vs. UTA,NYK,UTA,2024-25
0022400443,2024-12-30,NYK @ WAS,WAS,NYK,2024-25
0022400429,2024-12-28,NYK @ WAS,WAS,NYK,2024-25
0022400419,2024-12-27,NYK @ ORL,ORL,NYK,2024-25
0022400405,2024-12-25,NYK vs. SAS,NYK,SAS,2024-25
0022400397,2024-12-23,NYK vs. TOR,NYK,TOR,2024-25
0022400384,2024-12-21,NYK @ NOP,NOP,NYK,2024-25
0022400367,2024-12-19,NYK @ MIN,MIN,NYK,2024-25
0022401227,2024-12-15,NYK @ ORL,ORL,NYK,2024-25
0022401202,2024-12-11,NYK vs. ATL,NYK,ATL,2024-25
0022400359,2024-12-09,NYK @ TOR,TOR,NYK,2024-25
0022400343,2024-12-07,NYK vs. DET,NYK,DET,2024-25
0022400327,2024-12-05,NYK vs. CHA,NYK,CHA,2024-25
0022401193,2025-04-13,HOU vs. DEN,HOU,DEN,2024-25
0022401143,2025-04-06,HOU @ GSW,GSW,HOU,2024-25
0022401123,2025-04-04,HOU vs. OKC,HOU,OKC,2024-25
0022401096,2025-03-31,HOU @ LAL,LAL,HOU,2024-25
0022401088,2025-03-30,HOU @ PHX,PHX,HOU,2024-25
0022401049,2025-03-25,HOU vs. ATL,HOU,ATL,2024-25
0022401035,2025-03-23,HOU vs. DEN,HOU,DEN,2024-25
0022401015,2025-03-21,HOU @ MIA,MIA,HOU,2024-25
0022400999,2025-03-19,HOU @ ORL,ORL,HOU,2024-25
0022400985,2025-03-17,HOU vs. PHI,HOU,PHI,2024-25
0022400970,2025-03-15,HOU vs. CHI,HOU,CHI,2024-25
0022400949,2025-03-12,HOU vs. PHX,HOU,PHX,2024-25
0022400934,2025-03-10,HOU vs. ORL,HOU,ORL,2024-25
0022400913,2025-03-08,HOU vs. NOP,HOU,NOP,2024-25
0022400902,2025-03-06,HOU @ NOP,NOP,HOU,2024-25
0022400882,2025-03-04,HOU @ IND,IND,HOU,2024-25
0022400862,2025-03-01,HOU vs. SAC,HOU,SAC,2024-25
0022400844,2025-02-26,HOU vs. SAS,HOU,SAS,2024-25
0022400831,2025-02-25,HOU vs. MIL,HOU,MIL,2024-25
0022400801,2025-02-21,HOU vs. MIN,HOU,MIN,2024-25
0022400784,2025-02-13,HOU vs. GSW,HOU,GSW,2024-25
0022400779,2025-02-12,HOU vs. PHX,HOU,PHX,2024-25
0022400741,2025-02-08,HOU @ DAL,DAL,HOU,2024-25
0022400711,2025-02-04,HOU @ BKN,BKN,HOU,2024-25
0022400689,2025-02-01,HOU vs. BKN,HOU,BKN,2024-25
0022400676,2025-01-30,HOU @ MEM,MEM,HOU,2024-25
0022400650,2025-01-27,HOU @ BOS,BOS,HOU,2024-25
0022400640,2025-01-25,HOU @ CLE,CLE,HOU,2024-25
0022400615,2025-01-22,HOU vs. CLE,HOU,CLE,2024-25
0022400591,2025-01-18,HOU @ POR,POR,HOU,2024-25
0022400576,2025-01-16,HOU @ SAC,SAC,HOU,2024-25
0022400568,2025-01-15,HOU @ DEN,DEN,HOU,2024-25
0022400551,2025-01-13,HOU vs. MEM,HOU,MEM,2024-25
0022400520,2025-01-09,HOU @ MEM,MEM,HOU,2024-25
0022400503,2025-01-07,HOU @ WAS,WAS,HOU,2024-25
0022400491,2025-01-05,HOU vs. LAL,HOU,LAL,2024-25
0022400471,2025-01-03,HOU vs. BOS,HOU,BOS,2024-25
0022400460,2025-01-01,HOU vs. DAL,HOU,DAL,2024-25
0022400439,2024-12-29,HOU vs. MIA,HOU,MIA,2024-25
0022400422,2024-12-27,HOU vs. MIN,HOU,MIN,2024-25
0022400416,2024-12-26,HOU @ NOP,NOP,HOU,2024-25
0022400391,2024-12-23,HOU @ CHA,CHA,HOU,2024-25
0022400365,2024-12-19,HOU vs. NOP,HOU,NOP,2024-25
0022401230,2024-12-14,HOU @ OKC,OKC,HOU,2024-25
0022400356,2024-12-08,HOU @ LAC,LAC,HOU,2024-25
0022400332,2024-12-05,HOU @ GSW,GSW,HOU,2024-25
0022400059,2024-12-03,HOU @ SAC,SAC,HOU,2024-25
0022400310,2024-12-01,HOU vs. OKC,HOU,OKC,2024-25
0022400290,2024-11-27,HOU @ PHI,PHI,HOU,2024-25
0022400031,2024-11-22,HOU vs. POR,HOU,POR,2024-25
0022400248,2024-11-18,HOU @ MIL,MIL,HOU,2024-25
0022400016,2024-11-15,HOU vs. LAC,HOU,LAC,2024-25
0022400213,2024-11-11,HOU vs. WAS,HOU,WAS,2024-25
0022400192,2024-11-08,HOU @ OKC,OKC,HOU,2024-25
0022400161,2024-11-04,HOU vs. NYK,HOU,NYK,2024-25
0022400129,2024-10-31,HOU @ DAL,DAL,HOU,2024-25
0022400109,2024-10-28,HOU @ SAS,SAS,HOU,2024-25
0022401177,2025-04-11,MIA @ NOP,NOP,MIA,2024-25
0022401160,2025-04-09,MIA @ CHI,CHI,MIA,2024-25
0022401131,2025-04-05,MIA vs. MIL,MIA,MIL,2024-25
0022401114,2025-04-03,MIA vs. MEM,MIA,MEM,2024-25
0022401106,2025-04-02,MIA @ BOS,BOS,MIA,2024-25
0022401092,2025-03-31,MIA @ WAS,WAS,MIA,2024-25
0022401076,2025-03-29,MIA @ PHI,PHI,MIA,2024-25
0022401062,2025-03-27,MIA vs. ATL,MIA,ATL,2024-25
0022401047,2025-03-25,MIA vs. GSW,MIA,GSW,2024-25
0022401032,2025-03-23,MIA vs. CHA,MIA,CHA,2024-25
0022401000,2025-03-19,MIA vs. DET,MIA,DET,2024-25
0022400971,2025-03-15,MIA @ MEM,MEM,MIA,2024-25
0022400958,2025-03-14,MIA vs. BOS,MIA,BOS,2024-25
0022400948,2025-03-12,MIA vs. LAC,MIA,LAC,2024-25
0022400931,2025-03-10,MIA vs. CHA,MIA,CHA,2024-25
0022400916,2025-03-08,MIA vs. CHI,MIA,CHI,2024-25
0022400907,2025-03-07,MIA vs. MIN,MIA,MIN,2024-25
0022400893,2025-03-05,MIA @ CLE,CLE,MIA,2024-25
0022400877,2025-03-03,MIA vs. WAS,MIA,WAS,2024-25
0022400869,2025-03-02,MIA vs. NYK,MIA,NYK,2024-25
0022400854,2025-02-28,MIA vs. IND,MIA,IND,2024-25
0022400841,2025-02-26,MIA vs. ATL,MIA,ATL,2024-25
0022400825,2025-02-24,MIA @ ATL,ATL,MIA,2024-25
0022400817,2025-02-23,MIA @ MIL,MIL,MIA,2024-25
0022400800,2025-02-21,MIA @ TOR,TOR,MIA,2024-25
0022400778,2025-02-12,MIA @ OKC,OKC,MIA,2024-25
0022400759,2025-02-10,MIA vs. BOS,MIA,BOS,2024-25
0022400737,2025-02-07,MIA @ BKN,BKN,MIA,2024-25
0022400721,2025-02-05,MIA @ PHI,PHI,MIA,2024-25
0022400714,2025-02-04,MIA @ CHI,CHI,MIA,2024-25
0022400693,2025-02-01,MIA @ SAS,SAS,MIA,2024-25
0022400667,2025-01-29,MIA vs. CLE,MIA,CLE,2024-25
0022400652,2025-01-27,MIA vs. ORL,MIA,ORL,2024-25
0022400636,2025-01-25,MIA @ BKN,BKN,MIA,2024-25
0022400624,2025-01-23,MIA @ MIL,MIL,MIA,2024-25
0022400607,2025-01-21,MIA vs. POR,MIA,POR,2024-25
0022400592,2025-01-19,MIA vs. SAS,MIA,SAS,2024-25
0022400579,2025-01-17,MIA vs. DEN,MIA,DEN,2024-25
0022400570,2025-01-15,MIA @ LAL,LAL,MIA,2024-25
0022400536,2025-01-11,MIA @ POR,POR,MIA,2024-25
0022400523,2025-01-09,MIA @ UTA,UTA,MIA,2024-25
0022400508,2025-01-07,MIA @ GSW,GSW,MIA,2024-25
0022400501,2025-01-06,MIA @ SAC,SAC,MIA,2024-25
0022400481,2025-01-04,MIA vs. UTA,MIA,UTA,2024-25
0022400463,2025-01-02,MIA vs. IND,MIA,IND,2024-25
0022400457,2025-01-01,MIA vs. NOP,MIA,NOP,2024-25
0022400427,2024-12-28,MIA @ ATL,ATL,MIA,2024-25
0022400411,2024-12-26,MIA @ ORL,ORL,MIA,2024-25
0022400396,2024-12-23,MIA vs. BKN,MIA,BKN,2024-25
0022400377,2024-12-21,MIA @ ORL,ORL,MIA,2024-25
0022400375,2024-12-20,MIA vs. OKC,MIA,OKC,2024-25
0022401221,2024-12-16,MIA @ DET,DET,MIA,2024-25
0022401206,2024-12-12,MIA vs. TOR,MIA,TOR,2024-25
0022400351,2024-12-08,MIA vs. CLE,MIA,CLE,2024-25
0022400346,2024-12-07,MIA vs. PHX,MIA,PHX,2024-25
0022400321,2024-12-04,MIA vs. LAL,MIA,LAL,2024-25
0022400316,2024-12-02,MIA @ BOS,BOS,MIA,2024-25
0022400309,2024-12-01,MIA @ TOR,TOR,MIA,2024-25
0022400046,2024-11-29,MIA vs. TOR,MIA,TOR,2024-25
0022400286,2024-11-27,MIA @ CHA,CHA,MIA,2024-25
0022400036,2024-11-26,MIA vs. MIL,MIA,MIL,2024-25
0022400273,2024-11-24,MIA vs. DAL,MIA,DAL,2024-25
0022400245,2024-11-18,MIA vs. PHI,MIA,PHI,2024-25
0022400235,2024-11-17,MIA @ IND,IND,MIA,2024-25
0022400009,2024-11-15,MIA @ IND,IND,MIA,2024-25
0022400002,2024-11-12,MIA @ DET,DET,MIA,2024-25
0022400206,2024-11-10,MIA @ MIN,MIN,MIA,2024-25
0022400194,2024-11-08,MIA @ DEN,DEN,MIA,2024-25
0022400178,2024-11-06,MIA @ PHX,PHX,MIA,2024-25
0022400159,2024-11-04,MIA vs. SAC,MIA,SAC,2024-25
0022400147,2024-11-02,MIA @ WAS,WAS,MIA,2024-25
0022400122,2024-10-30,MIA vs. NYK,MIA,NYK,2024-25
0022400105,2024-10-28,MIA vs. DET,MIA,DET,2024-25
0022400088,2024-10-26,MIA @ CHA,CHA,MIA,2024-25
0022400065,2024-10-23,MIA vs. ORL,MIA,ORL,2024-25
0022401197,2025-04-13,TOR @ SAS,SAS,TOR,2024-25
0022401178,2025-04-11,TOR @ DAL,DAL,TOR,2024-25
0022401134,2025-04-06,TOR @ BKN,BKN,TOR,2024-25
0022401116,2025-04-03,TOR vs. POR,TOR,POR,2024-25
0022401087,2025-03-30,TOR @ PHI,PHI,TOR,2024-25
0022401054,2025-03-26,TOR @ BKN,BKN,TOR,2024-25
0022401039,2025-03-24,TOR @ WAS,WAS,TOR,2024-25
0022401033,2025-03-23,TOR vs. SAS,TOR,SAS,2024-25
0022401005,2025-03-20,TOR @ GSW,GSW,TOR,2024-25
0022400980,2025-03-16,TOR @ POR,POR,TOR,2024-25
0022400855,2025-02-28,TOR @ CHI,CHI,TOR,2024-25
0022400837,2025-02-26,TOR @ IND,IND,TOR,2024-25
0022400829,2025-02-25,TOR vs. BOS,TOR,BOS,2024-25
0022400816,2025-02-23,TOR vs. PHX,TOR,PHX,2024-25
0022400774,2025-02-12,TOR vs. CLE,TOR,CLE,2024-25
0022400764,2025-02-11,TOR @ PHI,PHI,TOR,2024-25
0022400753,2025-02-09,TOR @ HOU,HOU,TOR,2024-25
0022400739,2025-02-07,TOR @ OKC,OKC,TOR,2024-25
0022400722,2025-02-05,TOR vs. MEM,TOR,MEM,2024-25
0022400697,2025-02-02,TOR vs. LAC,TOR,LAC,2024-25
0022400682,2025-01-31,TOR vs. CHI,TOR,CHI,2024-25
0022400665,2025-01-29,TOR @ WAS,WAS,TOR,2024-25
0022400654,2025-01-27,TOR vs. NOP,TOR,NOP,2024-25
0022400562,2025-01-15,TOR vs. BOS,TOR,BOS,2024-25
0022400550,2025-01-13,TOR vs. GSW,TOR,GSW,2024-25
0022400497,2025-01-06,TOR vs. MIL,TOR,MIL,2024-25
0022400470,2025-01-03,TOR vs. ORL,TOR,ORL,2024-25
0022400459,2025-01-01,TOR vs. BKN,TOR,BKN,2024-25
0022400449,2024-12-31,TOR @ BOS,BOS,TOR,2024-25
0022400438,2024-12-29,TOR vs. ATL,TOR,ATL,2024-25
0022400414,2024-12-26,TOR @ MEM,MEM,TOR,2024-25
0022400388,2024-12-22,TOR vs. HOU,TOR,HOU,2024-25
0022400364,2024-12-19,TOR vs. BKN,TOR,BKN,2024-25
0022401223,2024-12-16,TOR vs. CHI,TOR,CHI,2024-25
0022400344,2024-12-07,TOR vs. DAL,TOR,DAL,2024-25
0022400328,2024-12-05,TOR vs. OKC,TOR,OKC,2024-25
0022400054,2024-12-03,TOR vs. IND,TOR,IND,2024-25
0022400295,2024-11-27,TOR @ NOP,NOP,TOR,2024-25
0022400278,2024-11-25,TOR @ DET,DET,TOR,2024-25
0022400275,2024-11-24,TOR @ CLE,CLE,TOR,2024-25
0022400261,2024-11-21,TOR vs. MIN,TOR,MIN,2024-25
0022400247,2024-11-18,TOR vs. IND,TOR,IND,2024-25
0022400230,2024-11-16,TOR @ BOS,BOS,TOR,2024-25
0022400011,2024-11-15,TOR vs. DET,TOR,DET,2024-25
0022400005,2024-11-12,TOR @ MIL,MIL,TOR,2024-25
0022400211,2024-11-10,TOR @ LAL,LAL,TOR,2024-25
0022400200,2024-11-09,TOR @ LAC,LAC,TOR,2024-25
0022400180,2024-11-06,TOR @ SAC,SAC,TOR,2024-25
0022400166,2024-11-04,TOR @ DEN,DEN,TOR,2024-25
0022400143,2024-11-02,TOR vs. SAC,TOR,SAC,2024-25
0022400137,2024-11-01,TOR vs. LAL,TOR,LAL,2024-25
0022400117,2024-10-30,TOR @ CHA,CHA,TOR,2024-25
0022400107,2024-10-28,TOR vs. DEN,TOR,DEN,2024-25
0022400093,2024-10-26,TOR @ MIN,MIN,TOR,2024-25
0022400078,2024-10-25,TOR vs. PHI,TOR,PHI,2024-25
0022400067,2024-10-23,TOR vs. CLE,TOR,CLE,2024-25
0022401180,2025-04-11,MEM @ DEN,DEN,MEM,2024-25
0022401170,2025-04-10,MEM vs. MIN,MEM,MIN,2024-25
0022401146,2025-04-08,MEM @ CHA,CHA,MEM,2024-25
0022401129,2025-04-05,MEM @ DET,DET,MEM,2024-25
0022401100,2025-04-01,MEM vs. GSW,MEM,GSW,2024-25
0022401093,2025-03-31,MEM vs. BOS,MEM,BOS,2024-25
0022401078,2025-03-29,MEM vs. LAL,MEM,LAL,2024-25
0022401064,2025-03-27,MEM @ OKC,OKC,MEM,2024-25
0022401050,2025-03-25,MEM @ UTA,UTA,MEM,2024-25
0022401023,2025-03-21,MEM @ LAC,LAC,MEM,2024-25
0022401008,2025-03-19,MEM @ POR,POR,MEM,2024-25
0022400906,2025-03-07,MEM @ DAL,DAL,MEM,2024-25
0022400863,2025-03-01,MEM vs. SAS,MEM,SAS,2024-25
0022400832,2025-02-25,MEM vs. PHX,MEM,PHX,2024-25
0022400819,2025-02-23,MEM @ CLE,CLE,MEM,2024-25
0022400798,2025-02-21,MEM @ ORL,ORL,MEM,2024-25
0022400788,2025-02-20,MEM @ IND,IND,MEM,2024-25
0022400783,2025-02-12,MEM @ LAC,LAC,MEM,2024-25
0022400767,2025-02-11,MEM @ PHX,PHX,MEM,2024-25
0022400746,2025-02-08,MEM vs. OKC,MEM,OKC,2024-25
0022400703,2025-02-03,MEM vs. SAS,MEM,SAS,2024-25
0022400699,2025-02-02,MEM @ MIL,MIL,MEM,2024-25
0022400616,2025-01-22,MEM vs. CHA,MEM,CHA,2024-25
0022400601,2025-01-20,MEM vs. MIN,MEM,MIN,2024-25
0022400582,2025-01-17,MEM @ SAS,SAS,MEM,2024-25
0022400567,2025-01-15,MEM @ SAS,SAS,MEM,2024-25
0022400535,2025-01-11,MEM @ MIN,MIN,MEM,2024-25
0022400399,2024-12-23,MEM vs. LAC,MEM,LAC,2024-25
0022400378,2024-12-21,MEM @ ATL,ATL,MEM,2024-25
0022400366,2024-12-19,MEM vs. GSW,MEM,GSW,2024-25
0022401220,2024-12-15,MEM @ LAL,LAL,MEM,2024-25
0022401211,2024-12-13,MEM vs. BKN,MEM,BKN,2024-25
0022400353,2024-12-08,MEM @ WAS,WAS,MEM,2024-25
0022400345,2024-12-07,MEM @ BOS,BOS,MEM,2024-25
0022400329,2024-12-05,MEM vs. SAC,MEM,SAC,2024-25
0022400056,2024-12-03,MEM @ DAL,DAL,MEM,2024-25
0022400306,2024-12-01,MEM vs. IND,MEM,IND,2024-25
0022400042,2024-11-29,MEM vs. NOP,MEM,NOP,2024-25
0022400293,2024-11-27,MEM vs. DET,MEM,DET,2024-25
0022400282,2024-11-25,MEM vs. POR,MEM,POR,2024-25
0022400266,2024-11-23,MEM @ CHI,CHI,MEM,2024-25
0022400255,2024-11-20,MEM vs. PHI,MEM,PHI,2024-25
0022400023,2024-11-19,MEM vs. DEN,MEM,DEN,2024-25
0022400238,2024-11-17,MEM vs. DEN,MEM,DEN,2024-25
0022400019,2024-11-15,MEM @ GSW,GSW,MEM,2024-25
0022400225,2024-11-13,MEM @ LAL,LAL,MEM,2024-25
0022400210,2024-11-10,MEM @ POR,POR,MEM,2024-25
0022400191,2024-11-08,MEM vs. WAS,MEM,WAS,2024-25
0022400174,2024-11-06,MEM vs. LAL,MEM,LAL,2024-25
0022400158,2024-11-04,MEM @ BKN,BKN,MEM,2024-25
0022400142,2024-11-02,MEM @ PHI,PHI,MEM,2024-25
0022400128,2024-10-31,MEM vs. MIL,MEM,MIL,2024-25
0022400124,2024-10-30,MEM vs. BKN,MEM,BKN,2024-25
0022400108,2024-10-28,MEM vs. CHI,MEM,CHI,2024-25
0022400092,2024-10-26,MEM vs. ORL,MEM,ORL,2024-25
0022400082,2024-10-25,MEM @ HOU,HOU,MEM,2024-25
0022400070,2024-10-23,MEM @ UTA,UTA,MEM,2024-25
0022401125,2025-04-04,DEN @ GSW,GSW,DEN,2024-25
0022401110,2025-04-02,DEN vs. SAS,DEN,SAS,2024-25
0022401073,2025-03-28,DEN vs. UTA,DEN,UTA,2024-25
0022400952,2025-03-12,DEN vs. MIN,DEN,MIN,2024-25
0022400920,2025-03-09,DEN @ OKC,OKC,DEN,2024-25
0022400763,2025-02-10,DEN vs. POR,DEN,POR,2024-25
0022400749,2025-02-08,DEN @ PHX,PHX,DEN,2024-25
0022400730,2025-02-06,DEN vs. ORL,DEN,ORL,2024-25
0022400726,2025-02-05,DEN vs. NOP,DEN,NOP,2024-25
0022400559,2025-01-14,DEN @ DAL,DAL,DEN,2024-25
0022400515,2025-01-08,DEN vs. LAC,DEN,LAC,2024-25
0022400507,2025-01-07,DEN vs. BOS,DEN,BOS,2024-25
0022400402,2024-12-23,DEN vs. PHX,DEN,PHX,2024-25
0022400350,2024-12-08,DEN @ ATL,ATL,DEN,2024-25
0022400298,2024-11-27,DEN @ UTA,UTA,DEN,2024-25
0022400283,2024-11-25,DEN vs. NYK,DEN,NYK,2024-25
0022400270,2024-11-23,DEN @ LAL,LAL,DEN,2024-25
0022400033,2024-11-22,DEN vs. DAL,DEN,DAL,2024-25
0022400148,2024-11-02,DEN vs. UTA,DEN,UTA,2024-25
0022400075,2024-10-24,DEN vs. OKC,DEN,OKC,2024-25
0022401195,2025-04-13,MIN vs. UTA,MIN,UTA,2024-25
0022401179,2025-04-11,MIN vs. BKN,MIN,BKN,2024-25
0022401152,2025-04-08,MIN @ MIL,MIL,MIN,2024-25
0022401130,2025-04-05,MIN @ PHI,PHI,MIN,2024-25
0022401113,2025-04-03,MIN @ BKN,BKN,MIN,2024-25
0022401102,2025-04-01,MIN @ DEN,DEN,MIN,2024-25
0022401084,2025-03-30,MIN vs. DET,MIN,DET,2024-25
0022401071,2025-03-28,MIN vs. PHX,MIN,PHX,2024-25
0022401037,2025-03-24,MIN @ IND,IND,MIN,2024-25
0022401016,2025-03-21,MIN vs. NOP,MIN,NOP,2024-25
0022401001,2025-03-19,MIN vs. NOP,MIN,NOP,2024-25
0022400986,2025-03-17,MIN vs. IND,MIN,IND,2024-25
0022400981,2025-03-16,MIN vs. UTA,MIN,UTA,2024-25
0022400963,2025-03-14,MIN vs. ORL,MIN,ORL,2024-25
0022400925,2025-03-09,MIN vs. SAS,MIN,SAS,2024-25
0022400892,2025-03-05,MIN @ CHA,CHA,MIN,2024-25
0022400887,2025-03-04,MIN vs. PHI,MIN,PHI,2024-25
0022400873,2025-03-02,MIN @ PHX,PHX,MIN,2024-25
0022400858,2025-02-28,MIN @ UTA,UTA,MIN,2024-25
0022400849,2025-02-27,MIN @ LAL,LAL,MIN,2024-25
0022400826,2025-02-24,MIN @ OKC,OKC,MIN,2024-25
0022400820,2025-02-23,MIN vs. OKC,MIN,OKC,2024-25
0022400787,2025-02-13,MIN vs. OKC,MIN,OKC,2024-25
0022400776,2025-02-12,MIN vs. MIL,MIN,MIL,2024-25
0022400755,2025-02-10,MIN @ CLE,CLE,MIN,2024-25
0022400747,2025-02-08,MIN vs. POR,MIN,POR,2024-25
0022400729,2025-02-06,MIN vs. HOU,MIN,HOU,2024-25
0022400723,2025-02-05,MIN vs. CHI,MIN,CHI,2024-25
0022400704,2025-02-03,MIN vs. SAC,MIN,SAC,2024-25
0022400690,2025-02-01,MIN vs. WAS,MIN,WAS,2024-25
0022400677,2025-01-30,MIN @ UTA,UTA,MIN,2024-25
0022400672,2025-01-29,MIN @ PHX,PHX,MIN,2024-25
0022400656,2025-01-27,MIN vs. ATL,MIN,ATL,2024-25
0022400634,2025-01-25,MIN vs. DEN,MIN,DEN,2024-25
0022400614,2025-01-22,MIN @ DAL,DAL,MIN,2024-25
0022400590,2025-01-18,MIN vs. CLE,MIN,CLE,2024-25
0022400565,2025-01-15,MIN vs. GSW,MIN,GSW,2024-25
0022400548,2025-01-13,MIN @ WAS,WAS,MIN,2024-25
0022400519,2025-01-09,MIN @ ORL,ORL,MIN,2024-25
0022400505,2025-01-07,MIN @ NOP,NOP,MIN,2024-25
0022400500,2025-01-06,MIN vs. LAC,MIN,LAC,2024-25
0022400479,2025-01-04,MIN @ DET,DET,MIN,2024-25
0022400464,2025-01-02,MIN vs. BOS,MIN,BOS,2024-25
0022400452,2024-12-31,MIN @ OKC,OKC,MIN,2024-25
0022400441,2024-12-29,MIN vs. SAS,MIN,SAS,2024-25
0022400406,2024-12-25,MIN @ DAL,DAL,MIN,2024-25
0022400395,2024-12-23,MIN @ ATL,ATL,MIN,2024-25
0022400383,2024-12-21,MIN vs. GSW,MIN,GSW,2024-25
0022401218,2024-12-15,MIN @ SAS,SAS,MIN,2024-25
0022401210,2024-12-13,MIN vs. LAL,MIN,LAL,2024-25
0022400355,2024-12-08,MIN @ GSW,GSW,MIN,2024-25
0022400338,2024-12-06,MIN @ GSW,GSW,MIN,2024-25
0022400324,2024-12-04,MIN @ LAC,LAC,MIN,2024-25
0022400318,2024-12-02,MIN vs. LAL,MIN,LAL,2024-25
0022400044,2024-11-29,MIN vs. LAC,MIN,LAC,2024-25
0022400294,2024-11-27,MIN vs. SAC,MIN,SAC,2024-25
0022400037,2024-11-26,MIN vs. HOU,MIN,HOU,2024-25
0022400271,2024-11-24,MIN @ BOS,BOS,MIN,2024-25
0022400234,2024-11-17,MIN vs. PHX,MIN,PHX,2024-25
0022400020,2024-11-15,MIN @ SAC,SAC,MIN,2024-25
0022400226,2024-11-13,MIN @ POR,POR,MIN,2024-25
0022400008,2024-11-12,MIN @ POR,POR,MIN,2024-25
0022400193,2024-11-08,MIN vs. POR,MIN,POR,2024-25
0022400181,2024-11-07,MIN @ CHI,CHI,MIN,2024-25
0022400162,2024-11-04,MIN vs. CHA,MIN,CHA,2024-25
0022400146,2024-11-02,MIN @ SAS,SAS,MIN,2024-25
0022400139,2024-11-01,MIN vs. DEN,MIN,DEN,2024-25
0022400114,2024-10-29,MIN vs. DAL,MIN,DAL,2024-25
0022400076,2024-10-24,MIN @ SAC,SAC,MIN,2024-25
0022400062,2024-10-22,MIN @ LAL,LAL,MIN,2024-25
0022401200,2025-04-13,PHX @ SAC,SAC,PHX,2024-25
0022401182,2025-04-11,PHX vs. SAS,PHX,SAS,2024-25
0022401164,2025-04-09,PHX vs. OKC,PHX,OKC,2024-25
0022401154,2025-04-08,PHX vs. GSW,PHX,GSW,2024-25
0022401140,2025-04-06,PHX @ NYK,NYK,PHX,2024-25
0022401120,2025-04-04,PHX @ BOS,BOS,PHX,2024-25
0022401101,2025-04-01,PHX @ MIL,MIL,PHX,2024-25
0022401058,2025-03-26,PHX vs. BOS,PHX,BOS,2024-25
0022401043,2025-03-24,PHX vs. MIL,PHX,MIL,2024-25
0022400935,2025-03-10,PHX @ MEM,MEM,PHX,2024-25
0022400921,2025-03-09,PHX @ DAL,DAL,PHX,2024-25
0022400909,2025-03-07,PHX @ DEN,DEN,PHX,2024-25
0022400889,2025-03-04,PHX vs. LAC,PHX,LAC,2024-25
0022400848,2025-02-27,PHX vs. NOP,PHX,NOP,2024-25
0022400806,2025-02-22,PHX @ CHI,CHI,PHX,2024-25
0022400795,2025-02-20,PHX @ SAS,SAS,PHX,2024-25
0022400740,2025-02-07,PHX vs. UTA,PHX,UTA,2024-25
0022400724,2025-02-05,PHX @ OKC,OKC,PHX,2024-25
0022400709,2025-02-03,PHX @ POR,POR,PHX,2024-25
0022400694,2025-02-01,PHX @ POR,POR,PHX,2024-25
0022400685,2025-01-31,PHX @ GSW,GSW,PHX,2024-25
0022400659,2025-01-27,PHX vs. LAC,PHX,LAC,2024-25
0022400645,2025-01-25,PHX vs. WAS,PHX,WAS,2024-25
0022400613,2025-01-22,PHX @ BKN,BKN,PHX,2024-25
0022400603,2025-01-20,PHX @ CLE,CLE,PHX,2024-25
0022400586,2025-01-18,PHX @ DET,DET,PHX,2024-25
0022400573,2025-01-16,PHX @ WAS,WAS,PHX,2024-25
0022400556,2025-01-14,PHX @ ATL,ATL,PHX,2024-25
0022400547,2025-01-12,PHX vs. CHA,PHX,CHA,2024-25
0022400533,2025-01-11,PHX vs. UTA,PHX,UTA,2024-25
0022400522,2025-01-09,PHX vs. ATL,PHX,ATL,2024-25
0022400502,2025-01-07,PHX @ CHA,CHA,PHX,2024-25
0022400494,2025-01-06,PHX @ PHI,PHI,PHX,2024-25
0022400480,2025-01-04,PHX @ IND,IND,PHX,2024-25
0022400387,2024-12-21,PHX vs. DET,PHX,DET,2024-25
0022400369,2024-12-19,PHX vs. IND,PHX,IND,2024-25
0022401219,2024-12-15,PHX vs. POR,PHX,POR,2024-25
0022401214,2024-12-13,PHX @ UTA,UTA,PHX,2024-25
0022400352,2024-12-08,PHX @ ORL,ORL,PHX,2024-25
0022400330,2024-12-05,PHX @ NOP,NOP,PHX,2024-25
0022400057,2024-12-03,PHX vs. SAS,PHX,SAS,2024-25
0022400303,2024-11-30,PHX vs. GSW,PHX,GSW,2024-25
0022400297,2024-11-27,PHX vs. BKN,PHX,BKN,2024-25
0022400039,2024-11-26,PHX vs. LAL,PHX,LAL,2024-25
0022400257,2024-11-20,PHX vs. NYK,PHX,NYK,2024-25
0022400249,2024-11-18,PHX vs. ORL,PHX,ORL,2024-25
0022400006,2024-11-12,PHX @ UTA,UTA,PHX,2024-25
0022400209,2024-11-10,PHX vs. SAC,PHX,SAC,2024-25
0022400190,2024-11-08,PHX @ DAL,DAL,PHX,2024-25
0022400167,2024-11-04,PHX vs. PHI,PHX,PHI,2024-25
0022400149,2024-11-02,PHX vs. POR,PHX,POR,2024-25
0022400131,2024-10-31,PHX @ LAC,LAC,PHX,2024-25
0022400111,2024-10-28,PHX vs. LAL,PHX,LAL,2024-25
0022400071,2024-10-23,PHX @ LAC,LAC,PHX,2024-25
0022401189,2025-04-13,CLE vs. IND,CLE,IND,2024-25
0022401168,2025-04-10,CLE @ IND,IND,CLE,2024-25
0022401147,2025-04-08,CLE vs. CHI,CLE,CHI,2024-25
0022401138,2025-04-06,CLE vs. SAC,CLE,SAC,2024-25
0022401124,2025-04-04,CLE @ SAS,SAS,CLE,2024-25
0022401081,2025-03-30,CLE vs. LAC,CLE,LAC,2024-25
0022401067,2025-03-28,CLE @ DET,DET,CLE,2024-25
0022401059,2025-03-27,CLE vs. SAS,CLE,SAS,2024-25
0022401051,2025-03-25,CLE @ POR,POR,CLE,2024-25
0022401030,2025-03-23,CLE @ UTA,UTA,CLE,2024-25
0022401021,2025-03-21,CLE @ PHX,PHX,CLE,2024-25
0022401009,2025-03-19,CLE @ SAC,SAC,CLE,2024-25
0022400997,2025-03-18,CLE @ LAC,LAC,CLE,2024-25
0022400979,2025-03-16,CLE vs. ORL,CLE,ORL,2024-25
0022400962,2025-03-14,CLE @ MEM,MEM,CLE,2024-25
0022400940,2025-03-11,CLE vs. BKN,CLE,BKN,2024-25
0022400922,2025-03-09,CLE @ MIL,MIL,CLE,2024-25
0022400904,2025-03-07,CLE @ CHA,CHA,CLE,2024-25
0022400886,2025-03-04,CLE @ CHI,CHI,CLE,2024-25
0022400867,2025-03-02,CLE vs. POR,CLE,POR,2024-25
0022400852,2025-02-28,CLE @ BOS,BOS,CLE,2024-25
0022400830,2025-02-25,CLE @ ORL,ORL,CLE,2024-25
0022400791,2025-02-20,CLE @ BKN,BKN,CLE,2024-25
0022400735,2025-02-07,CLE @ WAS,WAS,CLE,2024-25
0022400718,2025-02-05,CLE @ DET,DET,CLE,2024-25
0022400710,2025-02-04,CLE vs. BOS,CLE,BOS,2024-25
0022400696,2025-02-02,CLE vs. DAL,CLE,DAL,2024-25
0022400675,2025-01-30,CLE vs. ATL,CLE,ATL,2024-25
0022400649,2025-01-27,CLE vs. DET,CLE,DET,2024-25
0022400631,2025-01-24,CLE @ PHI,PHI,CLE,2024-25
0022400574,2025-01-16,CLE @ OKC,OKC,CLE,2024-25
0022400554,2025-01-14,CLE @ IND,IND,CLE,2024-25
0022400543,2025-01-12,CLE vs. IND,CLE,IND,2024-25
0022400517,2025-01-09,CLE vs. TOR,CLE,TOR,2024-25
0022400509,2025-01-08,CLE vs. OKC,CLE,OKC,2024-25
0022400488,2025-01-05,CLE vs. CHA,CLE,CHA,2024-25
0022400474,2025-01-03,CLE @ DAL,DAL,CLE,2024-25
0022400454,2024-12-31,CLE @ LAL,LAL,CLE,2024-25
0022400446,2024-12-30,CLE @ GSW,GSW,CLE,2024-25
0022400424,2024-12-27,CLE @ DEN,DEN,CLE,2024-25
0022400392,2024-12-23,CLE vs. UTA,CLE,UTA,2024-25
0022400380,2024-12-21,CLE vs. PHI,CLE,PHI,2024-25
0022400374,2024-12-20,CLE vs. MIL,CLE,MIL,2024-25
0022401224,2024-12-16,CLE @ BKN,BKN,CLE,2024-25
0022401208,2024-12-13,CLE vs. WAS,CLE,WAS,2024-25
0022400340,2024-12-07,CLE @ CHA,CHA,CLE,2024-25
0022400325,2024-12-05,CLE vs. DEN,CLE,DEN,2024-25
0022400051,2024-12-03,CLE vs. WAS,CLE,WAS,2024-25
0022400307,2024-12-01,CLE vs. BOS,CLE,BOS,2024-25
0022400041,2024-11-29,CLE @ ATL,ATL,CLE,2024-25
0022400287,2024-11-27,CLE vs. ATL,CLE,ATL,2024-25
0022400252,2024-11-20,CLE vs. NOP,CLE,NOP,2024-25
0022400021,2024-11-19,CLE @ BOS,BOS,CLE,2024-25
0022400236,2024-11-17,CLE vs. CHA,CLE,CHA,2024-25
0022400013,2024-11-15,CLE vs. CHI,CLE,CHI,2024-25
0022400220,2024-11-13,CLE @ PHI,PHI,CLE,2024-25
0022400212,2024-11-11,CLE @ CHI,CHI,CLE,2024-25
0022400199,2024-11-09,CLE vs. BKN,CLE,BKN,2024-25
0022400188,2024-11-08,CLE vs. GSW,CLE,GSW,2024-25
0022400175,2024-11-06,CLE @ NOP,NOP,CLE,2024-25
0022400154,2024-11-04,CLE vs. MIL,CLE,MIL,2024-25
0022400145,2024-11-02,CLE @ MIL,MIL,CLE,2024-25
0022400133,2024-11-01,CLE vs. ORL,CLE,ORL,2024-25
0022400118,2024-10-30,CLE vs. LAL,CLE,LAL,2024-25
0022400106,2024-10-28,CLE @ NYK,NYK,CLE,2024-25
0022400090,2024-10-26,CLE @ WAS,WAS,CLE,2024-25
0022400080,2024-10-25,CLE vs. DET,CLE,DET,2024-25
0022401196,2025-04-13,NOP vs. OKC,NOP,OKC,2024-25
0022401150,2025-04-08,NOP @ BKN,BKN,NOP,2024-25
0022401126,2025-04-04,NOP @ LAL,LAL,NOP,2024-25
0022401111,2025-04-02,NOP @ LAC,LAC,NOP,2024-25
0022401085,2025-03-30,NOP vs. CHA,NOP,CHA,2024-25
0022401072,2025-03-28,NOP vs. GSW,NOP,GSW,2024-25
0022401041,2025-03-24,NOP vs. PHI,NOP,PHI,2024-25
0022401029,2025-03-23,NOP @ DET,DET,NOP,2024-25
0022400987,2025-03-17,NOP vs. DET,NOP,DET,2024-25
0022400973,2025-03-15,NOP @ SAS,SAS,NOP,2024-25
0022401141,2025-03-13,NOP vs. ORL,NOP,ORL,2024-25
0022400943,2025-03-11,NOP vs. LAC,NOP,LAC,2024-25
0022400923,2025-03-09,NOP vs. MEM,NOP,MEM,2024-25
0022400890,2025-03-04,NOP @ LAL,LAL,NOP,2024-25
0022400872,2025-03-02,NOP @ UTA,UTA,NOP,2024-25
0022400857,2025-02-28,NOP @ PHX,PHX,NOP,2024-25
0022400833,2025-02-25,NOP vs. SAS,NOP,SAS,2024-25
0022400818,2025-02-23,NOP vs. SAS,NOP,SAS,2024-25
0022400803,2025-02-21,NOP @ DAL,DAL,NOP,2024-25
0022400785,2025-02-13,NOP vs. SAC,NOP,SAC,2024-25
0022400777,2025-02-12,NOP vs. SAC,NOP,SAC,2024-25
0022400761,2025-02-10,NOP @ OKC,OKC,NOP,2024-25
0022400750,2025-02-08,NOP @ SAC,SAC,NOP,2024-25
0022400706,2025-02-03,NOP @ DEN,DEN,NOP,2024-25
0022400683,2025-01-31,NOP vs. BOS,NOP,BOS,2024-25
0022400670,2025-01-29,NOP vs. DAL,NOP,DAL,2024-25
0022400637,2025-01-25,NOP @ CHA,CHA,NOP,2024-25
0022400632,2025-01-24,NOP @ MEM,MEM,NOP,2024-25
0022400605,2025-01-20,NOP vs. UTA,NOP,UTA,2024-25
0022400581,2025-01-17,NOP vs. UTA,NOP,UTA,2024-25
0022400566,2025-01-15,NOP vs. DAL,NOP,DAL,2024-25
0022400557,2025-01-14,NOP @ CHI,CHI,NOP,2024-25
0022400542,2025-01-12,NOP @ BOS,BOS,NOP,2024-25
0022400527,2025-01-10,NOP @ PHI,PHI,NOP,2024-25
0022400514,2025-01-08,NOP vs. POR,NOP,POR,2024-25
0022400489,2025-01-05,NOP @ WAS,WAS,NOP,2024-25
0022400472,2025-01-03,NOP vs. WAS,NOP,WAS,2024-25
0022400214,2024-11-11,NOP vs. BKN,NOP,BKN,2024-25
0022400186,2024-11-08,NOP @ ORL,ORL,NOP,2024-25
0022400164,2024-11-04,NOP vs. POR,NOP,POR,2024-25
0022400152,2024-11-03,NOP vs. ATL,NOP,ATL,2024-25
0022400138,2024-11-01,NOP vs. IND,NOP,IND,2024-25
0022400126,2024-10-30,NOP @ GSW,GSW,NOP,2024-25
0022400116,2024-10-29,NOP @ GSW,GSW,NOP,2024-25
0022400099,2024-10-27,NOP @ POR,POR,NOP,2024-25
0022400086,2024-10-25,NOP @ POR,POR,NOP,2024-25
0022400069,2024-10-23,NOP vs. CHI,NOP,CHI,2024-25
0022401190,2025-04-13,MIA vs. WAS,MIA,WAS,2024-25
0022401145,2025-04-07,MIA vs. PHI,MIA,PHI,2024-25
0022400786,2025-02-13,MIA @ DAL,DAL,MIA,2024-25
0022400673,2025-01-29,GSW vs. OKC,GSW,OKC,2024-25
0022400661,2025-01-28,GSW vs. UTA,GSW,UTA,2024-25
0022400525,2025-01-10,GSW @ IND,IND,GSW,2024-25
0022400518,2025-01-09,GSW @ DET,DET,GSW,2024-25
0022400492,2025-01-05,GSW vs. SAC,GSW,SAC,2024-25
0022400485,2025-01-04,GSW vs. MEM,GSW,MEM,2024-25
0022400467,2025-01-02,GSW vs. PHI,GSW,PHI,2024-25
0022400426,2024-12-27,GSW @ LAC,LAC,GSW,2024-25
0022401204,2024-12-11,GSW @ HOU,HOU,GSW,2024-25
0022400058,2024-12-03,GSW @ DEN,DEN,GSW,2024-25
0022400299,2024-11-27,GSW vs. OKC,GSW,OKC,2024-25
0022400284,2024-11-25,GSW vs. BKN,GSW,BKN,2024-25
0022400269,2024-11-23,GSW @ SAS,SAS,GSW,2024-25
0022400032,2024-11-22,GSW @ NOP,NOP,GSW,2024-25
0022400258,2024-11-20,GSW vs. ATL,GSW,ATL,2024-25
0022400251,2024-11-18,GSW @ LAC,LAC,GSW,2024-25
0022400207,2024-11-10,GSW @ OKC,OKC,GSW,2024-25
0022400172,2024-11-06,GSW @ BOS,BOS,GSW,2024-25
0022400155,2024-11-04,GSW @ WAS,WAS,GSW,2024-25
0022400144,2024-11-02,GSW @ HOU,HOU,GSW,2024-25
0022400101,2024-10-27,GSW vs. LAC,GSW,LAC,2024-25
0022400084,2024-10-25,GSW @ UTA,UTA,GSW,2024-25
0022400072,2024-10-23,GSW @ POR,POR,GSW,2024-25
0022401171,2025-04-11,MIL @ DET,DET,MIL,2024-25
0022401161,2025-04-10,MIL vs. NOP,MIL,NOP,2024-25
0022401115,2025-04-03,MIL @ PHI,PHI,MIL,2024-25
0022401083,2025-03-30,MIL vs. ATL,MIL,ATL,2024-25
0022401027,2025-03-22,MIL @ SAC,SAC,MIL,2024-25
0022400996,2025-03-20,MIL @ LAL,LAL,MIL,2024-25
0022401012,2025-03-18,MIL @ GSW,GSW,MIL,2024-25
0022400982,2025-03-16,MIL vs. OKC,MIL,OKC,2024-25
0022400972,2025-03-15,MIL vs. IND,MIL,IND,2024-25
0022400955,2025-03-13,MIL vs. LAL,MIL,LAL,2024-25
0022400942,2025-03-11,MIL @ IND,IND,MIL,2024-25
0022400917,2025-03-08,MIL vs. ORL,MIL,ORL,2024-25
0022400897,2025-03-05,MIL vs. DAL,MIL,DAL,2024-25
0022400884,2025-03-04,MIL @ ATL,ATL,MIL,2024-25
0022400865,2025-03-01,MIL @ DAL,DAL,MIL,2024-25
0022400846,2025-02-27,MIL vs. DEN,MIL,DEN,2024-25
0022400799,2025-02-21,MIL @ WAS,WAS,MIL,2024-25
0022400793,2025-02-20,MIL vs. LAC,MIL,LAC,2024-25
0022400684,2025-01-31,MIL @ SAS,SAS,MIL,2024-25
0022400662,2025-01-28,MIL @ POR,POR,MIL,2024-25
0022400658,2025-01-27,MIL @ UTA,UTA,MIL,2024-25
0022400646,2025-01-25,MIL @ LAC,LAC,MIL,2024-25
0022400594,2025-01-19,MIL vs. PHI,MIL,PHI,2024-25
0022400580,2025-01-17,MIL vs. TOR,MIL,TOR,2024-25
0022400564,2025-01-15,MIL vs. ORL,MIL,ORL,2024-25
0022400558,2025-01-14,MIL vs. SAC,MIL,SAC,2024-25
0022400526,2025-01-10,MIL @ ORL,ORL,MIL,2024-25
0022400516,2025-01-08,MIL vs. SAS,MIL,SAS,2024-25
0022400483,2025-01-04,MIL vs. POR,MIL,POR,2024-25
0022400465,2025-01-02,MIL vs. BKN,MIL,BKN,2024-25
0022400450,2024-12-31,MIL @ IND,IND,MIL,2024-25
0022401229,2024-12-14,MIL vs. ATL,MIL,ATL,2024-25
0022401201,2024-12-10,MIL vs. ORL,MIL,ORL,2024-25
0022400348,2024-12-08,MIL @ BKN,BKN,MIL,2024-25
0022400335,2024-12-06,MIL @ BOS,BOS,MIL,2024-25
0022400323,2024-12-04,MIL vs. ATL,MIL,ATL,2024-25
0022400052,2024-12-03,MIL @ DET,DET,MIL,2024-25
0022400302,2024-11-30,MIL vs. WAS,MIL,WAS,2024-25
0022400268,2024-11-23,MIL vs. CHA,MIL,CHA,2024-25
0022400029,2024-11-22,MIL vs. IND,MIL,IND,2024-25
0022400253,2024-11-20,MIL vs. CHI,MIL,CHI,2024-25
0022400229,2024-11-16,MIL @ CHA,CHA,MIL,2024-25
0022400223,2024-11-13,MIL vs. DET,MIL,DET,2024-25
0022400202,2024-11-10,MIL vs. BOS,MIL,BOS,2024-25
0022400189,2024-11-08,MIL @ NYK,NYK,MIL,2024-25
0022400182,2024-11-07,MIL vs. UTA,MIL,UTA,2024-25
0022400104,2024-10-28,MIL @ BOS,BOS,MIL,2024-25
0022400098,2024-10-27,MIL @ BKN,BKN,MIL,2024-25
0022400083,2024-10-25,MIL vs. CHI,MIL,CHI,2024-25
0022400066,2024-10-23,MIL @ PHI,PHI,MIL,2024-25
0022401186,2025-04-13,ORL @ ATL,ATL,ORL,2024-25
0022401172,2025-04-11,ORL @ IND,IND,ORL,2024-25
0022401156,2025-04-09,ORL vs. BOS,ORL,BOS,2024-25
0022401149,2025-04-08,ORL vs. ATL,ORL,ATL,2024-25
0022401112,2025-04-03,ORL @ WAS,WAS,ORL,2024-25
0022400988,2025-04-01,ORL @ SAS,SAS,ORL,2024-25
0022400944,2025-03-06,ORL vs. CHI,ORL,CHI,2024-25
0022400870,2025-03-02,ORL vs. TOR,ORL,TOR,2024-25
0022400845,2025-02-27,ORL vs. GSW,ORL,GSW,2024-25
0022400815,2025-02-23,ORL vs. WAS,ORL,WAS,2024-25
0022400790,2025-02-20,ORL @ ATL,ATL,ORL,2024-25
0022400770,2025-02-12,ORL vs. CHA,ORL,CHA,2024-25
0022400756,2025-02-10,ORL vs. ATL,ORL,ATL,2024-25
0022400743,2025-02-08,ORL vs. SAS,ORL,SAS,2024-25
0022400727,2025-02-05,ORL @ SAC,SAC,ORL,2024-25
0022400708,2025-02-03,ORL @ GSW,GSW,ORL,2024-25
0022400687,2025-02-01,ORL @ UTA,UTA,ORL,2024-25
0022400678,2025-01-30,ORL @ POR,POR,ORL,2024-25
0022400638,2025-01-25,ORL vs. DET,ORL,DET,2024-25
0022400593,2025-01-19,ORL vs. DEN,ORL,DEN,2024-25
0022400577,2025-01-17,ORL @ BOS,BOS,ORL,2024-25
0022400544,2025-01-12,ORL vs. PHI,ORL,PHI,2024-25
0022400490,2025-01-05,ORL vs. UTA,ORL,UTA,2024-25
0022400455,2025-01-01,ORL @ DET,DET,ORL,2024-25
0022400436,2024-12-29,ORL vs. BKN,ORL,BKN,2024-25
0022400393,2024-12-23,ORL vs. BOS,ORL,BOS,2024-25
0022400361,2024-12-19,ORL vs. OKC,ORL,OKC,2024-25
0022400333,2024-12-06,ORL @ PHI,PHI,ORL,2024-25
0022400053,2024-12-03,ORL @ NYK,NYK,ORL,2024-25
0022400305,2024-12-01,ORL @ BKN,BKN,ORL,2024-25
0022400043,2024-11-29,ORL @ BKN,BKN,ORL,2024-25
0022400289,2024-11-27,ORL vs. CHI,ORL,CHI,2024-25
0022400277,2024-11-25,ORL @ CHA,CHA,ORL,2024-25
0022400265,2024-11-23,ORL vs. DET,ORL,DET,2024-25
0022400263,2024-11-21,ORL @ LAL,LAL,ORL,2024-25
0022400259,2024-11-20,ORL @ LAC,LAC,ORL,2024-25
0022400010,2024-11-15,ORL vs. PHI,ORL,PHI,2024-25
0022400217,2024-11-13,ORL vs. IND,ORL,IND,2024-25
0022400003,2024-11-12,ORL vs. CHA,ORL,CHA,2024-25
0022400204,2024-11-10,ORL vs. WAS,ORL,WAS,2024-25
0022400163,2024-11-04,ORL @ OKC,OKC,ORL,2024-25
0022400153,2024-11-03,ORL @ DAL,DAL,ORL,2024-25
0022400102,2024-10-28,ORL vs. IND,ORL,IND,2024-25
0022400077,2024-10-25,ORL vs. BKN,ORL,BKN,2024-25
0022401151,2025-04-08,NYK vs. BOS,NYK,BOS,2024-25
0022400903,2025-03-06,NYK @ LAL,LAL,NYK,2024-25
0022400308,2024-12-01,NYK vs. NOP,NYK,NOP,2024-25
0022400040,2024-11-29,NYK @ CHA,CHA,NYK,2024-25
0022400292,2024-11-27,NYK @ DAL,DAL,NYK,2024-25
0022400264,2024-11-23,NYK @ UTA,UTA,NYK,2024-25
0022400246,2024-11-18,NYK vs. WAS,NYK,WAS,2024-25
0022400240,2024-11-17,NYK vs. BKN,NYK,BKN,2024-25
0022400014,2024-11-15,NYK vs. BKN,NYK,BKN,2024-25
0022400219,2024-11-13,NYK vs. CHI,NYK,CHI,2024-25
0022400004,2024-11-12,NYK @ PHI,PHI,NYK,2024-25
0022400203,2024-11-10,NYK @ IND,IND,NYK,2024-25
0022400171,2024-11-06,NYK @ ATL,ATL,NYK,2024-25
0022400134,2024-11-01,NYK @ DET,DET,NYK,2024-25
0022400081,2024-10-25,NYK vs. IND,NYK,IND,2024-25
0022400061,2024-10-22,NYK @ BOS,BOS,NYK,2024-25
0022401122,2025-04-04,POR @ CHI,CHI,POR,2024-25
0022401097,2025-04-01,POR @ ATL,ATL,POR,2024-25
0022401066,2025-03-27,POR @ SAC,SAC,POR,2024-25
0022401034,2025-03-23,POR vs. BOS,POR,BOS,2024-25
0022401022,2025-03-21,POR vs. DEN,POR,DEN,2024-25
0022400995,2025-03-17,POR vs. WAS,POR,WAS,2024-25
0022400938,2025-03-10,POR @ GSW,GSW,POR,2024-25
0022400891,2025-03-05,POR @ BOS,BOS,POR,2024-25
0022400876,2025-03-03,POR @ PHI,PHI,POR,2024-25
0022400839,2025-02-26,POR @ WAS,WAS,POR,2024-25
0022400827,2025-02-24,POR @ UTA,UTA,POR,2024-25
0022400810,2025-02-22,POR vs. CHA,POR,CHA,2024-25
0022400796,2025-02-20,POR vs. LAL,POR,LAL,2024-25
0022400780,2025-02-12,POR @ DEN,DEN,POR,2024-25
0022400732,2025-02-06,POR vs. SAC,POR,SAC,2024-25
0022400716,2025-02-04,POR vs. IND,POR,IND,2024-25
0022400647,2025-01-26,POR vs. OKC,POR,OKC,2024-25
0022400630,2025-01-24,POR @ CHA,CHA,POR,2024-25
0022400622,2025-01-23,POR @ ORL,ORL,POR,2024-25
0022400597,2025-01-19,POR vs. CHI,POR,CHI,2024-25
0022400521,2025-01-09,POR @ DAL,DAL,POR,2024-25
0022400493,2025-01-06,POR @ DET,DET,POR,2024-25
0022400468,2025-01-02,POR @ LAL,LAL,POR,2024-25
0022400447,2024-12-30,POR vs. PHI,POR,PHI,2024-25
0022400434,2024-12-28,POR vs. DAL,POR,DAL,2024-25
0022400417,2024-12-26,POR vs. UTA,POR,UTA,2024-25
0022400401,2024-12-23,POR @ DAL,DAL,POR,2024-25
0022400386,2024-12-21,POR @ SAS,SAS,POR,2024-25
0022400371,2024-12-19,POR vs. DEN,POR,DEN,2024-25
0022401215,2024-12-13,POR vs. SAS,POR,SAS,2024-25
0022400358,2024-12-08,POR @ LAL,LAL,POR,2024-25
0022400339,2024-12-06,POR vs. UTA,POR,UTA,2024-25
0022400060,2024-12-03,POR @ LAC,LAC,POR,2024-25
0022400312,2024-12-01,POR vs. DAL,POR,DAL,2024-25
0022400049,2024-11-29,POR vs. SAC,POR,SAC,2024-25
0022400288,2024-11-27,POR @ IND,IND,POR,2024-25
0022400267,2024-11-23,POR @ HOU,HOU,POR,2024-25
0022400256,2024-11-20,POR @ OKC,OKC,POR,2024-25
0022400239,2024-11-17,POR vs. ATL,POR,ATL,2024-25
0022400183,2024-11-07,POR @ SAS,SAS,POR,2024-25
0022400140,2024-11-01,POR vs. OKC,POR,OKC,2024-25
0022400127,2024-10-30,POR @ LAC,LAC,POR,2024-25
0022400112,2024-10-28,POR @ SAC,SAC,POR,2024-25
0022400575,2025-01-16,POR vs. LAC,POR,LAC,2024-25
0022400560,2025-01-14,POR vs. BKN,POR,BKN,2024-25
0022401191,2025-04-13,PHI vs. CHI,PHI,CHI,2024-25
0022401173,2025-04-11,PHI vs. ATL,PHI,ATL,2024-25
0022401157,2025-04-09,PHI @ WAS,WAS,PHI,2024-25
0022401053,2025-03-26,PHI vs. WAS,PHI,WAS,2024-25
0022401194,2025-04-13,MEM vs. DAL,MEM,DAL,2024-25
0022400895,2025-03-05,MEM vs. OKC,MEM,OKC,2024-25
0022400400,2024-12-23,WAS @ OKC,OKC,WAS,2024-25
0022401217,2024-12-15,WAS vs. BOS,WAS,BOS,2024-25
0022400341,2024-12-07,WAS vs. DEN,WAS,DEN,2024-25
0022400326,2024-12-05,WAS vs. DAL,WAS,DAL,2024-25
0022400291,2024-11-27,WAS vs. LAC,WAS,LAC,2024-25
0022400035,2024-11-26,WAS vs. CHI,WAS,CHI,2024-25
0022400237,2024-11-17,WAS vs. DET,WAS,DET,2024-25
0022400121,2024-10-30,WAS vs. ATL,WAS,ATL,2024-25
0022400103,2024-10-28,WAS @ ATL,ATL,WAS,2024-25
0022400073,2024-10-24,WAS vs. BOS,WAS,BOS,2024-25
0022401127,2025-04-04,LAC vs. DAL,LAC,DAL,2024-25
0022400674,2025-01-30,WAS vs. LAL,WAS,LAL,2024-25
0022400657,2025-01-27,WAS @ DAL,DAL,WAS,2024-25
0022400545,2025-01-12,WAS vs. OKC,WAS,OKC,2024-25
0022400530,2025-01-10,WAS @ CHI,CHI,WAS,2024-25
0022401045,2025-03-25,CHA vs. ORL,CHA,ORL,2024-25
0022400538,2025-03-16,CHA @ LAC,LAC,CHA,2024-25
0022400964,2025-03-14,CHA @ SAS,SAS,CHA,2024-25
0022400945,2025-03-12,CHA @ ATL,ATL,CHA,2024-25
0022400875,2025-03-03,CHA vs. GSW,CHA,GSW,2024-25
0022400860,2025-03-01,CHA vs. WAS,CHA,WAS,2024-25
0022400828,2025-02-24,CHA @ SAC,SAC,CHA,2024-25
0022400524,2025-02-19,CHA @ LAL,LAL,CHA,2024-25
0022400758,2025-02-10,CHA @ BKN,BKN,CHA,2024-25
0022400734,2025-02-07,CHA vs. SAS,CHA,SAS,2024-25
0022400648,2025-01-27,CHA vs. LAL,CHA,LAL,2024-25
0022400599,2025-01-20,CHA vs. DAL,CHA,DAL,2024-25
0022400584,2025-01-17,CHA @ CHI,CHI,CHA,2024-25
0022400569,2025-01-15,CHA @ UTA,UTA,CHA,2024-25
0022400412,2024-12-26,CHA @ WAS,WAS,CHA,2024-25
0022400362,2024-12-19,CHA @ WAS,WAS,CHA,2024-25
0022401222,2024-12-16,CHA vs. PHI,CHA,PHI,2024-25
0022400260,2024-11-21,CHA vs. DET,CHA,DET,2024-25
0022400022,2024-11-19,CHA @ BKN,BKN,CHA,2024-25
0022400205,2024-11-10,CHA @ PHI,PHI,CHA,2024-25
0022400184,2024-11-08,CHA vs. IND,CHA,IND,2024-25
0022400169,2024-11-06,CHA vs. DET,CHA,DET,2024-25
0022400141,2024-11-02,CHA vs. BOS,CHA,BOS,2024-25
0022400132,2024-11-01,CHA vs. BOS,CHA,BOS,2024-25
0022400079,2024-10-25,CHA @ ATL,ATL,CHA,2024-25
0022400068,2024-10-23,CHA @ HOU,HOU,CHA,2024-25
0022400842,2025-02-26,CHI vs. LAC,CHI,LAC,2024-25
0022400823,2025-02-24,CHI @ PHI,PHI,CHI,2024-25
0022400695,2025-02-02,CHI @ DET,DET,CHI,2024-25
0022400666,2025-01-29,CHI @ BOS,BOS,CHI,2024-25
0022400655,2025-01-27,CHI vs. DEN,CHI,DEN,2024-25
0022400642,2025-01-25,CHI vs. PHI,CHI,PHI,2024-25
0022400628,2025-01-23,CHI @ GSW,GSW,CHI,2024-25
0022400611,2025-01-20,CHI @ LAC,LAC,CHI,2024-25
0022400541,2025-01-12,CHI vs. SAC,CHI,SAC,2024-25
0022400510,2025-01-08,CHI @ IND,IND,CHI,2024-25
0022400498,2025-01-06,CHI vs. SAS,CHI,SAS,2024-25
0022400456,2025-01-01,CHI @ WAS,WAS,CHI,2024-25
0022400442,2024-12-30,CHI @ CHA,CHA,CHI,2024-25
0022400430,2024-12-28,CHI vs. MIL,CHI,MIL,2024-25
0022400381,2024-12-21,CHI vs. BOS,CHI,BOS,2024-25
0022400363,2024-12-19,CHI @ BOS,BOS,CHI,2024-25
0022401212,2024-12-13,CHI vs. CHA,CHI,CHA,2024-25
0022400347,2024-12-08,CHI vs. PHI,CHI,PHI,2024-25
0022400336,2024-12-06,CHI vs. IND,CHI,IND,2024-25
0022400317,2024-12-02,CHI vs. BKN,CHI,BKN,2024-25
0022400047,2024-11-29,CHI vs. BOS,CHI,BOS,2024-25
0022400091,2024-10-26,CHI vs. OKC,CHI,OKC,2024-25
0022400983,2025-01-23,LAC vs. WAS,LAC,WAS,2024-25
0022400620,2025-01-22,LAC vs. BOS,LAC,BOS,2024-25
0022400596,2025-01-19,LAC vs. LAL,LAC,LAL,2024-25
0022400571,2025-01-15,LAC vs. BKN,LAC,BKN,2024-25
0022400553,2025-01-13,LAC vs. MIA,LAC,MIA,2024-25
0022400466,2025-01-02,LAC @ OKC,OKC,LAC,2024-25
0022400451,2024-12-31,LAC @ SAS,SAS,LAC,2024-25
0022400444,2024-12-30,LAC @ NOP,NOP,LAC,2024-25
0022400385,2024-12-21,LAC @ DAL,DAL,LAC,2024-25
0022400368,2024-12-19,LAC @ DAL,DAL,LAC,2024-25
0022401226,2024-12-16,LAC vs. UTA,LAC,UTA,2024-25
0022401213,2024-12-13,LAC @ DEN,DEN,LAC,2024-25
0022400314,2024-12-01,LAC vs. DEN,LAC,DEN,2024-25
0022400274,2024-11-24,LAC @ PHI,PHI,LAC,2024-25
0022400034,2024-11-22,LAC vs. SAC,LAC,SAC,2024-25
0022400243,2024-11-17,LAC vs. UTA,LAC,UTA,2024-25
0022401091,2025-03-31,ORL vs. LAC,ORL,LAC,2024-25
0022401074,2025-03-29,ORL vs. SAC,ORL,SAC,2024-25
0022401060,2025-03-27,ORL vs. DAL,ORL,DAL,2024-25
0022401038,2025-03-24,ORL vs. LAL,ORL,LAL,2024-25
0022401014,2025-03-21,ORL @ WAS,WAS,ORL,2024-25
0022400883,2025-03-04,ORL vs. TOR,ORL,TOR,2024-25
0022400608,2025-01-21,ORL @ TOR,TOR,ORL,2024-25
0022400123,2024-10-30,ORL @ CHI,CHI,ORL,2024-25
0022400992,2025-03-17,MEM @ SAC,SAC,MEM,2024-25
0022400950,2025-03-12,MEM vs. UTA,MEM,UTA,2024-25
0022400878,2025-03-03,MEM vs. ATL,MEM,ATL,2024-25
0022400643,2025-01-25,MEM vs. UTA,MEM,UTA,2024-25
0022400476,2025-01-03,MEM @ SAC,SAC,MEM,2024-25
0022400453,2024-12-31,MEM @ PHX,PHX,MEM,2024-25
0022400440,2024-12-29,MEM @ OKC,OKC,MEM,2024-25
0022400423,2024-12-27,MEM @ NOP,NOP,MEM,2024-25
0022401199,2025-04-13,POR vs. LAL,POR,LAL,2024-25
0022401183,2025-04-11,POR vs. GSW,POR,GSW,2024-25
0022401162,2025-04-09,POR @ UTA,UTA,POR,2024-25
0022401139,2025-04-06,POR vs. SAS,POR,SAS,2024-25
0022400926,2025-03-09,POR vs. DET,POR,DET,2024-25
0022400853,2025-02-28,POR @ BKN,BKN,POR,2024-25
0022401169,2025-04-10,ATL @ BKN,BKN,ATL,2024-25
0022401109,2025-04-02,ATL @ DAL,DAL,ATL,2024-25
0022401031,2025-03-23,ATL vs. PHI,ATL,PHI,2024-25
0022401025,2025-03-22,ATL vs. GSW,ATL,GSW,2024-25
0022400993,2025-03-18,ATL @ CHA,CHA,ATL,2024-25
0022400978,2025-03-16,ATL @ BKN,BKN,ATL,2024-25
0022400960,2025-03-14,ATL vs. LAC,ATL,LAC,2024-25
0022400851,2025-02-28,ATL vs. OKC,ATL,OKC,2024-25
0022400736,2025-02-07,ATL vs. MIL,ATL,MIL,2024-25
0022400719,2025-02-05,ATL vs. SAS,ATL,SAS,2024-25
0022400701,2025-02-03,ATL @ DET,DET,ATL,2024-25
0022400686,2025-02-01,ATL @ IND,IND,ATL,2024-25
0022400639,2025-01-25,ATL vs. TOR,ATL,TOR,2024-25
0022400623,2025-01-23,ATL vs. TOR,ATL,TOR,2024-25
0022400486,2025-01-04,ATL @ LAC,LAC,ATL,2024-25
0022400477,2025-01-03,ATL @ LAL,LAL,ATL,2024-25
0022400461,2025-01-01,ATL @ DEN,DEN,ATL,2024-25
0022400157,2024-11-04,ATL vs. BOS,ATL,BOS,2024-25
0022401163,2025-04-09,SAS @ GSW,GSW,SAS,2024-25
0022401155,2025-04-08,SAS @ LAC,LAC,SAS,2024-25
0022401086,2025-03-30,SAS vs. GSW,SAS,GSW,2024-25
0022401080,2025-03-29,SAS vs. BOS,SAS,BOS,2024-25
0022401046,2025-03-25,SAS @ DET,DET,SAS,2024-25
0022401018,2025-03-21,SAS vs. PHI,SAS,PHI,2024-25
0022400537,2025-03-17,SAS @ LAL,LAL,SAS,2024-25
0022400951,2025-03-12,SAS vs. DAL,SAS,DAL,2024-25
0022400937,2025-03-10,SAS vs. DAL,SAS,DAL,2024-25
0022400910,2025-03-07,SAS @ SAC,SAC,SAS,2024-25
0022400888,2025-03-04,SAS vs. BKN,SAS,BKN,2024-25
0022400871,2025-03-02,SAS vs. OKC,SAS,OKC,2024-25
0022400802,2025-02-21,SAS vs. DET,SAS,DET,2024-25
0022400769,2025-02-12,SAS @ BOS,BOS,SAS,2024-25
0022400757,2025-02-10,SAS @ WAS,WAS,SAS,2024-25
0022400671,2025-01-29,SAS vs. LAC,SAS,LAC,2024-25
0022400633,2025-01-25,SAS vs. IND,SAS,IND,2024-25
0022400621,2025-01-23,SAS @ IND,IND,SAS,2024-25
0022400552,2025-01-13,SAS @ LAL,LAL,SAS,2024-25
0022400484,2025-01-04,SAS vs. DEN,SAS,DEN,2024-25
0022400475,2025-01-03,SAS @ DEN,DEN,SAS,2024-25
0022400421,2024-12-27,SAS @ BKN,BKN,SAS,2024-25
0022400394,2024-12-23,SAS @ PHI,PHI,SAS,2024-25
0022400370,2024-12-19,SAS vs. ATL,SAS,ATL,2024-25
0022400354,2024-12-08,SAS vs. NOP,SAS,NOP,2024-25
0022400337,2024-12-06,SAS vs. SAC,SAS,SAC,2024-25
0022400331,2024-12-05,SAS vs. CHI,SAS,CHI,2024-25
0022400313,2024-12-01,SAS @ SAC,SAC,SAS,2024-25
0022400296,2024-11-27,SAS vs. LAL,SAS,LAL,2024-25
0022400038,2024-11-26,SAS @ UTA,UTA,SAS,2024-25
0022400262,2024-11-21,SAS vs. UTA,SAS,UTA,2024-25
0022400025,2024-11-19,SAS vs. OKC,SAS,OKC,2024-25
0022400232,2024-11-16,SAS @ DAL,DAL,SAS,2024-25
0022400015,2024-11-15,SAS vs. LAL,SAS,LAL,2024-25
0022400224,2024-11-13,SAS vs. WAS,SAS,WAS,2024-25
0022400216,2024-11-11,SAS vs. SAC,SAS,SAC,2024-25
0022400197,2024-11-09,SAS vs. UTA,SAS,UTA,2024-25
0022400173,2024-11-06,SAS @ HOU,HOU,SAS,2024-25
0022400168,2024-11-04,SAS @ LAC,LAC,SAS,2024-25
0022400130,2024-10-31,SAS @ UTA,UTA,SAS,2024-25
0022400125,2024-10-30,SAS @ OKC,OKC,SAS,2024-25
0022400094,2024-10-26,SAS vs. HOU,SAS,HOU,2024-25
0022400074,2024-10-24,SAS @ DAL,DAL,SAS,2024-25
0022401158,2025-04-09,TOR vs. CHA,TOR,CHA,2024-25
0022401099,2025-04-01,TOR @ CHI,CHI,TOR,2024-25
0022401069,2025-03-28,TOR vs. CHA,TOR,CHA,2024-25
0022400991,2025-03-17,TOR @ PHX,PHX,TOR,2024-25
0022400966,2025-03-14,TOR @ UTA,UTA,TOR,2024-25
0022400932,2025-03-10,TOR vs. WAS,TOR,WAS,2024-25
0022400915,2025-03-08,TOR vs. WAS,TOR,WAS,2024-25
0022400905,2025-03-07,TOR vs. UTA,TOR,UTA,2024-25
0022400534,2025-01-11,TOR @ DET,DET,TOR,2024-25
0022401121,2025-04-04,TOR vs. DET,TOR,DET,2024-25
0022400947,2025-03-12,TOR vs. PHI,TOR,PHI,2024-25
0022401166,2025-04-09,LAC vs. HOU,LAC,HOU,2024-25
0022401132,2025-04-05,LAC vs. DAL,LAC,DAL,2024-25
0022401068,2025-03-28,LAC @ BKN,BKN,LAC,2024-25
0022401036,2025-03-23,LAC vs. OKC,LAC,OKC,2024-25
0022400927,2025-03-09,LAC vs. SAC,LAC,SAC,2024-25
0022400898,2025-03-05,LAC vs. DET,LAC,DET,2024-25
0022400874,2025-03-02,LAC @ LAL,LAL,LAC,2024-25
0022400859,2025-02-28,LAC @ LAL,LAL,LAC,2024-25
0022400821,2025-02-24,LAC @ DET,DET,LAC,2024-25
0022400813,2025-02-23,LAC @ IND,IND,LAC,2024-25
0022401004,2025-02-13,LAC @ UTA,UTA,LAC,2024-25
0022400751,2025-02-08,LAC vs. UTA,LAC,UTA,2024-25
0022400733,2025-02-06,LAC vs. IND,LAC,IND,2024-25
0022400715,2025-02-04,LAC vs. LAL,LAC,LAL,2024-25
0022400281,2024-11-25,LAC @ BOS,BOS,LAC,2024-25
0022400222,2024-11-13,LAC @ HOU,HOU,LAC,2024-25
0022400215,2024-11-11,LAC @ OKC,OKC,LAC,2024-25
0022400196,2024-11-08,LAC @ SAC,SAC,LAC,2024-25
0022400179,2024-11-06,LAC vs. PHI,LAC,PHI,2024-25
0022400150,2024-11-02,LAC vs. OKC,LAC,OKC,2024-25
0022400087,2024-10-26,LAC @ DEN,DEN,LAC,2024-25
0022401187,2025-04-13,CHA @ BOS,BOS,CHA,2024-25
0022401174,2025-04-11,CHA @ BOS,BOS,CHA,2024-25
0022401104,2025-04-02,CHA @ IND,IND,CHA,2024-25
0022400912,2025-03-08,CHA vs. BKN,CHA,BKN,2024-25
0022400847,2025-02-27,CHA @ DAL,DAL,CHA,2024-25
0022400834,2025-02-25,CHA @ GSW,GSW,CHA,2024-25
0022400794,2025-02-20,CHA @ DEN,DEN,CHA,2024-25
0022400977,2025-03-16,PHX @ LAL,LAL,PHX,2024-25
0022400967,2025-03-14,PHX vs. SAC,PHX,SAC,2024-25
0022400431,2024-12-28,PHX @ GSW,GSW,PHX,2024-25
0022400425,2024-12-27,PHX vs. DAL,PHX,DAL,2024-25
0022400409,2024-12-25,PHX vs. DEN,PHX,DEN,2024-25
0022400085,2024-10-25,PHX @ LAL,LAL,PHX,2024-25
0022401192,2025-04-13,DET @ MIL,MIL,DET,2024-25
0022401144,2025-04-07,DET vs. SAC,DET,SAC,2024-25
0022401108,2025-04-02,DET @ OKC,OKC,DET,2024-25
0022401019,2025-03-21,DET @ DAL,DAL,DET,2024-25
0022400969,2025-03-15,DET vs. OKC,DET,OKC,2024-25
0022400954,2025-03-13,DET vs. WAS,DET,WAS,2024-25
0022400941,2025-03-11,DET vs. WAS,DET,WAS,2024-25
0022400919,2025-03-08,DET @ GSW,GSW,DET,2024-25
0022400881,2025-03-03,DET @ UTA,UTA,DET,2024-25
0022400861,2025-03-01,DET vs. BKN,DET,BKN,2024-25
0022400850,2025-02-28,DET vs. DEN,DET,DEN,2024-25
0022400836,2025-02-26,DET vs. BOS,DET,BOS,2024-25
0022400814,2025-02-23,DET @ ATL,ATL,DET,2024-25
0022400775,2025-02-12,DET @ CHI,CHI,DET,2024-25
0022400766,2025-02-11,DET @ CHI,CHI,DET,2024-25
0022400752,2025-02-09,DET vs. CHA,DET,CHA,2024-25
0022400738,2025-02-07,DET vs. PHI,DET,PHI,2024-25
0022400680,2025-01-31,DET vs. DAL,DET,DAL,2024-25
0022400664,2025-01-29,DET @ IND,IND,DET,2024-25
0022400612,2025-01-22,DET @ ATL,ATL,DET,2024-25
0022400600,2025-01-20,DET @ HOU,HOU,DET,2024-25
0022400572,2025-01-16,DET vs. IND,DET,IND,2024-25
0022400513,2025-01-08,DET @ BKN,BKN,DET,2024-25
0022400469,2025-01-03,DET vs. CHA,DET,CHA,2024-25
0022400432,2024-12-28,DET @ DEN,DEN,DET,2024-25
0022400418,2024-12-26,DET @ SAC,SAC,DET,2024-25
0022400404,2024-12-23,DET @ LAL,LAL,DET,2024-25
0022400360,2024-12-19,DET vs. UTA,DET,UTA,2024-25
0022401205,2024-12-12,DET @ BOS,BOS,DET,2024-25
0022400319,2024-12-04,DET @ BOS,BOS,DET,2024-25
0022400301,2024-11-30,DET vs. PHI,DET,PHI,2024-25
0022400045,2024-11-29,DET @ IND,IND,DET,2024-25
0022400244,2024-11-18,DET vs. CHI,DET,CHI,2024-25
0022400201,2024-11-10,DET vs. HOU,DET,HOU,2024-25
0022400185,2024-11-08,DET vs. ATL,DET,ATL,2024-25
0022400156,2024-11-04,DET vs. LAL,DET,LAL,2024-25
0022400151,2024-11-03,DET @ BKN,BKN,DET,2024-25
0022400120,2024-10-30,DET @ PHI,PHI,DET,2024-25
0022400089,2024-10-26,DET vs. BOS,DET,BOS,2024-25
0022400063,2024-10-23,DET vs. IND,DET,IND,2024-25
0022400717,2025-02-05,MIL @ CHA,CHA,MIL,2024-25
0022400705,2025-02-03,MIL @ OKC,OKC,MIL,2024-25
0022400398,2024-12-23,MIL @ CHI,CHI,MIL,2024-25
0022400382,2024-12-21,MIL vs. WAS,MIL,WAS,2024-25
0022400968,2025-03-15,BKN vs. BOS,BKN,BOS,2024-25
0022400930,2025-03-10,BKN vs. LAL,BKN,LAL,2024-25
0022400840,2025-02-26,BKN vs. OKC,BKN,OKC,2024-25
0022400824,2025-02-24,BKN @ WAS,WAS,BKN,2024-25
0022400807,2025-02-22,BKN @ PHI,PHI,BKN,2024-25
0022400772,2025-02-12,BKN vs. PHI,BKN,PHI,2024-25
0022400720,2025-02-05,BKN vs. WAS,BKN,WAS,2024-25
0022400663,2025-01-29,BKN @ CHA,CHA,BKN,2024-25
0022400651,2025-01-27,BKN vs. SAC,BKN,SAC,2024-25
0022400595,2025-01-19,BKN @ OKC,OKC,BKN,2024-25
0022400546,2025-01-12,BKN @ UTA,UTA,BKN,2024-25
0022400531,2025-01-10,BKN @ DEN,DEN,BKN,2024-25
0022400495,2025-01-06,BKN vs. IND,BKN,IND,2024-25
0022400478,2025-01-04,BKN vs. PHI,BKN,PHI,2024-25
0022400415,2024-12-26,BKN @ MIL,MIL,BKN,2024-25
0022400322,2024-12-04,ORL @ PHI,PHI,ORL,2024-25
0022400170,2024-11-06,ORL @ IND,IND,ORL,2024-25
0022401198,2025-04-13,LAC @ GSW,GSW,LAC,2024-25
0022401184,2025-04-11,LAC @ SAC,SAC,LAC,2024-25
0022400587,2025-01-18,ATL @ BOS,BOS,ATL,2024-25
0022400563,2025-01-15,ATL @ CHI,CHI,ATL,2024-25
0022400506,2025-01-07,ATL @ UTA,UTA,ATL,2024-25
0022400334,2024-12-06,ATL vs. LAL,ATL,LAL,2024-25
0022400315,2024-12-02,ATL vs. NOP,ATL,NOP,2024-25
0022400280,2024-11-25,ATL vs. DAL,ATL,DAL,2024-25
0022400030,2024-11-22,ATL @ CHI,CHI,ATL,2024-25
0022400250,2024-11-18,ATL @ SAC,SAC,ATL,2024-25
0022400064,2024-10-23,ATL vs. BKN,ATL,BKN,2024-25
0022400018,2024-11-15,PHX @ OKC,OKC,PHX,2024-25
0022400227,2024-11-13,PHX @ SAC,SAC,PHX,2024-25
0022400959,2025-03-14,PHI vs. IND,PHI,IND,2024-25
0022400928,2025-03-10,PHI @ ATL,ATL,PHI,2024-25
0022400924,2025-03-09,PHI vs. UTA,PHI,UTA,2024-25
0022400900,2025-03-06,PHI @ BOS,BOS,PHI,2024-25
0022400789,2025-02-20,PHI vs. BOS,PHI,BOS,2024-25
0022400712,2025-02-04,PHI vs. DAL,PHI,DAL,2024-25
0022400698,2025-02-02,PHI vs. BOS,PHI,BOS,2024-25
0022400681,2025-01-31,PHI vs. DEN,PHI,DEN,2024-25
0022400669,2025-01-29,PHI vs. SAC,PHI,SAC,2024-25
0022400660,2025-01-28,PHI vs. LAL,PHI,LAL,2024-25
0022400609,2025-01-21,PHI @ DEN,DEN,PHI,2024-25
0022400588,2025-01-18,PHI @ IND,IND,PHI,2024-25
0022400555,2025-01-14,PHI vs. OKC,PHI,OKC,2024-25
0022400512,2025-01-08,PHI vs. WAS,PHI,WAS,2024-25
0022400050,2024-12-03,PHI @ CHA,CHA,PHI,2024-25
0022400195,2024-11-08,PHI @ LAL,LAL,PHI,2024-25
0022401007,2025-03-19,PHX vs. CHI,PHX,CHI,2024-25
0022400095,2024-10-26,PHX vs. DAL,PHX,DAL,2024-25
0022400390,2024-12-22,NOP vs. DEN,NOP,DEN,2024-25
0022401216,2024-12-15,NOP @ IND,IND,NOP,2024-25
0022401207,2024-12-12,NOP vs. SAC,NOP,SAC,2024-25
0022400342,2024-12-07,NOP vs. OKC,NOP,OKC,2024-25
0022400279,2024-11-25,NOP @ IND,IND,NOP,2024-25
0022400024,2024-11-19,NOP @ DAL,DAL,NOP,2024-25
0022400231,2024-11-16,NOP vs. LAL,NOP,LAL,2024-25
0022400017,2024-11-15,NOP vs. DEN,NOP,DEN,2024-25
0022400221,2024-11-13,NOP @ OKC,OKC,NOP,2024-25
0022401142,2025-04-06,IND @ DEN,DEN,IND,2024-25
0022401119,2025-04-04,IND vs. UTA,IND,UTA,2024-25
0022401090,2025-03-31,IND vs. SAC,IND,SAC,2024-25
0022401079,2025-03-29,IND @ OKC,OKC,IND,2024-25
0022401061,2025-03-27,IND @ WAS,WAS,IND,2024-25
0022400998,2025-03-19,IND vs. DAL,IND,DAL,2024-25
0022400933,2025-03-10,IND @ CHI,CHI,IND,2024-25
0022400868,2025-03-02,IND vs. CHI,IND,CHI,2024-25
0022401165,2025-04-09,DEN @ SAC,SAC,DEN,2024-25
0022401057,2025-03-26,DEN vs. MIL,DEN,MIL,2024-25
0022401042,2025-03-24,DEN vs. CHI,DEN,CHI,2024-25
0022401006,2025-03-19,DEN @ LAL,LAL,DEN,2024-25
0022400975,2025-03-15,DEN vs. WAS,DEN,WAS,2024-25
0022400965,2025-03-14,DEN vs. LAL,DEN,LAL,2024-25
0022400936,2025-03-10,DEN @ OKC,OKC,DEN,2024-25
0022400896,2025-03-05,DEN vs. SAC,DEN,SAC,2024-25
0022400866,2025-03-02,DEN @ BOS,BOS,DEN,2024-25
0022400822,2025-02-24,DEN @ IND,IND,DEN,2024-25
0022400808,2025-02-22,DEN vs. LAL,DEN,LAL,2024-25
0022400688,2025-02-01,DEN @ CHA,CHA,DEN,2024-25
0022400626,2025-01-23,DEN vs. SAC,DEN,SAC,2024-25
0022400540,2025-01-12,DEN @ DAL,DAL,DEN,2024-25
0022400445,2024-12-30,DEN @ UTA,UTA,DEN,2024-25
0022400208,2024-11-10,DEN vs. DAL,DEN,DAL,2024-25
0022400177,2024-11-06,DEN vs. OKC,DEN,OKC,2024-25
0022400113,2024-10-29,DEN @ BKN,BKN,DEN,2024-25
0022401133,2025-04-06,CHA vs. CHI,CHA,CHI,2024-25
0022401118,2025-04-04,CHA vs. SAC,CHA,SAC,2024-25
0022401089,2025-03-31,CHA vs. UTA,CHA,UTA,2024-25
0022401017,2025-03-21,CHA @ OKC,OKC,CHA,2024-25
0022400700,2025-02-03,CHA vs. WAS,CHA,WAS,2024-25
0022400679,2025-01-31,CHA vs. LAC,CHA,LAC,2024-25
0022400428,2024-12-28,CHA vs. OKC,CHA,OKC,2024-25
0022400373,2024-12-20,CHA @ PHI,PHI,CHA,2024-25
0022401002,2025-03-19,PHI @ OKC,OKC,PHI,2024-25
0022400976,2025-03-16,PHI @ DAL,DAL,PHI,2024-25
0022400771,2025-02-12,WAS vs. IND,WAS,IND,2024-25
0022400744,2025-02-08,WAS vs. ATL,WAS,ATL,2024-25
0022400272,2024-11-24,WAS @ IND,IND,WAS,2024-25
0022400028,2024-11-22,WAS vs. BOS,WAS,BOS,2024-25
0022401107,2025-04-02,HOU vs. UTA,HOU,UTA,2024-25
0022401065,2025-03-27,HOU @ UTA,UTA,HOU,2024-25
0022400961,2025-03-14,HOU vs. DAL,HOU,DAL,2024-25
0022400809,2025-02-22,HOU @ UTA,UTA,HOU,2024-25
0022400532,2025-01-28,HOU @ ATL,ATL,HOU,2024-25
0022400254,2024-11-20,HOU vs. IND,HOU,IND,2024-25
0022400241,2024-11-17,HOU @ CHI,CHI,HOU,2024-25
0022400617,2025-04-06,NOP vs. MIL,NOP,MIL,2024-25
0022401137,2025-04-06,BOS vs. WAS,BOS,WAS,2024-25
0022401044,2025-03-24,BOS @ SAC,SAC,BOS,2024-25
0022400946,2025-03-12,BOS vs. OKC,BOS,OKC,2024-25
0022400929,2025-03-10,BOS vs. UTA,BOS,UTA,2024-25
0022400918,2025-03-08,BOS vs. LAL,BOS,LAL,2024-25
0022400728,2025-02-06,BOS vs. DAL,BOS,DAL,2024-25
0022400635,2025-01-25,BOS @ DAL,DAL,BOS,2024-25
0022400629,2025-01-23,BOS @ LAL,LAL,BOS,2024-25
0022400604,2025-01-20,BOS @ GSW,GSW,BOS,2024-25
0022400528,2025-01-10,BOS vs. SAC,BOS,SAC,2024-25
0022400487,2025-01-05,BOS @ OKC,OKC,BOS,2024-25
0022400437,2024-12-29,BOS vs. IND,BOS,IND,2024-25
0022400420,2024-12-27,BOS vs. IND,BOS,IND,2024-25
0022400407,2024-12-25,BOS vs. PHI,BOS,PHI,2024-25
0022400218,2024-11-13,BOS @ BKN,BKN,BOS,2024-25
0022400001,2024-11-12,BOS vs. ATL,BOS,ATL,2024-25
0022400119,2024-10-30,BOS @ IND,IND,BOS,2024-25
0022400812,2025-02-23,DAL @ GSW,GSW,DAL,2024-25
0022400320,2024-12-04,IND @ BKN,BKN,IND,2024-25
0022401148,2025-04-08,IND vs. WAS,IND,WAS,2024-25
0022401055,2025-03-26,IND vs. LAL,IND,LAL,2024-25
0022401024,2025-03-22,IND vs. BKN,IND,BKN,2024-25
0022401011,2025-03-20,IND vs. BKN,IND,BKN,2024-25
0022400914,2025-03-08,IND @ ATL,ATL,IND,2024-25
0022400899,2025-03-06,IND @ ATL,ATL,IND,2024-25
0022400742,2025-02-08,IND @ LAL,LAL,IND,2024-25
0022400707,2025-02-03,IND @ UTA,UTA,IND,2024-25
0022400410,2024-12-26,IND vs. OKC,IND,OKC,2024-25
0022400403,2024-12-23,IND @ GSW,GSW,IND,2024-25
0022400389,2024-12-22,IND @ SAC,SAC,IND,2024-25
0022400300,2024-11-30,ATL @ CHA,CHA,ATL,2024-25
0022400754,2025-02-09,PHI @ MIL,MIL,PHI,2024-25
0022400598,2025-01-19,WAS @ SAC,SAC,WAS,2024-25
0022401117,2025-04-03,GSW @ LAL,LAL,GSW,2024-25
0022400990,2025-03-17,GSW vs. DEN,GSW,DEN,2024-25
0022400957,2025-03-13,GSW vs. SAC,GSW,SAC,2024-25
0022400901,2025-03-06,GSW @ BKN,BKN,GSW,2024-25
0022400805,2025-02-21,GSW @ SAC,SAC,GSW,2024-25
0022400782,2025-02-12,GSW @ DAL,DAL,GSW,2024-25
0022400760,2025-02-10,GSW @ MIL,MIL,GSW,2024-25
0022400745,2025-02-08,GSW @ CHI,CHI,GSW,2024-25
0022401176,2025-04-11,CHI vs. WAS,CHI,WAS,2024-25
0022401094,2025-03-31,CHI @ OKC,OKC,CHI,2024-25
0022401077,2025-03-29,CHI vs. DAL,CHI,DAL,2024-25
0022401063,2025-03-27,CHI vs. LAL,CHI,LAL,2024-25
0022401028,2025-03-22,CHI @ LAL,LAL,CHI,2024-25
0022401013,2025-03-20,CHI @ SAC,SAC,CHI,2024-25
0022400989,2025-03-17,CHI @ UTA,UTA,CHI,2024-25
0022400956,2025-03-13,CHI vs. BKN,CHI,BKN,2024-25
0022400198,2024-11-09,CHI @ ATL,ATL,CHI,2024-25
0022400176,2024-11-06,CHI @ DAL,DAL,CHI,2024-25
0022400160,2024-11-04,CHI vs. UTA,CHI,UTA,2024-25
0022400908,2025-03-07,POR @ OKC,OKC,POR,2024-25
0022400413,2024-12-26,ATL vs. CHI,ATL,CHI,2024-25
0022400012,2024-11-15,ATL vs. WAS,ATL,WAS,2024-25
0022400135,2024-11-01,ATL vs. SAC,ATL,SAC,2024-25
0022400100,2024-10-27,ATL @ OKC,OKC,ATL,2024-25
0022401181,2025-04-11,OKC @ UTA,UTA,OKC,2024-25
0022401153,2025-04-08,OKC vs. LAL,OKC,LAL,2024-25
0022401052,2025-03-25,OKC @ SAC,SAC,OKC,2024-25
0022400804,2025-02-21,OKC @ UTA,UTA,OKC,2024-25
0022400625,2025-01-23,OKC vs. DAL,OKC,DAL,2024-25
0022400618,2025-01-22,OKC vs. UTA,OKC,UTA,2024-25
0022400583,2025-01-17,OKC @ DAL,DAL,OKC,2024-25
0022401203,2024-12-10,OKC vs. DAL,OKC,DAL,2024-25
0022400055,2024-12-03,OKC vs. UTA,OKC,UTA,2024-25
0022400048,2024-11-29,OKC @ LAL,LAL,OKC,2024-25
0022400285,2024-11-25,OKC @ SAC,SAC,OKC,2024-25
0022401105,2025-04-02,WAS vs. SAC,WAS,SAC,2024-25
0022401075,2025-03-29,WAS vs. BKN,WAS,BKN,2024-25
0022400627,2025-03-19,WAS @ UTA,UTA,WAS,2024-25
0022400894,2025-03-05,WAS vs. UTA,WAS,UTA,2024-25
0022400610,2025-01-21,WAS @ LAL,LAL,WAS,2024-25
0022400589,2025-01-18,WAS @ GSW,GSW,WAS,2024-25
0022400691,2025-02-01,SAC @ OKC,OKC,SAC,2024-25
0022400619,2025-01-22,SAC vs. GSW,SAC,GSW,2024-25
0022401135,2025-04-06,OKC vs. LAL,OKC,LAL,2024-25
0022400879,2025-03-03,OKC vs. HOU,OKC,HOU,2024-25
0022401159,2025-04-09,DAL vs. LAL,DAL,LAL,2024-25
0022401095,2025-03-31,DAL vs. BKN,DAL,BKN,2024-25
0022401040,2025-03-24,DAL @ BKN,BKN,DAL,2024-25
0022400880,2025-03-03,DAL vs. SAC,DAL,SAC,2024-25
0022400835,2025-02-25,DAL @ LAL,LAL,DAL,2024-25
0022400762,2025-02-10,DAL vs. SAC,DAL,SAC,2024-25
0022400644,2025-01-25,LAL @ GSW,GSW,LAL,2024-25
0022400585,2025-01-17,LAL vs. BKN,LAL,BKN,2024-25
0022400504,2025-01-07,LAL @ DAL,DAL,LAL,2024-25
0022400435,2024-12-28,LAL vs. SAC,LAL,SAC,2024-25
0022400408,2024-12-25,LAL @ GSW,GSW,LAL,2024-25
0022400376,2024-12-21,LAL @ SAC,SAC,LAL,2024-25
0022400372,2024-12-19,LAL @ SAC,SAC,LAL,2024-25
0022400311,2024-12-01,LAL @ UTA,UTA,LAL,2024-25
0022400026,2024-11-19,LAL vs. UTA,LAL,UTA,2024-25
0022400096,2024-10-26,LAL vs. SAC,LAL,SAC,2024-25
0022400499,2025-01-06,MEM vs. DAL,MEM,DAL,2024-25
0022400843,2025-02-26,UTA vs. SAC,UTA,SAC,2024-25
0022400781,2025-02-12,UTA vs. LAL,UTA,LAL,2024-25
0022400768,2025-02-10,UTA @ LAL,LAL,UTA,2024-25
0022400725,2025-02-05,UTA vs. GSW,UTA,GSW,2024-25
0022400433,2024-12-28,UTA vs. PHI,UTA,PHI,2024-25
0022400379,2024-12-21,UTA @ BKN,BKN,UTA,2024-25
0022400233,2024-11-16,UTA @ SAC,SAC,UTA,2024-25
0022400228,2024-11-14,UTA vs. DAL,UTA,DAL,2024-25
0022400115,2024-10-29,UTA vs. SAC,UTA,SAC,2024-25
0022400110,2024-10-28,UTA @ DAL,DAL,UTA,2024-25
0022400994,2025-03-18,BKN @ BOS,BOS,BKN,2024-25
0022400276,2024-11-24,BKN @ SAC,SAC,BKN,2024-25
0022400027,2024-11-22,BKN @ PHI,PHI,BKN,2024-25
0022400187,2024-11-08,BKN @ BOS,BOS,BKN,2024-25
0022400136,2024-11-01,BKN vs. CHI,BKN,CHI,2024-25
0022401136,2025-04-06,UTA @ ATL,ATL,UTA,2024-25
0022401020,2025-03-21,UTA vs. BOS,UTA,BOS,2024-25
0022400357,2024-12-08,UTA @ SAC,SAC,UTA,2024-25
0022400304,2024-11-30,UTA vs. DAL,UTA,DAL,2024-25
0022400462,2025-01-01,PHI @ SAC,SAC,PHI,2024-25
0022401209,2024-12-13,PHI vs. IND,PHI,IND,2024-25
0022400448,2024-12-30,SAC vs. DAL,SAC,DAL,2024-25
0022401225,2024-12-16,SAC vs. DEN,SAC,DEN,2024-25
0022400349,2024-12-08,CHA @ IND,IND,CHA,2024-25
0022400864,2025-03-01,GSW @ PHI,PHI,GSW,2024-25
0022400731,2025-02-06,GSW @ LAL,LAL,GSW,2024-25
0022401228,2024-12-15,GSW vs. DAL,GSW,DAL,2024-25
0022400007,2024-11-12,GSW vs. DAL,GSW,DAL,2024-25
0022401185,2025-04-11,HOU @ LAL,LAL,HOU,2024-25
0022400242,2024-11-17,OKC vs. DAL,OKC,DAL,2024-25
0022400165,2024-11-04,DAL vs. IND,DAL,IND,2024-25
0022400097,2024-10-27,PHI @ IND,IND,PHI,2024-25
0022501200,2026-04-12,SAC @ POR,POR,SAC,2025-26
0022501184,2026-04-10,SAC vs. GSW,SAC,GSW,2025-26
0022501154,2026-04-07,SAC @ GSW,GSW,SAC,2025-26
0022501141,2026-04-05,SAC vs. LAC,SAC,LAC,2025-26
0022501128,2026-04-03,SAC vs. NOP,SAC,NOP,2025-26
0022501108,2026-04-01,SAC @ TOR,TOR,SAC,2025-26
0022501084,2026-03-29,SAC @ BKN,BKN,SAC,2025-26
0022501078,2026-03-28,SAC @ ATL,ATL,SAC,2025-26
0022501065,2026-03-26,SAC @ ORL,ORL,SAC,2025-26
0022501033,2026-03-22,SAC vs. BKN,SAC,BKN,2025-26
0022501015,2026-03-19,SAC vs. PHI,SAC,PHI,2025-26
0022500998,2026-03-17,SAC vs. SAS,SAC,SAS,2025-26
0022500982,2026-03-15,SAC vs. UTA,SAC,UTA,2025-26
0022500975,2026-03-14,SAC @ LAC,LAC,SAC,2025-26
0022500951,2026-03-11,SAC vs. CHA,SAC,CHA,2025-26
0022500945,2026-03-10,SAC vs. IND,SAC,IND,2025-26
0022500930,2026-03-08,SAC vs. CHI,SAC,CHI,2025-26
0022500907,2026-03-05,SAC vs. NOP,SAC,NOP,2025-26
0022500892,2026-03-03,SAC vs. PHX,SAC,PHX,2025-26
0022500878,2026-03-01,SAC @ LAL,LAL,SAC,2025-26
0022500854,2026-02-26,SAC @ DAL,DAL,SAC,2025-26
0022500845,2026-02-25,SAC @ HOU,HOU,SAC,2025-26
0022500829,2026-02-23,SAC @ MEM,MEM,SAC,2025-26
0022500815,2026-02-21,SAC @ SAS,SAS,SAC,2025-26
0022500800,2026-02-19,SAC vs. ORL,SAC,ORL,2025-26
0022500786,2026-02-11,SAC @ UTA,UTA,SAC,2025-26
0022500766,2026-02-09,SAC @ NOP,NOP,SAC,2025-26
0022500756,2026-02-07,SAC vs. CLE,SAC,CLE,2025-26
0022500746,2026-02-06,SAC vs. LAC,SAC,LAC,2025-26
0022500707,2026-02-01,SAC @ WAS,WAS,SAC,2025-26
0022500689,2026-01-30,SAC @ BOS,BOS,SAC,2025-26
0022500680,2026-01-29,SAC @ PHI,PHI,SAC,2025-26
0022500665,2026-01-27,SAC @ NYK,NYK,SAC,2025-26
0022500650,2026-01-25,SAC @ DET,DET,SAC,2025-26
0022500638,2026-01-23,SAC @ CLE,CLE,SAC,2025-26
0022500626,2026-01-21,SAC vs. TOR,SAC,TOR,2025-26
0022500619,2026-01-20,SAC vs. MIA,SAC,MIA,2025-26
0022500606,2026-01-18,SAC vs. POR,SAC,POR,2025-26
0022500592,2026-01-16,SAC vs. WAS,SAC,WAS,2025-26
0022500576,2026-01-14,SAC vs. NYK,SAC,NYK,2025-26
0022500562,2026-01-12,SAC vs. LAL,SAC,LAL,2025-26
0022500557,2026-01-11,SAC vs. HOU,SAC,HOU,2025-26
0022500539,2026-01-09,SAC @ GSW,GSW,SAC,2025-26
0022500515,2026-01-06,SAC vs. DAL,SAC,DAL,2025-26
0022500500,2026-01-04,SAC vs. MIL,SAC,MIL,2025-26
0022500483,2026-01-02,SAC @ PHX,PHX,SAC,2025-26
0022500474,2026-01-01,SAC vs. BOS,SAC,BOS,2025-26
0022500461,2025-12-30,SAC @ LAC,LAC,SAC,2025-26
0022500446,2025-12-28,SAC @ LAL,LAL,SAC,2025-26
0022500432,2025-12-27,SAC vs. DAL,SAC,DAL,2025-26
0022500421,2025-12-23,SAC vs. DET,SAC,DET,2025-26
0022500401,2025-12-21,SAC vs. HOU,SAC,HOU,2025-26
0022500394,2025-12-20,SAC vs. POR,SAC,POR,2025-26
0022500380,2025-12-18,SAC @ POR,POR,SAC,2025-26
0022501220,2025-12-14,SAC @ MIN,MIN,SAC,2025-26
0022501208,2025-12-11,SAC vs. DEN,SAC,DEN,2025-26
0022500364,2025-12-08,SAC @ IND,IND,SAC,2025-26
0022500354,2025-12-06,SAC @ MIA,MIA,SAC,2025-26
0022500330,2025-12-03,SAC @ HOU,HOU,SAC,2025-26
0022500307,2025-11-30,SAC vs. MEM,SAC,MEM,2025-26
0022500077,2025-11-28,SAC @ UTA,UTA,SAC,2025-26
0022500068,2025-11-26,SAC vs. PHX,SAC,PHX,2025-26
0022500292,2025-11-24,SAC vs. MIN,SAC,MIN,2025-26
0022500274,2025-11-22,SAC @ DEN,DEN,SAC,2025-26
0022500265,2025-11-20,SAC @ MEM,MEM,SAC,2025-26
0022500261,2025-11-19,SAC @ OKC,OKC,SAC,2025-26
0022500234,2025-11-16,SAC @ SAS,SAS,SAC,2025-26
0022500044,2025-11-14,SAC @ MIN,MIN,SAC,2025-26
0022500223,2025-11-12,SAC vs. ATL,SAC,ATL,2025-26
0022500212,2025-11-11,SAC vs. DEN,SAC,DEN,2025-26
0022500197,2025-11-09,SAC vs. MIN,SAC,MIN,2025-26
0022500038,2025-11-07,SAC vs. OKC,SAC,OKC,2025-26
0022500181,2025-11-05,SAC vs. GSW,SAC,GSW,2025-26
0022500604,2026-01-18,HOU vs. NOP,HOU,NOP,2025-26
0022500581,2026-01-15,HOU vs. OKC,HOU,OKC,2025-26
0022500565,2026-01-13,HOU vs. CHI,HOU,CHI,2025-26
0022500540,2026-01-09,HOU @ POR,POR,HOU,2025-26
0022500527,2026-01-07,HOU @ POR,POR,HOU,2025-26
0022500505,2026-01-05,HOU vs. PHX,HOU,PHX,2025-26
0022500453,2025-12-29,HOU vs. IND,HOU,IND,2025-26
0022500438,2025-12-27,HOU vs. CLE,HOU,CLE,2025-26
0022500012,2025-12-25,HOU @ LAL,LAL,HOU,2025-26
0022500422,2025-12-23,HOU @ LAC,LAC,HOU,2025-26
0022500386,2025-12-20,HOU @ DEN,DEN,HOU,2025-26
0022500375,2025-12-18,HOU @ NOP,NOP,HOU,2025-26
0022501225,2025-12-15,HOU @ DEN,DEN,HOU,2025-26
0022501205,2025-12-11,HOU vs. LAC,HOU,LAC,2025-26
0022500346,2025-12-05,HOU vs. PHX,HOU,PHX,2025-26
0022500301,2025-11-30,HOU @ UTA,UTA,HOU,2025-26
0022500290,2025-11-24,HOU @ PHX,PHX,HOU,2025-26
0022500054,2025-11-21,HOU vs. DEN,HOU,DEN,2025-26
0022500255,2025-11-19,HOU @ CLE,CLE,HOU,2025-26
0022500236,2025-11-16,HOU vs. ORL,HOU,ORL,2025-26
0022500042,2025-11-14,HOU vs. POR,HOU,POR,2025-26
0022500218,2025-11-12,HOU vs. WAS,HOU,WAS,2025-26
0022500191,2025-11-09,HOU @ MIL,MIL,HOU,2025-26
0022500032,2025-11-07,HOU @ SAS,SAS,HOU,2025-26
0022500160,2025-11-03,HOU vs. DAL,HOU,DAL,2025-26
0022500146,2025-11-01,HOU @ BOS,BOS,HOU,2025-26
0022500131,2025-10-29,HOU @ TOR,TOR,HOU,2025-26
0022500116,2025-10-27,HOU vs. BKN,HOU,BKN,2025-26
0022500093,2025-10-24,HOU vs. DET,HOU,DET,2025-26
0022500001,2025-10-21,HOU @ OKC,OKC,HOU,2025-26
0022501189,2026-04-12,MIA vs. ATL,MIA,ATL,2025-26
0022501172,2026-04-10,MIA @ WAS,WAS,MIA,2025-26
0022501165,2026-04-09,MIA @ TOR,TOR,MIA,2025-26
0022501151,2026-04-07,MIA @ TOR,TOR,MIA,2025-26
0022501129,2026-04-04,MIA vs. WAS,MIA,WAS,2025-26
0022501106,2026-04-01,MIA vs. BOS,MIA,BOS,2025-26
0022501091,2026-03-30,MIA vs. PHI,MIA,PHI,2025-26
0022501083,2026-03-29,MIA @ IND,IND,MIA,2025-26
0022501068,2026-03-27,MIA @ CLE,CLE,MIA,2025-26
0022501055,2026-03-25,MIA @ CLE,CLE,MIA,2025-26
0022501041,2026-03-23,MIA vs. SAS,MIA,SAS,2025-26
0022501027,2026-03-21,MIA @ HOU,HOU,MIA,2025-26
0022501010,2026-03-19,MIA vs. LAL,MIA,LAL,2025-26
0022500972,2026-03-14,MIA vs. ORL,MIA,ORL,2025-26
0022500957,2026-03-12,MIA vs. MIL,MIA,MIL,2025-26
0022500938,2026-03-10,MIA vs. WAS,MIA,WAS,2025-26
0022500923,2026-03-08,MIA vs. DET,MIA,DET,2025-26
0022500909,2026-03-06,MIA @ CHA,CHA,MIA,2025-26
0022500901,2026-03-05,MIA vs. BKN,MIA,BKN,2025-26
0022500886,2026-03-03,MIA vs. BKN,MIA,BKN,2025-26
0022500864,2026-02-28,MIA vs. HOU,MIA,HOU,2025-26
0022500849,2026-02-26,MIA @ PHI,PHI,MIA,2025-26
0022500837,2026-02-24,MIA @ MIL,MIL,MIA,2025-26
0022500813,2026-02-21,MIA vs. MEM,MIA,MEM,2025-26
0022500805,2026-02-20,MIA @ ATL,ATL,MIA,2025-26
0022500784,2026-02-11,MIA @ NOP,NOP,MIA,2025-26
0022500763,2026-02-09,MIA vs. UTA,MIA,UTA,2025-26
0022500758,2026-02-08,MIA @ WAS,WAS,MIA,2025-26
0022500741,2026-02-06,MIA @ BOS,BOS,MIA,2025-26
0022500720,2026-02-03,MIA vs. ATL,MIA,ATL,2025-26
0022500705,2026-02-01,MIA vs. CHI,MIA,CHI,2025-26
0022500692,2026-01-31,MIA vs. CHI,MIA,CHI,2025-26
0022500529,2026-01-29,MIA @ CHI,CHI,MIA,2025-26
0022500674,2026-01-28,MIA vs. ORL,MIA,ORL,2025-26
0022500655,2026-01-25,MIA @ PHX,PHX,MIA,2025-26
0022500649,2026-01-24,MIA @ UTA,UTA,MIA,2025-26
0022500634,2026-01-22,MIA @ POR,POR,MIA,2025-26
0022500612,2026-01-19,MIA @ GSW,GSW,MIA,2025-26
0022500597,2026-01-17,MIA vs. OKC,MIA,OKC,2025-26
0022500580,2026-01-15,MIA vs. BOS,MIA,BOS,2025-26
0022500564,2026-01-13,MIA vs. PHX,MIA,PHX,2025-26
0022500553,2026-01-11,MIA @ OKC,OKC,MIA,2025-26
0022500543,2026-01-10,MIA @ IND,IND,MIA,2025-26
0022500513,2026-01-06,MIA @ MIN,MIN,MIA,2025-26
0022500497,2026-01-04,MIA vs. NOP,MIA,NOP,2025-26
0022500486,2026-01-03,MIA vs. MIN,MIA,MIN,2025-26
0022500472,2026-01-01,MIA @ DET,DET,MIA,2025-26
0022500450,2025-12-29,MIA vs. DEN,MIA,DEN,2025-26
0022500414,2025-12-23,MIA vs. TOR,MIA,TOR,2025-26
0022500398,2025-12-21,MIA @ NYK,NYK,MIA,2025-26
0022500381,2025-12-19,MIA @ BOS,BOS,MIA,2025-26
0022500373,2025-12-18,MIA @ BKN,BKN,MIA,2025-26
0022501227,2025-12-15,MIA vs. TOR,MIA,TOR,2025-26
0022501201,2025-12-09,MIA @ ORL,ORL,MIA,2025-26
0022500339,2025-12-05,MIA @ ORL,ORL,MIA,2025-26
0022500332,2025-12-03,MIA @ DAL,DAL,MIA,2025-26
0022500313,2025-12-01,MIA vs. LAC,MIA,LAC,2025-26
0022500296,2025-11-29,MIA vs. DET,MIA,DET,2025-26
0022500062,2025-11-26,MIA vs. MIL,MIA,MIL,2025-26
0022500286,2025-11-24,MIA vs. DAL,MIA,DAL,2025-26
0022500275,2025-11-23,MIA @ PHI,PHI,MIA,2025-26
0022500051,2025-11-21,MIA @ CHI,CHI,MIA,2025-26
0022500257,2025-11-19,MIA vs. GSW,MIA,GSW,2025-26
0022500178,2025-11-05,MIA @ DEN,DEN,MIA,2025-26
0022500164,2025-11-03,MIA @ LAC,LAC,MIA,2025-26
0022500155,2025-11-02,MIA @ LAL,LAL,MIA,2025-26
0022500141,2025-10-30,MIA @ SAS,SAS,MIA,2025-26
0022500124,2025-10-28,MIA vs. CHA,MIA,CHA,2025-26
0022500108,2025-10-26,MIA vs. NYK,MIA,NYK,2025-26
0022500094,2025-10-24,MIA @ MEM,MEM,MIA,2025-26
0022500081,2025-10-22,MIA @ ORL,ORL,MIA,2025-26
0022501133,2026-04-05,BKN vs. WAS,BKN,WAS,2025-26
0022501100,2026-03-31,BKN vs. CHA,BKN,CHA,2025-26
0022501075,2026-03-27,BKN @ LAL,LAL,BKN,2025-26
0022501045,2026-03-23,BKN @ POR,POR,BKN,2025-26
0022501016,2026-03-20,BKN vs. NYK,BKN,NYK,2025-26
0022501000,2026-03-18,BKN vs. OKC,BKN,OKC,2025-26
0022500985,2026-03-16,BKN vs. POR,BKN,POR,2025-26
0022500932,2026-03-09,BKN vs. MEM,BKN,MEM,2025-26
0022500916,2026-03-07,BKN @ DET,DET,BKN,2025-26
0022500859,2026-02-27,BKN @ BOS,BOS,BKN,2025-26
0022500851,2026-02-26,BKN vs. SAS,BKN,SAS,2025-26
0022500833,2026-02-24,BKN vs. DAL,BKN,DAL,2025-26
0022500818,2026-02-22,BKN @ ATL,ATL,BKN,2025-26
0022500808,2026-02-20,BKN @ OKC,OKC,BKN,2025-26
0022500793,2026-02-19,BKN @ CLE,CLE,BKN,2025-26
0022500779,2026-02-11,BKN vs. IND,BKN,IND,2025-26
0022500706,2026-02-01,TOR vs. UTA,TOR,UTA,2025-26
0022500687,2026-01-30,TOR @ ORL,ORL,TOR,2025-26
0022500675,2026-01-28,TOR vs. NYK,TOR,NYK,2025-26
0022500653,2026-01-25,TOR @ OKC,OKC,TOR,2025-26
0022500642,2026-01-23,TOR @ POR,POR,TOR,2025-26
0022500618,2026-01-20,TOR @ GSW,GSW,TOR,2025-26
0022500607,2026-01-18,TOR @ LAL,LAL,TOR,2025-26
0022500590,2026-01-16,TOR vs. LAC,TOR,LAC,2025-26
0022500571,2026-01-14,TOR @ IND,IND,TOR,2025-26
0022500560,2026-01-12,TOR vs. PHI,TOR,PHI,2025-26
0022500550,2026-01-11,TOR vs. PHI,TOR,PHI,2025-26
0022500516,2026-01-07,TOR @ CHA,CHA,TOR,2025-26
0022500504,2026-01-05,TOR vs. ATL,TOR,ATL,2025-26
0022500488,2026-01-03,TOR vs. ATL,TOR,ATL,2025-26
0022500468,2025-12-31,TOR vs. DEN,TOR,DEN,2025-26
0022500451,2025-12-29,TOR vs. ORL,TOR,ORL,2025-26
0022500441,2025-12-28,TOR vs. GSW,TOR,GSW,2025-26
0022500425,2025-12-26,TOR @ WAS,WAS,TOR,2025-26
0022500397,2025-12-21,TOR @ BKN,BKN,TOR,2025-26
0022500388,2025-12-20,TOR vs. BOS,TOR,BOS,2025-26
0022500374,2025-12-18,TOR @ MIL,MIL,TOR,2025-26
0022501202,2025-12-09,TOR vs. NYK,TOR,NYK,2025-26
0022500358,2025-12-07,TOR vs. BOS,TOR,BOS,2025-26
0022500319,2025-12-02,TOR vs. POR,TOR,POR,2025-26
0022500303,2025-11-30,TOR @ NYK,NYK,TOR,2025-26
0022500294,2025-11-29,TOR @ CHA,CHA,TOR,2025-26
0022500063,2025-11-26,TOR vs. IND,TOR,IND,2025-26
0022500284,2025-11-24,TOR vs. CLE,TOR,CLE,2025-26
0022500279,2025-11-23,TOR vs. BKN,TOR,BKN,2025-26
0022500050,2025-11-21,TOR vs. WAS,TOR,WAS,2025-26
0022500184,2025-11-08,TOR @ PHI,PHI,TOR,2025-26
0022500165,2025-11-04,TOR vs. MIL,TOR,MIL,2025-26
0022500152,2025-11-02,TOR vs. MEM,TOR,MEM,2025-26
0022500022,2025-10-31,TOR @ CLE,CLE,TOR,2025-26
0022500118,2025-10-27,TOR @ SAS,SAS,TOR,2025-26
0022500111,2025-10-26,TOR @ DAL,DAL,TOR,2025-26
0022500092,2025-10-24,TOR vs. MIL,TOR,MIL,2025-26
0022500082,2025-10-22,TOR @ ATL,ATL,TOR,2025-26
0022500731,2026-02-04,MEM @ SAC,SAC,MEM,2025-26
0022500662,2026-01-26,MEM @ HOU,HOU,MEM,2025-26
0022500602,2026-01-18,MEM vs. ORL,MEM,ORL,2025-26
0022500578,2026-01-15,MEM @ ORL,ORL,MEM,2025-26
0022500549,2026-01-11,MEM vs. BKN,MEM,BKN,2025-26
0022500536,2026-01-09,MEM vs. OKC,MEM,OKC,2025-26
0022500524,2026-01-07,MEM vs. PHX,MEM,PHX,2025-26
0022500512,2026-01-06,MEM vs. SAS,MEM,SAS,2025-26
0022500501,2026-01-04,MEM @ LAL,LAL,MEM,2025-26
0022500485,2026-01-02,MEM @ LAL,LAL,MEM,2025-26
0022500458,2025-12-30,MEM vs. PHI,MEM,PHI,2025-26
0022500443,2025-12-28,MEM @ WAS,WAS,MEM,2025-26
0022500428,2025-12-26,MEM vs. MIL,MEM,MIL,2025-26
0022500419,2025-12-23,MEM @ UTA,UTA,MEM,2025-26
0022500406,2025-12-22,MEM @ OKC,OKC,MEM,2025-26
0022500391,2025-12-20,MEM vs. WAS,MEM,WAS,2025-26
0022500368,2025-12-17,MEM @ MIN,MIN,MEM,2025-26
0022501226,2025-12-15,MEM @ LAC,LAC,MEM,2025-26
0022501213,2025-12-12,MEM vs. UTA,MEM,UTA,2025-26
0022500360,2025-12-07,MEM vs. POR,MEM,POR,2025-26
0022500347,2025-12-05,MEM vs. LAC,MEM,LAC,2025-26
0022500322,2025-12-02,MEM @ SAS,SAS,MEM,2025-26
0022500079,2025-11-28,MEM @ LAC,LAC,MEM,2025-26
0022500065,2025-11-26,MEM @ NOP,NOP,MEM,2025-26
0022500287,2025-11-24,MEM vs. DEN,MEM,DEN,2025-26
0022500273,2025-11-22,MEM @ DAL,DAL,MEM,2025-26
0022500252,2025-11-18,MEM @ SAS,SAS,MEM,2025-26
0022500228,2025-11-15,MEM @ CLE,CLE,MEM,2025-26
0022500216,2025-11-12,MEM @ BOS,BOS,MEM,2025-26
0022500208,2025-11-11,MEM @ NYK,NYK,MEM,2025-26
0022500194,2025-11-09,MEM vs. OKC,MEM,OKC,2025-26
0022500034,2025-11-07,MEM vs. DAL,MEM,DAL,2025-26
0022500176,2025-11-05,MEM vs. HOU,MEM,HOU,2025-26
0022500161,2025-11-03,MEM vs. DET,MEM,DET,2025-26
0022500024,2025-10-31,MEM vs. LAL,MEM,LAL,2025-26
0022500137,2025-10-29,MEM @ PHX,PHX,MEM,2025-26
0022500121,2025-10-27,MEM @ GSW,GSW,MEM,2025-26
0022500103,2025-10-25,MEM vs. IND,MEM,IND,2025-26
0022500085,2025-10-22,MEM vs. NOP,MEM,NOP,2025-26
0022501195,2026-04-12,NOP @ MIN,MIN,NOP,2025-26
0022501174,2026-04-10,NOP @ BOS,BOS,NOP,2025-26
0022501153,2026-04-07,NOP vs. UTA,NOP,UTA,2025-26
0022501138,2026-04-05,NOP vs. ORL,NOP,ORL,2025-26
0022500534,2026-01-09,NOP @ WAS,WAS,NOP,2025-26
0022500337,2025-12-04,NOP vs. MIN,NOP,MIN,2025-26
0022500321,2025-12-02,NOP vs. MIN,NOP,MIN,2025-26
0022500308,2025-11-30,NOP @ LAL,LAL,NOP,2025-26
0022501173,2026-04-10,ATL vs. CLE,ATL,CLE,2025-26
0022501158,2026-04-08,ATL @ CLE,CLE,ATL,2025-26
0022501143,2026-04-06,ATL vs. NYK,ATL,NYK,2025-26
0022501122,2026-04-03,ATL @ BKN,BKN,ATL,2025-26
0022501107,2026-04-01,ATL @ ORL,ORL,ATL,2025-26
0022501092,2026-03-30,ATL vs. BOS,ATL,BOS,2025-26
0022501067,2026-03-27,ATL @ BOS,BOS,ATL,2025-26
0022501051,2026-03-25,ATL @ DET,DET,ATL,2025-26
0022501037,2026-03-23,ATL vs. MEM,ATL,MEM,2025-26
0022501026,2026-03-21,ATL vs. GSW,ATL,GSW,2025-26
0022501018,2026-03-20,ATL @ HOU,HOU,ATL,2025-26
0022501006,2026-03-18,ATL @ DAL,DAL,ATL,2025-26
0022500983,2026-03-16,ATL vs. ORL,ATL,ORL,2025-26
0022500970,2026-03-14,ATL vs. MIL,ATL,MIL,2025-26
0022500956,2026-03-12,ATL vs. BKN,ATL,BKN,2025-26
0022500939,2026-03-10,ATL vs. DAL,ATL,DAL,2025-26
0022500917,2026-03-07,ATL vs. PHI,ATL,PHI,2025-26
0022500897,2026-03-04,ATL @ MIL,MIL,ATL,2025-26
0022500873,2026-03-01,ATL vs. POR,ATL,POR,2025-26
0022500832,2026-02-24,ATL vs. WAS,ATL,WAS,2025-26
0022500794,2026-02-19,ATL @ PHI,PHI,ATL,2025-26
0022500775,2026-02-11,ATL @ CHA,CHA,ATL,2025-26
0022500765,2026-02-09,ATL @ MIN,MIN,ATL,2025-26
0022500751,2026-02-07,ATL vs. CHA,ATL,CHA,2025-26
0022500735,2026-02-05,ATL vs. UTA,ATL,UTA,2025-26
0022500698,2026-01-31,ATL @ IND,IND,ATL,2025-26
0022500682,2026-01-29,ATL vs. HOU,ATL,HOU,2025-26
0022500673,2026-01-28,ATL @ BOS,BOS,ATL,2025-26
0022500659,2026-01-26,ATL vs. IND,ATL,IND,2025-26
0022500636,2026-01-23,ATL vs. PHX,ATL,PHX,2025-26
0022500623,2026-01-21,ATL @ MEM,MEM,ATL,2025-26
0022500014,2026-01-19,ATL vs. MIL,ATL,MIL,2025-26
0022500594,2026-01-17,ATL vs. BOS,ATL,BOS,2025-26
0022500585,2026-01-15,ATL @ POR,POR,ATL,2025-26
0022500569,2026-01-13,ATL @ LAL,LAL,ATL,2025-26
0022500556,2026-01-11,ATL @ GSW,GSW,ATL,2025-26
0022500537,2026-01-09,ATL @ DEN,DEN,ATL,2025-26
0022500519,2026-01-07,ATL vs. NOP,ATL,NOP,2025-26
0022500479,2026-01-02,ATL @ NYK,NYK,ATL,2025-26
0022500463,2025-12-31,ATL vs. MIN,ATL,MIN,2025-26
0022500455,2025-12-29,ATL @ OKC,OKC,ATL,2025-26
0022500435,2025-12-27,ATL vs. NYK,ATL,NYK,2025-26
0022500423,2025-12-26,ATL vs. MIA,ATL,MIA,2025-26
0022500411,2025-12-23,ATL vs. CHI,ATL,CHI,2025-26
0022500396,2025-12-21,ATL vs. CHI,ATL,CHI,2025-26
0022500383,2025-12-19,ATL vs. SAS,ATL,SAS,2025-26
0022500371,2025-12-18,ATL @ CHA,CHA,ATL,2025-26
0022501217,2025-12-14,ATL vs. PHI,ATL,PHI,2025-26
0022501210,2025-12-12,ATL @ DET,DET,ATL,2025-26
0022500351,2025-12-06,ATL @ WAS,WAS,ATL,2025-26
0022500340,2025-12-05,ATL vs. DEN,ATL,DEN,2025-26
0022500327,2025-12-03,ATL vs. LAC,ATL,LAC,2025-26
0022500309,2025-12-01,ATL @ DET,DET,ATL,2025-26
0022500304,2025-11-30,ATL @ PHI,PHI,ATL,2025-26
0022500069,2025-11-28,ATL vs. CLE,ATL,CLE,2025-26
0022500057,2025-11-25,ATL @ WAS,WAS,ATL,2025-26
0022500276,2025-11-23,ATL vs. CHA,ATL,CHA,2025-26
0022500270,2025-11-22,ATL @ NOP,NOP,ATL,2025-26
0022500267,2025-11-20,ATL @ SAS,SAS,ATL,2025-26
0022500251,2025-11-18,ATL vs. DET,ATL,DET,2025-26
0022500239,2025-11-16,ATL @ PHX,PHX,ATL,2025-26
0022500227,2025-11-13,ATL @ UTA,UTA,ATL,2025-26
0022500030,2025-11-07,ATL vs. TOR,ATL,TOR,2025-26
0022500166,2025-11-04,ATL vs. ORL,ATL,ORL,2025-26
0022500151,2025-11-02,ATL @ CLE,CLE,ATL,2025-26
0022500020,2025-10-31,ATL @ IND,IND,ATL,2025-26
0022500130,2025-10-29,ATL @ BKN,BKN,ATL,2025-26
0022500115,2025-10-27,ATL @ CHI,CHI,ATL,2025-26
0022500101,2025-10-25,ATL vs. OKC,ATL,OKC,2025-26
0022500090,2025-10-24,ATL @ ORL,ORL,ATL,2025-26
0022501185,2026-04-10,PHX @ LAL,LAL,PHX,2025-26
0022501157,2026-04-07,PHX vs. HOU,PHX,HOU,2025-26
0022501134,2026-04-05,PHX @ CHI,CHI,PHX,2025-26
0022501114,2026-04-02,PHX @ CHA,CHA,PHX,2025-26
0022501099,2026-03-31,PHX @ ORL,ORL,PHX,2025-26
0022501081,2026-03-28,PHX vs. UTA,PHX,UTA,2025-26
0022501050,2026-03-24,PHX vs. DEN,PHX,DEN,2025-26
0022500986,2026-03-16,PHX @ BOS,BOS,PHX,2025-26
0022500963,2026-03-13,PHX @ TOR,TOR,PHX,2025-26
0022500941,2026-03-10,PHX @ MIL,MIL,PHX,2025-26
0022500912,2026-03-06,PHX vs. NOP,PHX,NOP,2025-26
0022500905,2026-03-05,PHX vs. CHI,PHX,CHI,2025-26
0022500855,2026-02-26,PHX vs. LAL,PHX,LAL,2025-26
0022500839,2026-02-24,PHX vs. BOS,PHX,BOS,2025-26
0022500811,2026-02-21,PHX vs. ORL,PHX,ORL,2025-26
0022500739,2026-02-05,PHX vs. GSW,PHX,GSW,2025-26
0022500725,2026-02-03,PHX @ POR,POR,PHX,2025-26
0022500709,2026-02-01,PHX vs. LAC,PHX,LAC,2025-26
0022500693,2026-01-30,PHX vs. CLE,PHX,CLE,2025-26
0022500685,2026-01-29,PHX vs. DET,PHX,DET,2025-26
0022500669,2026-01-27,PHX vs. BKN,PHX,BKN,2025-26
0022500613,2026-01-20,PHX @ PHI,PHI,PHX,2025-26
0022500610,2026-01-19,PHX @ BKN,BKN,PHX,2025-26
0022500596,2026-01-17,PHX @ NYK,NYK,PHX,2025-26
0022500579,2026-01-15,PHX @ DET,DET,PHX,2025-26
0022500555,2026-01-11,PHX vs. WAS,PHX,WAS,2025-26
0022500538,2026-01-09,PHX vs. NYK,PHX,NYK,2025-26
0022501228,2025-12-14,PHX vs. LAL,PHX,LAL,2025-26
0022501203,2025-12-10,PHX @ OKC,OKC,PHX,2025-26
0022500365,2025-12-08,PHX @ MIN,MIN,PHX,2025-26
0022500299,2025-11-29,PHX vs. DEN,PHX,DEN,2025-26
0022500226,2025-11-13,PHX vs. IND,PHX,IND,2025-26
0022500221,2025-11-12,PHX @ DAL,DAL,PHX,2025-26
0022500204,2025-11-10,PHX vs. NOP,PHX,NOP,2025-26
0022500190,2025-11-08,PHX @ LAC,LAC,PHX,2025-26
0022500182,2025-11-06,PHX vs. LAC,PHX,LAC,2025-26
0022500169,2025-11-04,PHX @ GSW,GSW,PHX,2025-26
0022500154,2025-11-02,PHX vs. SAS,PHX,SAS,2025-26
0022500025,2025-10-31,PHX vs. UTA,PHX,UTA,2025-26
0022500120,2025-10-27,PHX @ UTA,UTA,PHX,2025-26
0022500104,2025-10-25,PHX @ DEN,DEN,PHX,2025-26
0022500099,2025-10-24,PHX @ LAC,LAC,PHX,2025-26
0022500088,2025-10-22,PHX vs. SAC,PHX,SAC,2025-26
0022501145,2026-04-06,CLE @ MEM,MEM,CLE,2025-26
0022501117,2026-04-02,CLE @ GSW,GSW,CLE,2025-26
0022501103,2026-03-31,CLE @ LAL,LAL,CLE,2025-26
0022500884,2026-03-03,CLE vs. DET,CLE,DET,2025-26
0022500869,2026-03-01,CLE @ BKN,BKN,CLE,2025-26
0022500858,2026-02-27,CLE @ DET,DET,CLE,2025-26
0022500846,2026-02-25,CLE @ MIL,MIL,CLE,2025-26
0022500835,2026-02-24,CLE vs. NYK,CLE,NYK,2025-26
0022500817,2026-02-22,CLE @ OKC,OKC,CLE,2025-26
0022500802,2026-02-20,CLE @ CHA,CHA,CLE,2025-26
0022500776,2026-02-11,CLE vs. WAS,CLE,WAS,2025-26
0022500767,2026-02-09,CLE @ DEN,DEN,CLE,2025-26
0022500732,2026-02-04,CLE @ LAC,LAC,CLE,2025-26
0022500710,2026-02-01,CLE @ POR,POR,CLE,2025-26
0022500671,2026-01-28,CLE vs. LAL,CLE,LAL,2025-26
0022500658,2026-01-26,CLE vs. ORL,CLE,ORL,2025-26
0022500646,2026-01-24,CLE @ ORL,ORL,CLE,2025-26
0022500620,2026-01-21,CLE @ CHA,CHA,CLE,2025-26
0022500015,2026-01-19,CLE vs. OKC,CLE,OKC,2025-26
0022500589,2026-01-16,CLE @ PHI,PHI,CLE,2025-26
0022500572,2026-01-14,CLE @ PHI,PHI,CLE,2025-26
0022500558,2026-01-12,CLE vs. UTA,CLE,UTA,2025-26
0022500542,2026-01-10,CLE vs. MIN,CLE,MIN,2025-26
0022500530,2026-01-08,CLE @ MIN,MIN,CLE,2025-26
0022500510,2026-01-06,CLE @ IND,IND,CLE,2025-26
0022500478,2026-01-02,CLE vs. DEN,CLE,DEN,2025-26
0022500465,2025-12-31,CLE vs. PHX,CLE,PHX,2025-26
0022500456,2025-12-29,CLE @ SAS,SAS,CLE,2025-26
0022500009,2025-12-25,CLE @ NYK,NYK,CLE,2025-26
0022500412,2025-12-23,CLE vs. NOP,CLE,NOP,2025-26
0022500402,2025-12-22,CLE vs. CHA,CLE,CHA,2025-26
0022500384,2025-12-19,CLE vs. CHI,CLE,CHI,2025-26
0022500367,2025-12-17,CLE @ CHI,CHI,CLE,2025-26
0022501218,2025-12-14,CLE vs. CHA,CLE,CHA,2025-26
0022500241,2025-11-17,CLE vs. MIL,CLE,MIL,2025-26
0022500225,2025-11-13,CLE vs. TOR,CLE,TOR,2025-26
0022500217,2025-11-12,CLE @ MIA,MIA,CLE,2025-26
0022500201,2025-11-10,CLE @ MIA,MIA,CLE,2025-26
0022500186,2025-11-08,CLE vs. CHI,CLE,CHI,2025-26
0022500029,2025-11-07,CLE @ WAS,WAS,CLE,2025-26
0022500171,2025-11-05,CLE vs. PHI,CLE,PHI,2025-26
0022500128,2025-10-29,CLE @ BOS,BOS,CLE,2025-26
0022500007,2025-10-27,CLE @ DET,DET,CLE,2025-26
0022500107,2025-10-26,CLE vs. MIL,CLE,MIL,2025-26
0022500091,2025-10-24,CLE @ BKN,BKN,CLE,2025-26
0022500003,2025-10-22,CLE @ NYK,NYK,CLE,2025-26
0022501190,2026-04-12,NYK vs. CHA,NYK,CHA,2025-26
0022501176,2026-04-10,NYK vs. TOR,NYK,TOR,2025-26
0022501123,2026-04-03,NYK vs. CHI,NYK,CHI,2025-26
0022501003,2026-04-01,NYK @ MEM,MEM,NYK,2025-26
0022501102,2026-03-31,NYK @ HOU,HOU,NYK,2025-26
0022501089,2026-03-29,NYK @ OKC,OKC,NYK,2025-26
0022501063,2026-03-26,NYK @ CHA,CHA,NYK,2025-26
0022501048,2026-03-24,NYK vs. NOP,NYK,NOP,2025-26
0022501034,2026-03-22,NYK vs. WAS,NYK,WAS,2025-26
0022500994,2026-03-17,NYK vs. IND,NYK,IND,2025-26
0022500981,2026-03-15,NYK vs. GSW,NYK,GSW,2025-26
0022500962,2026-03-13,NYK @ IND,IND,NYK,2025-26
0022500949,2026-03-11,NYK @ UTA,UTA,NYK,2025-26
0022500935,2026-03-09,NYK @ LAC,LAC,NYK,2025-26
0022500922,2026-03-08,NYK @ LAL,LAL,NYK,2025-26
0022500911,2026-03-06,NYK @ DEN,DEN,NYK,2025-26
0022500893,2026-03-04,NYK vs. OKC,NYK,OKC,2025-26
0022500887,2026-03-03,NYK @ TOR,TOR,NYK,2025-26
0022500868,2026-03-01,NYK vs. SAS,NYK,SAS,2025-26
0022500860,2026-02-27,NYK @ MIL,MIL,NYK,2025-26
0022500825,2026-02-22,NYK @ CHI,CHI,NYK,2025-26
0022500816,2026-02-21,NYK vs. HOU,NYK,HOU,2025-26
0022500796,2026-02-19,NYK vs. DET,NYK,DET,2025-26
0022500780,2026-02-11,NYK @ PHI,PHI,NYK,2025-26
0022500771,2026-02-10,NYK vs. IND,NYK,IND,2025-26
0022500757,2026-02-08,NYK @ BOS,BOS,NYK,2025-26
0022500729,2026-02-04,NOP @ MIL,MIL,NOP,2025-26
0022500712,2026-02-02,NOP @ CHA,CHA,NOP,2025-26
0022500699,2026-01-31,NOP @ PHI,PHI,NOP,2025-26
0022500691,2026-01-30,NOP vs. MEM,NOP,MEM,2025-26
0022500667,2026-01-27,NOP @ OKC,OKC,NOP,2025-26
0022500654,2026-01-25,NOP @ SAS,SAS,NOP,2025-26
0022500514,2026-01-06,NOP vs. LAL,NOP,LAL,2025-26
0022500482,2026-01-02,NOP vs. POR,NOP,POR,2025-26
0022500434,2025-12-27,NOP vs. PHX,NOP,PHX,2025-26
0022500429,2025-12-26,NOP vs. PHX,NOP,PHX,2025-26
0022500404,2025-12-22,NOP vs. DAL,NOP,DAL,2025-26
0022500389,2025-12-20,NOP vs. IND,NOP,IND,2025-26
0022501223,2025-12-14,NOP @ CHI,CHI,NOP,2025-26
0022501207,2025-12-11,NOP vs. POR,NOP,POR,2025-26
0022500366,2025-12-08,NOP vs. SAS,NOP,SAS,2025-26
0022500350,2025-12-06,NOP @ BKN,BKN,NOP,2025-26
0022500298,2025-11-29,NOP @ GSW,GSW,NOP,2025-26
0022500289,2025-11-24,NOP vs. CHI,NOP,CHI,2025-26
0022500052,2025-11-21,NOP @ DAL,DAL,NOP,2025-26
0022500260,2025-11-19,NOP vs. DEN,NOP,DEN,2025-26
0022500247,2025-11-17,NOP vs. OKC,NOP,OKC,2025-26
0022500237,2025-11-16,NOP vs. GSW,NOP,GSW,2025-26
0022500045,2025-11-14,NOP vs. LAL,NOP,LAL,2025-26
0022500219,2025-11-12,NOP vs. POR,NOP,POR,2025-26
0022500188,2025-11-08,NOP @ SAS,SAS,NOP,2025-26
0022500177,2025-11-05,NOP @ DAL,DAL,NOP,2025-26
0022500168,2025-11-04,NOP vs. CHA,NOP,CHA,2025-26
0022500148,2025-11-02,NOP @ OKC,OKC,NOP,2025-26
0022500027,2025-10-31,NOP @ LAC,LAC,NOP,2025-26
0022500134,2025-10-29,NOP @ DEN,DEN,NOP,2025-26
0022500117,2025-10-27,NOP vs. BOS,NOP,BOS,2025-26
0022500095,2025-10-24,NOP vs. SAS,NOP,SAS,2025-26
0022501178,2026-04-10,MIN @ HOU,HOU,MIN,2025-26
0022501159,2026-04-08,MIN @ ORL,ORL,MIN,2025-26
0022501152,2026-04-07,MIN @ IND,IND,MIN,2025-26
0022501137,2026-04-05,MIN vs. CHA,MIN,CHA,2025-26
0022501121,2026-04-03,MIN @ PHI,PHI,MIN,2025-26
0022501115,2026-04-02,MIN @ DET,DET,MIN,2025-26
0022501095,2026-03-30,MIN @ DAL,DAL,MIN,2025-26
0022501080,2026-03-28,MIN vs. DET,MIN,DET,2025-26
0022501058,2026-03-25,MIN vs. HOU,MIN,HOU,2025-26
0022501035,2026-03-22,MIN @ BOS,BOS,MIN,2025-26
0022501020,2026-03-20,MIN vs. POR,MIN,POR,2025-26
0022501004,2026-03-18,MIN vs. UTA,MIN,UTA,2025-26
0022500996,2026-03-17,MIN vs. PHX,MIN,PHX,2025-26
0022500976,2026-03-15,MIN @ OKC,OKC,MIN,2025-26
0022500966,2026-03-13,MIN @ GSW,GSW,MIN,2025-26
0022500952,2026-03-11,MIN @ LAC,LAC,MIN,2025-26
0022500946,2026-03-10,MIN @ LAL,LAL,MIN,2025-26
0022500903,2026-03-05,MIN vs. TOR,MIN,TOR,2025-26
0022500890,2026-03-03,MIN vs. MEM,MIN,MEM,2025-26
0022500804,2026-02-20,MEM vs. UTA,MEM,UTA,2025-26
0022500787,2026-02-11,MEM @ DEN,DEN,MEM,2025-26
0022500768,2026-02-09,MEM @ GSW,GSW,MEM,2025-26
0022500755,2026-02-07,MEM @ POR,POR,MEM,2025-26
0022500694,2026-01-30,UTA vs. BKN,UTA,BKN,2025-26
0022500678,2026-01-28,UTA vs. GSW,UTA,GSW,2025-26
0022500670,2026-01-27,UTA vs. LAC,UTA,LAC,2025-26
0022500616,2026-01-20,UTA vs. MIN,UTA,MIN,2025-26
0022500593,2026-01-17,UTA @ DAL,DAL,UTA,2025-26
0022500583,2026-01-15,UTA @ DAL,DAL,UTA,2025-26
0022500573,2026-01-14,UTA @ CHI,CHI,UTA,2025-26
0022500547,2026-01-10,UTA vs. CHA,UTA,CHA,2025-26
0022500531,2026-01-08,UTA vs. DAL,UTA,DAL,2025-26
0022500475,2026-01-01,UTA @ LAC,LAC,UTA,2025-26
0022501224,2025-12-15,UTA vs. DAL,UTA,DAL,2025-26
0022500343,2025-12-05,UTA @ NYK,NYK,UTA,2025-26
0022500335,2025-12-04,UTA @ BKN,BKN,UTA,2025-26
0022500291,2025-11-24,UTA @ GSW,GSW,UTA,2025-26
0022500253,2025-11-18,UTA @ LAL,LAL,UTA,2025-26
0022500036,2025-11-07,UTA @ MIN,MIN,UTA,2025-26
0022500150,2025-11-02,UTA @ CHA,CHA,UTA,2025-26
0022501191,2026-04-12,MIL @ PHI,PHI,MIL,2025-26
0022501160,2026-04-08,MIL @ DET,DET,MIL,2025-26
0022501135,2026-04-05,MIL vs. MEM,MIL,MEM,2025-26
0022501126,2026-04-03,MIL vs. BOS,MIL,BOS,2025-26
0022501110,2026-04-01,MIL @ HOU,HOU,MIL,2025-26
0022500652,2026-03-31,MIL vs. DAL,MIL,DAL,2025-26
0022500979,2026-03-15,MIL vs. IND,MIL,IND,2025-26
0022500919,2026-03-07,MIL vs. UTA,MIL,UTA,2025-26
0022500880,2026-03-02,MIL vs. BOS,MIL,BOS,2025-26
0022500640,2026-01-23,MIL vs. DEN,MIL,DEN,2025-26
0022500625,2026-01-21,MIL vs. OKC,MIL,OKC,2025-26
0022500582,2026-01-15,MIL @ SAS,SAS,MIL,2025-26
0022500566,2026-01-13,MIL vs. MIN,MIL,MIN,2025-26
0022500554,2026-01-11,MIL @ DEN,DEN,MIL,2025-26
0022500541,2026-01-09,MIL @ LAL,LAL,MIL,2025-26
0022500526,2026-01-07,MIL @ GSW,GSW,MIL,2025-26
0022500481,2026-01-02,MIL vs. CHA,MIL,CHA,2025-26
0022500469,2025-12-31,MIL vs. WAS,MIL,WAS,2025-26
0022500447,2025-12-29,MIL @ CHA,CHA,MIL,2025-26
0022500437,2025-12-27,MIL @ CHI,CHI,MIL,2025-26
0022500331,2025-12-03,MIL vs. DET,MIL,DET,2025-26
0022500311,2025-12-01,MIL @ WAS,WAS,MIL,2025-26
0022500297,2025-11-29,MIL vs. BKN,MIL,BKN,2025-26
0022500074,2025-11-28,MIL @ NYK,NYK,MIL,2025-26
0022500231,2025-11-15,MIL vs. LAL,MIL,LAL,2025-26
0022500043,2025-11-14,MIL vs. CHA,MIL,CHA,2025-26
0022500203,2025-11-10,MIL @ DAL,DAL,MIL,2025-26
0022500035,2025-11-07,MIL vs. CHI,MIL,CHI,2025-26
0022500157,2025-11-03,MIL @ IND,IND,MIL,2025-26
0022500142,2025-11-01,MIL vs. SAC,MIL,SAC,2025-26
0022500125,2025-10-28,MIL vs. NYK,MIL,NYK,2025-26
0022500086,2025-10-22,MIL vs. WAS,MIL,WAS,2025-26
0022501061,2026-03-25,MIL @ POR,POR,MIL,2025-26
0022501046,2026-03-23,MIL @ LAC,LAC,MIL,2025-26
0022501014,2026-03-19,MIL @ UTA,UTA,MIL,2025-26
0022500926,2026-03-08,MIL vs. ORL,MIL,ORL,2025-26
0022500819,2026-02-22,MIL vs. TOR,MIL,TOR,2025-26
0022500807,2026-02-20,MIL @ NOP,NOP,MIL,2025-26
0022500789,2026-02-12,MIL @ OKC,OKC,MIL,2025-26
0022500764,2026-02-09,MIL @ ORL,ORL,MIL,2025-26
0022500722,2026-02-03,MIL vs. CHI,MIL,CHI,2025-26
0022500702,2026-02-01,MIL @ BOS,BOS,MIL,2025-26
0022500666,2026-01-27,MIL @ PHI,PHI,MIL,2025-26
0022501206,2025-12-11,MIL vs. BOS,MIL,BOS,2025-26
0022500353,2025-12-06,MIL @ DET,DET,MIL,2025-26
0022500348,2025-12-05,MIL vs. PHI,MIL,PHI,2025-26
0022500288,2025-11-24,MIL vs. POR,MIL,POR,2025-26
0022500272,2025-11-22,MIL vs. DET,MIL,DET,2025-26
0022500213,2025-11-12,MIL @ CHA,CHA,MIL,2025-26
0022500681,2026-01-29,MIL @ WAS,WAS,MIL,2025-26
0022500413,2025-12-23,MIL @ IND,IND,MIL,2025-26
0022501219,2025-12-14,MIL @ BKN,BKN,MIL,2025-26
0022500266,2025-11-20,MIL vs. PHI,MIL,PHI,2025-26
0022500139,2025-10-30,MIL vs. GSW,MIL,GSW,2025-26
0022501168,2026-04-09,NYK vs. BOS,NYK,BOS,2025-26
0022500726,2026-02-04,NYK vs. DEN,NYK,DEN,2025-26
0022500718,2026-02-03,NYK @ WAS,WAS,NYK,2025-26
0022500708,2026-02-01,NYK vs. LAL,NYK,LAL,2025-26
0022500690,2026-01-30,NYK vs. POR,NYK,POR,2025-26
0022500643,2026-01-24,NYK @ PHI,PHI,NYK,2025-26
0022500622,2026-01-21,NYK vs. BKN,NYK,BKN,2025-26
0022500016,2026-01-19,NYK vs. DAL,NYK,DAL,2025-26
0022500584,2026-01-15,NYK @ GSW,GSW,NYK,2025-26
0022500551,2026-01-11,NYK @ POR,POR,NYK,2025-26
0022500522,2026-01-07,NYK vs. LAC,NYK,LAC,2025-26
0022500502,2026-01-05,NYK @ DET,DET,NYK,2025-26
0022500487,2026-01-03,NYK vs. PHI,NYK,PHI,2025-26
0022500467,2025-12-31,NYK @ SAS,SAS,NYK,2025-26
0022500454,2025-12-29,NYK @ NOP,NOP,NYK,2025-26
0022500382,2025-12-19,NYK vs. PHI,NYK,PHI,2025-26
0022500372,2025-12-18,NYK @ IND,IND,NYK,2025-26
0022501229,2025-12-13,NYK @ ORL,ORL,NYK,2025-26
0022500357,2025-12-07,NYK vs. ORL,NYK,ORL,2025-26
0022500039,2025-11-14,NYK vs. MIA,NYK,MIA,2025-26
0022500215,2025-11-12,NYK vs. ORL,NYK,ORL,2025-26
0022500192,2025-11-09,NYK vs. BKN,NYK,BKN,2025-26
0022500175,2025-11-05,NYK vs. MIN,NYK,MIN,2025-26
0022500159,2025-11-03,NYK vs. WAS,NYK,WAS,2025-26
0022500153,2025-11-02,NYK vs. CHI,NYK,CHI,2025-26
0022500023,2025-10-31,NYK @ CHI,CHI,NYK,2025-26
0022500018,2025-10-24,NYK vs. BOS,NYK,BOS,2025-26
0022501183,2026-04-10,POR vs. LAC,POR,LAC,2025-26
0022501161,2026-04-08,POR @ SAS,SAS,POR,2025-26
0022501147,2026-04-06,POR @ DEN,DEN,POR,2025-26
0022501118,2026-04-02,POR vs. NOP,POR,NOP,2025-26
0022501104,2026-03-31,POR @ LAC,LAC,POR,2025-26
0022501087,2026-03-29,POR vs. WAS,POR,WAS,2025-26
0022501074,2026-03-27,POR vs. DAL,POR,DAL,2025-26
0022501032,2026-03-22,POR @ DEN,DEN,POR,2025-26
0022501001,2026-03-18,POR @ IND,IND,POR,2025-26
0022500980,2026-03-15,POR @ PHI,PHI,POR,2025-26
0022500967,2026-03-13,POR vs. UTA,POR,UTA,2025-26
0022500944,2026-03-10,POR vs. CHA,POR,CHA,2025-26
0022500929,2026-03-08,POR vs. IND,POR,IND,2025-26
0022500826,2026-02-22,POR @ PHX,PHX,POR,2025-26
0022500810,2026-02-20,POR vs. DEN,POR,DEN,2025-26
0022500783,2026-02-11,POR @ MIN,MIN,POR,2025-26
0022500770,2026-02-09,POR vs. PHI,POR,PHI,2025-26
0022500664,2026-01-27,POR @ WAS,WAS,POR,2025-26
0022500509,2026-01-05,POR vs. UTA,POR,UTA,2025-26
0022500490,2026-01-03,POR @ SAS,SAS,POR,2025-26
0022500470,2025-12-31,POR @ OKC,OKC,POR,2025-26
0022500457,2025-12-29,POR vs. DAL,POR,DAL,2025-26
0022500444,2025-12-28,POR vs. BOS,POR,BOS,2025-26
0022500431,2025-12-26,POR vs. LAC,POR,LAC,2025-26
0022500420,2025-12-23,POR vs. ORL,POR,ORL,2025-26
0022500408,2025-12-22,POR vs. DET,POR,DET,2025-26
0022501221,2025-12-14,POR vs. GSW,POR,GSW,2025-26
0022500342,2025-12-05,POR @ DET,DET,POR,2025-26
0022500324,2025-12-03,POR @ CLE,CLE,POR,2025-26
0022500305,2025-11-30,POR vs. OKC,POR,OKC,2025-26
0022500067,2025-11-26,POR vs. SAS,POR,SAS,2025-26
0022500280,2025-11-23,POR @ OKC,OKC,POR,2025-26
0022500056,2025-11-21,POR @ GSW,GSW,POR,2025-26
0022500263,2025-11-19,POR vs. CHI,POR,CHI,2025-26
0022500254,2025-11-18,POR vs. PHX,POR,PHX,2025-26
0022500238,2025-11-16,POR @ DAL,DAL,POR,2025-26
0022500200,2025-11-10,POR @ ORL,ORL,POR,2025-26
0022500187,2025-11-08,POR @ MIA,MIA,POR,2025-26
0022500180,2025-11-05,POR vs. OKC,POR,OKC,2025-26
0022500163,2025-11-03,POR vs. LAL,POR,LAL,2025-26
0022500026,2025-10-31,POR vs. DEN,POR,DEN,2025-26
0022500135,2025-10-29,POR @ UTA,UTA,POR,2025-26
0022500122,2025-10-27,POR @ LAL,LAL,POR,2025-26
0022500112,2025-10-26,POR @ LAC,LAC,POR,2025-26
0022500097,2025-10-24,POR vs. GSW,POR,GSW,2025-26
0022500089,2025-10-22,POR vs. MIN,POR,MIN,2025-26
0022501198,2026-04-12,LAL vs. UTA,LAL,UTA,2025-26
0022501170,2026-04-09,LAL @ GSW,GSW,LAL,2025-26
0022501155,2026-04-07,LAL vs. OKC,LAL,OKC,2025-26
0022501140,2026-04-05,LAL @ DAL,DAL,LAL,2025-26
0022501116,2026-04-02,LAL @ OKC,OKC,LAL,2025-26
0022501098,2026-03-30,LAL vs. WAS,LAL,WAS,2025-26
0022501038,2026-03-23,LAL @ DET,DET,LAL,2025-26
0022501024,2026-03-21,LAL @ ORL,ORL,LAL,2025-26
0022501007,2026-03-18,LAL @ HOU,HOU,LAL,2025-26
0022500989,2026-03-16,LAL @ HOU,HOU,LAL,2025-26
0022500974,2026-03-14,LAL vs. DEN,LAL,DEN,2025-26
0022500960,2026-03-12,LAL vs. CHI,LAL,CHI,2025-26
0022500906,2026-03-05,LAL @ DEN,DEN,LAL,2025-26
0022500891,2026-03-03,LAL vs. NOP,LAL,NOP,2025-26
0022500866,2026-02-28,LAL @ GSW,GSW,LAL,2025-26
0022500840,2026-02-24,LAL vs. ORL,LAL,ORL,2025-26
0022500823,2026-02-22,LAL vs. BOS,LAL,BOS,2025-26
0022500809,2026-02-20,LAL vs. LAC,LAL,LAC,2025-26
0022500769,2026-02-09,LAL vs. OKC,LAL,OKC,2025-26
0022500740,2026-02-05,LAL vs. PHI,LAL,PHI,2025-26
0022500719,2026-02-03,LAL @ BKN,BKN,LAL,2025-26
0022500688,2026-01-30,LAL @ WAS,WAS,LAL,2025-26
0022500661,2026-01-26,LAL @ CHI,CHI,LAL,2025-26
0022500648,2026-01-24,LAL @ DAL,DAL,LAL,2025-26
0022500633,2026-01-22,LAL @ LAC,LAC,LAL,2025-26
0022500617,2026-01-20,LAL @ DEN,DEN,LAL,2025-26
0022500586,2026-01-15,LAL vs. CHA,LAL,CHA,2025-26
0022500523,2026-01-07,LAL @ SAS,SAS,LAL,2025-26
0022500460,2025-12-30,LAL vs. DET,LAL,DET,2025-26
0022500418,2025-12-23,LAL @ PHX,PHX,LAL,2025-26
0022501204,2025-12-10,LAL vs. SAS,LAL,SAS,2025-26
0022500362,2025-12-07,LAL @ PHI,PHI,LAL,2025-26
0022500338,2025-12-05,LAL @ BOS,BOS,LAL,2025-26
0022500336,2025-12-04,LAL @ TOR,TOR,LAL,2025-26
0022500317,2025-12-01,LAL vs. PHX,LAL,PHX,2025-26
0022500078,2025-11-28,LAL vs. DAL,LAL,DAL,2025-26
0022500282,2025-11-23,LAL @ UTA,UTA,LAL,2025-26
0022500222,2025-11-12,LAL @ OKC,OKC,LAL,2025-26
0022500198,2025-11-10,LAL @ CHA,CHA,LAL,2025-26
0022500185,2025-11-08,LAL @ ATL,ATL,LAL,2025-26
0022500179,2025-11-05,LAL vs. SAS,LAL,SAS,2025-26
0022500136,2025-10-29,LAL @ MIN,MIN,LAL,2025-26
0022500113,2025-10-26,LAL @ SAC,SAC,LAL,2025-26
0022500019,2025-10-24,LAL vs. MIN,LAL,MIN,2025-26
0022500002,2025-10-21,LAL vs. GSW,LAL,GSW,2025-26
0022501180,2026-04-10,DAL @ SAS,SAS,DAL,2025-26
0022501164,2026-04-08,DAL @ PHX,PHX,DAL,2025-26
0022501156,2026-04-07,DAL @ LAC,LAC,DAL,2025-26
0022501059,2026-03-25,DAL @ DEN,DEN,DAL,2025-26
0022501044,2026-03-23,DAL vs. GSW,DAL,GSW,2025-26
0022501029,2026-03-21,DAL vs. LAC,DAL,LAC,2025-26
0022500988,2026-03-16,DAL @ NOP,NOP,DAL,2025-26
0022500977,2026-03-15,DAL @ CLE,CLE,DAL,2025-26
0022500965,2026-03-13,DAL vs. CLE,DAL,CLE,2025-26
0022501111,2026-03-12,DAL @ MEM,MEM,DAL,2025-26
0022500924,2026-03-08,DAL @ TOR,TOR,DAL,2025-26
0022500821,2026-02-22,DAL @ IND,IND,DAL,2025-26
0022500806,2026-02-20,DAL @ MIN,MIN,DAL,2025-26
0022500791,2026-02-12,DAL @ LAL,LAL,DAL,2025-26
0022500773,2026-02-10,DAL @ PHX,PHX,DAL,2025-26
0022500749,2026-02-07,DAL @ SAS,SAS,DAL,2025-26
0022500608,2026-01-19,WAS vs. LAC,WAS,LAC,2025-26
0022500600,2026-01-17,WAS @ DEN,DEN,WAS,2025-26
0022500577,2026-01-14,WAS @ LAC,LAC,WAS,2025-26
0022500518,2026-01-07,WAS @ PHI,PHI,WAS,2025-26
0022500511,2026-01-06,WAS vs. ORL,WAS,ORL,2025-26
0022500498,2026-01-04,WAS vs. MIN,WAS,MIN,2025-26
0022500477,2026-01-02,WAS vs. BKN,WAS,BKN,2025-26
0022500448,2025-12-29,WAS vs. PHX,WAS,PHX,2025-26
0022500409,2025-12-23,WAS @ CHA,CHA,WAS,2025-26
0022500370,2025-12-18,WAS @ SAS,SAS,WAS,2025-26
0022501216,2025-12-14,WAS @ IND,IND,WAS,2025-26
0022501212,2025-12-12,WAS vs. CLE,WAS,CLE,2025-26
0022500334,2025-12-04,WAS vs. BOS,WAS,BOS,2025-26
0022500318,2025-12-02,WAS @ PHI,PHI,WAS,2025-26
0022500259,2025-11-19,WAS @ MIN,MIN,WAS,2025-26
0022500235,2025-11-16,WAS vs. BKN,WAS,BKN,2025-26
0022500199,2025-11-10,WAS @ DET,DET,WAS,2025-26
0022500183,2025-11-08,WAS vs. DAL,WAS,DAL,2025-26
0022500174,2025-11-05,WAS @ BOS,BOS,WAS,2025-26
0022500145,2025-11-01,WAS vs. ORL,WAS,ORL,2025-26
0022500140,2025-10-30,WAS @ OKC,OKC,WAS,2025-26
0022500123,2025-10-28,WAS vs. PHI,WAS,PHI,2025-26
0022500109,2025-10-26,WAS vs. CHA,WAS,CHA,2025-26
0022500096,2025-10-24,WAS @ DAL,DAL,WAS,2025-26
0022501181,2026-04-10,UTA vs. MEM,UTA,MEM,2025-26
0022501139,2026-04-05,UTA @ OKC,OKC,UTA,2025-26
0022501124,2026-04-03,UTA @ HOU,HOU,UTA,2025-26
0022501112,2026-04-01,UTA vs. DEN,UTA,DEN,2025-26
0022501096,2026-03-30,UTA vs. CLE,UTA,CLE,2025-26
0022501072,2026-03-27,UTA @ DEN,DEN,UTA,2025-26
0022501057,2026-03-25,UTA vs. WAS,UTA,WAS,2025-26
0022501043,2026-03-23,UTA vs. TOR,UTA,TOR,2025-26
0022501030,2026-03-21,UTA vs. PHI,UTA,PHI,2025-26
0022500900,2026-03-05,UTA @ WAS,WAS,UTA,2025-26
0022500895,2026-03-04,UTA @ PHI,PHI,UTA,2025-26
0022500881,2026-03-02,UTA vs. DEN,UTA,DEN,2025-26
0022500867,2026-02-28,UTA vs. NOP,UTA,NOP,2025-26
0022500856,2026-02-26,UTA vs. NOP,UTA,NOP,2025-26
0022500830,2026-02-23,UTA @ HOU,HOU,UTA,2025-26
0022500790,2026-02-12,UTA vs. POR,UTA,POR,2025-26
0022500750,2026-02-07,UTA @ ORL,ORL,UTA,2025-26
0022500717,2026-02-03,UTA @ IND,IND,UTA,2025-26
0022500632,2026-01-22,UTA vs. SAS,UTA,SAS,2025-26
0022500611,2026-01-19,UTA @ SAS,SAS,UTA,2025-26
0022500525,2026-01-07,UTA @ OKC,OKC,UTA,2025-26
0022500430,2025-12-26,UTA vs. DET,UTA,DET,2025-26
0022500405,2025-12-22,UTA @ DEN,DEN,UTA,2025-26
0022500393,2025-12-20,UTA vs. ORL,UTA,ORL,2025-26
0022500379,2025-12-18,UTA vs. LAL,UTA,LAL,2025-26
0022500363,2025-12-07,UTA vs. OKC,UTA,OKC,2025-26
0022500316,2025-12-01,UTA vs. HOU,UTA,HOU,2025-26
0022500055,2025-11-21,UTA vs. OKC,UTA,OKC,2025-26
0022500240,2025-11-16,UTA vs. CHI,UTA,CHI,2025-26
0022500211,2025-11-11,UTA vs. IND,UTA,IND,2025-26
0022500205,2025-11-10,UTA vs. MIN,UTA,MIN,2025-26
0022500172,2025-11-05,UTA @ DET,DET,UTA,2025-26
0022500158,2025-11-03,UTA @ BOS,BOS,UTA,2025-26
0022500098,2025-10-24,UTA @ SAC,SAC,UTA,2025-26
0022500087,2025-10-22,UTA vs. LAC,UTA,LAC,2025-26
0022501171,2026-04-10,CHA vs. DET,CHA,DET,2025-26
0022501149,2026-04-07,CHA @ BOS,BOS,CHA,2025-26
0022501120,2026-04-03,CHA vs. IND,CHA,IND,2025-26
0022501085,2026-03-29,CHA vs. BOS,CHA,BOS,2025-26
0022501077,2026-03-28,CHA vs. PHI,CHA,PHI,2025-26
0022501047,2026-03-24,CHA vs. SAC,CHA,SAC,2025-26
0022501023,2026-03-21,CHA vs. MEM,CHA,MEM,2025-26
0022501008,2026-03-19,CHA vs. ORL,CHA,ORL,2025-26
0022500991,2026-03-17,CHA vs. MIA,CHA,MIA,2025-26
0022500973,2026-03-14,CHA @ SAS,SAS,CHA,2025-26
0022500928,2026-03-08,CHA @ PHX,PHX,CHA,2025-26
0022500894,2026-03-04,CHA @ BOS,BOS,CHA,2025-26
0022500883,2026-03-03,CHA vs. DAL,CHA,DAL,2025-26
0022500863,2026-02-28,CHA vs. POR,CHA,POR,2025-26
0022500848,2026-02-26,CHA @ IND,IND,CHA,2025-26
0022500836,2026-02-24,CHA @ CHI,CHI,CHA,2025-26
0022500822,2026-02-22,CHA @ WAS,WAS,CHA,2025-26
0022500792,2026-02-19,CHA vs. HOU,CHA,HOU,2025-26
0022500761,2026-02-09,CHA vs. DET,CHA,DET,2025-26
0022500737,2026-02-05,CHA @ HOU,HOU,CHA,2025-26
0022500697,2026-01-31,CHA vs. SAS,CHA,SAS,2025-26
0022500683,2026-01-29,CHA @ DAL,DAL,CHA,2025-26
0022500676,2026-01-28,CHA @ MEM,MEM,CHA,2025-26
0022500657,2026-01-26,CHA vs. PHI,CHA,PHI,2025-26
0022500645,2026-01-24,CHA vs. WAS,CHA,WAS,2025-26
0022500627,2026-01-22,CHA @ ORL,ORL,CHA,2025-26
0022500605,2026-01-18,CHA @ DEN,DEN,CHA,2025-26
0022500599,2026-01-17,CHA @ GSW,GSW,CHA,2025-26
0022500563,2026-01-12,CHA @ LAC,LAC,CHA,2025-26
0022500528,2026-01-08,CHA vs. IND,CHA,IND,2025-26
0022500506,2026-01-05,CHA @ OKC,OKC,CHA,2025-26
0022500489,2026-01-03,CHA @ CHI,CHI,CHA,2025-26
0022500462,2025-12-31,CHA vs. GSW,CHA,GSW,2025-26
0022500424,2025-12-26,CHA @ ORL,ORL,CHA,2025-26
0022500390,2025-12-20,CHA @ DET,DET,CHA,2025-26
0022500344,2025-12-05,CHA @ TOR,TOR,CHA,2025-26
0022500328,2025-12-03,CHA @ NYK,NYK,CHA,2025-26
0022500312,2025-12-01,CHA @ BKN,BKN,CHA,2025-26
0022500071,2025-11-28,CHA vs. CHI,CHA,CHI,2025-26
0022500061,2025-11-26,CHA vs. NYK,CHA,NYK,2025-26
0022500268,2025-11-22,CHA vs. LAC,CHA,LAC,2025-26
0022500256,2025-11-19,CHA @ IND,IND,CHA,2025-26
0022500245,2025-11-17,CHA @ TOR,TOR,CHA,2025-26
0022500143,2025-11-01,CHA vs. MIN,CHA,MIN,2025-26
0022500138,2025-10-30,CHA vs. ORL,CHA,ORL,2025-26
0022500102,2025-10-25,CHA @ PHI,PHI,CHA,2025-26
0022500080,2025-10-22,CHA vs. BKN,CHA,BKN,2025-26
0022500494,2026-01-04,CLE vs. DET,CLE,DET,2025-26
0022500341,2025-12-05,CLE vs. SAS,CLE,SAS,2025-26
0022500048,2025-11-21,CLE vs. IND,CLE,IND,2025-26
0022501186,2026-04-12,ORL @ BOS,BOS,ORL,2025-26
0022501177,2026-04-10,ORL @ CHI,CHI,ORL,2025-26
0022501144,2026-04-06,ORL vs. DET,ORL,DET,2025-26
0022501127,2026-04-03,ORL @ DAL,DAL,ORL,2025-26
0022501086,2026-03-29,ORL @ TOR,TOR,ORL,2025-26
0022501049,2026-03-24,ORL @ CLE,CLE,ORL,2025-26
0022501039,2026-03-23,ORL vs. IND,ORL,IND,2025-26
0022500992,2026-03-17,ORL vs. OKC,ORL,OKC,2025-26
0022500955,2026-03-12,ORL vs. WAS,ORL,WAS,2025-26
0022500947,2026-03-11,ORL vs. CLE,ORL,CLE,2025-26
0022500915,2026-03-07,ORL @ MIN,MIN,ORL,2025-26
0022500899,2026-03-05,ORL vs. DAL,ORL,DAL,2025-26
0022500885,2026-03-03,ORL vs. WAS,ORL,WAS,2025-26
0022500875,2026-03-01,ORL vs. DET,ORL,DET,2025-26
0022500852,2026-02-26,ORL vs. HOU,ORL,HOU,2025-26
0022500827,2026-02-22,ORL @ LAC,LAC,ORL,2025-26
0022500777,2026-02-11,ORL vs. MIL,ORL,MIL,2025-26
0022500734,2026-02-05,ORL vs. BKN,ORL,BKN,2025-26
0022500723,2026-02-03,ORL @ OKC,OKC,ORL,2025-26
0022500703,2026-02-01,ORL @ SAS,SAS,ORL,2025-26
0022500548,2026-01-11,ORL vs. NOP,ORL,NOP,2025-26
0022500533,2026-01-09,ORL vs. PHI,ORL,PHI,2025-26
0022500521,2026-01-07,ORL @ BKN,BKN,ORL,2025-26
0022500495,2026-01-04,ORL vs. IND,ORL,IND,2025-26
0022500480,2026-01-02,ORL @ CHI,CHI,ORL,2025-26
0022500464,2025-12-31,ORL @ IND,IND,ORL,2025-26
0022500433,2025-12-27,ORL vs. DEN,ORL,DEN,2025-26
0022500407,2025-12-22,ORL @ GSW,GSW,ORL,2025-26
0022500377,2025-12-18,ORL @ DEN,DEN,ORL,2025-26
0022500193,2025-11-09,ORL vs. BOS,ORL,BOS,2025-26
0022500028,2025-11-07,ORL vs. BOS,ORL,BOS,2025-26
0022500129,2025-10-29,ORL @ DET,DET,ORL,2025-26
0022500114,2025-10-27,ORL @ PHI,PHI,ORL,2025-26
0022500100,2025-10-25,ORL vs. CHI,ORL,CHI,2025-26
0022500326,2025-12-03,ORL vs. SAS,ORL,SAS,2025-26
0022500314,2025-12-01,ORL vs. CHI,ORL,CHI,2025-26
0022500072,2025-11-28,ORL @ DET,DET,ORL,2025-26
0022500058,2025-11-25,ORL @ PHI,PHI,ORL,2025-26
0022500277,2025-11-23,ORL @ BOS,BOS,ORL,2025-26
0022500269,2025-11-22,ORL vs. NYK,ORL,NYK,2025-26
0022500264,2025-11-20,ORL vs. LAC,ORL,LAC,2025-26
0022500249,2025-11-18,ORL vs. GSW,ORL,GSW,2025-26
0022500040,2025-11-14,ORL vs. BKN,ORL,BKN,2025-26
0022501175,2026-04-10,PHI @ IND,IND,PHI,2025-26
0022501169,2026-04-09,PHI @ HOU,HOU,PHI,2025-26
0022501146,2026-04-06,PHI @ SAS,SAS,PHI,2025-26
0022501131,2026-04-04,PHI vs. DET,PHI,DET,2025-26
0022501105,2026-04-01,PHI @ WAS,WAS,PHI,2025-26
0022501053,2026-03-25,PHI vs. CHI,PHI,CHI,2025-26
0022501040,2026-03-23,PHI vs. OKC,PHI,OKC,2025-26
0022500997,2026-03-17,PHI @ DEN,DEN,PHI,2025-26
0022500969,2026-03-14,PHI vs. BKN,PHI,BKN,2025-26
0022500953,2026-03-12,PHI @ DET,DET,PHI,2025-26
0022500936,2026-03-10,PHI vs. MEM,PHI,MEM,2025-26
0022500931,2026-03-09,PHI @ CLE,CLE,PHI,2025-26
0022500888,2026-03-03,PHI vs. SAS,PHI,SAS,2025-26
0022500874,2026-03-01,PHI @ BOS,BOS,PHI,2025-26
0022500831,2026-02-24,PHI @ IND,IND,PHI,2025-26
0022500824,2026-02-22,PHI @ MIN,MIN,PHI,2025-26
0022500812,2026-02-21,PHI @ NOP,NOP,PHI,2025-26
0022500754,2026-02-07,PHI @ PHX,PHX,PHI,2025-26
0022500724,2026-02-03,PHI @ GSW,GSW,PHI,2025-26
0022500715,2026-02-02,PHI @ LAC,LAC,PHI,2025-26
0022500628,2026-01-22,PHI vs. HOU,PHI,HOU,2025-26
0022500609,2026-01-19,PHI vs. IND,PHI,IND,2025-26
0022500507,2026-01-05,PHI vs. DEN,PHI,DEN,2025-26
0022500473,2026-01-01,PHI @ DAL,DAL,PHI,2025-26
0022500442,2025-12-28,PHI @ OKC,OKC,PHI,2025-26
0022500427,2025-12-26,PHI @ CHI,CHI,PHI,2025-26
0022500387,2025-12-20,PHI vs. DAL,PHI,DAL,2025-26
0022501211,2025-12-12,PHI vs. IND,PHI,IND,2025-26
0022500333,2025-12-04,PHI vs. GSW,PHI,GSW,2025-26
0022500070,2025-11-28,PHI @ BKN,BKN,PHI,2025-26
0022500258,2025-11-19,PHI vs. TOR,PHI,TOR,2025-26
0022500243,2025-11-17,PHI vs. LAC,PHI,LAC,2025-26
0022500041,2025-11-14,PHI @ DET,DET,PHI,2025-26
0022500083,2025-10-22,PHI @ BOS,BOS,PHI,2025-26
0022501197,2026-04-12,SAS vs. DEN,SAS,DEN,2025-26
0022501130,2026-04-04,SAS @ DEN,DEN,SAS,2025-26
0022501119,2026-04-02,SAS @ LAC,LAC,SAS,2025-26
0022501113,2026-04-01,SAS @ GSW,GSW,SAS,2025-26
0022501094,2026-03-30,SAS vs. CHI,SAS,CHI,2025-26
0022501076,2026-03-28,SAS @ MIL,MIL,SAS,2025-26
0022501056,2026-03-25,SAS @ MEM,MEM,SAS,2025-26
0022501028,2026-03-21,SAS vs. IND,SAS,IND,2025-26
0022501013,2026-03-19,SAS vs. PHX,SAS,PHX,2025-26
0022500990,2026-03-16,SAS @ LAC,LAC,SAS,2025-26
0022500958,2026-03-12,SAS vs. DEN,SAS,DEN,2025-26
0022500843,2026-02-25,SAS @ TOR,TOR,SAS,2025-26
0022500828,2026-02-23,SAS @ DET,DET,SAS,2025-26
0022500798,2026-02-19,SAS vs. PHX,SAS,PHX,2025-26
0022500788,2026-02-11,SAS @ GSW,GSW,SAS,2025-26
0022500774,2026-02-10,SAS @ LAL,LAL,SAS,2025-26
0022500738,2026-02-05,SAS @ DAL,DAL,SAS,2025-26
0022500730,2026-02-04,SAS vs. OKC,SAS,OKC,2025-26
0022500679,2026-01-28,SAS @ HOU,HOU,SAS,2025-26
0022500615,2026-01-20,SAS @ HOU,HOU,SAS,2025-26
0022500598,2026-01-17,SAS vs. MIN,SAS,MIN,2025-26
0022500568,2026-01-13,SAS @ OKC,OKC,SAS,2025-26
0022500552,2026-01-11,SAS @ MIN,MIN,SAS,2025-26
0022500545,2026-01-10,SAS @ BOS,BOS,SAS,2025-26
0022500476,2026-01-02,SAS @ IND,IND,SAS,2025-26
0022500440,2025-12-27,SAS vs. UTA,SAS,UTA,2025-26
0022500010,2025-12-25,SAS @ OKC,OKC,SAS,2025-26
0022500417,2025-12-23,SAS vs. OKC,SAS,OKC,2025-26
0022500399,2025-12-21,SAS @ WAS,WAS,SAS,2025-26
0022501230,2025-12-13,SAS @ OKC,OKC,SAS,2025-26
0022500306,2025-11-30,SAS @ MIN,MIN,SAS,2025-26
0022500076,2025-11-28,SAS @ DEN,DEN,SAS,2025-26
0022500281,2025-11-23,SAS @ PHX,PHX,SAS,2025-26
0022500047,2025-11-14,SAS vs. GSW,SAS,GSW,2025-26
0022500220,2025-11-12,SAS vs. GSW,SAS,GSW,2025-26
0022500202,2025-11-10,SAS @ CHI,CHI,SAS,2025-26
0022500105,2025-10-26,SAS vs. BKN,SAS,BKN,2025-26
0022500004,2025-10-22,SAS @ DAL,DAL,SAS,2025-26
0022501192,2026-04-12,TOR vs. BKN,TOR,BKN,2025-26
0022501132,2026-04-05,TOR @ BOS,BOS,TOR,2025-26
0022501125,2026-04-03,TOR @ MEM,MEM,TOR,2025-26
0022501101,2026-03-31,TOR @ DET,DET,TOR,2025-26
0022501071,2026-03-27,TOR vs. NOP,TOR,NOP,2025-26
0022501062,2026-03-25,TOR @ LAC,LAC,TOR,2025-26
0022501036,2026-03-22,TOR @ PHX,PHX,TOR,2025-26
0022501021,2026-03-20,TOR @ DEN,DEN,TOR,2025-26
0022501002,2026-03-18,TOR @ CHI,CHI,TOR,2025-26
0022500978,2026-03-15,TOR vs. DET,TOR,DET,2025-26
0022500948,2026-03-11,TOR @ NOP,NOP,TOR,2025-26
0022500940,2026-03-10,TOR @ HOU,HOU,TOR,2025-26
0022500865,2026-02-28,TOR @ WAS,WAS,TOR,2025-26
0022500834,2026-02-24,TOR vs. OKC,TOR,OKC,2025-26
0022500797,2026-02-19,TOR @ CHI,CHI,TOR,2025-26
0022500781,2026-02-11,TOR vs. DET,TOR,DET,2025-26
0022500759,2026-02-08,TOR vs. IND,TOR,IND,2025-26
0022500736,2026-02-05,TOR vs. CHI,TOR,CHI,2025-26
0022500727,2026-02-04,TOR vs. MIN,TOR,MIN,2025-26
0022500230,2025-11-15,TOR @ IND,IND,TOR,2025-26
0022500207,2025-11-11,TOR @ BKN,BKN,TOR,2025-26
0022501196,2026-04-12,OKC vs. PHX,OKC,PHX,2025-26
0022501182,2026-04-10,OKC @ DEN,DEN,OKC,2025-26
0022501022,2026-03-21,OKC @ WAS,WAS,OKC,2025-26
0022500920,2026-03-07,OKC vs. GSW,OKC,GSW,2025-26
0022500889,2026-03-03,OKC @ CHI,CHI,OKC,2025-26
0022500842,2026-02-25,OKC @ DET,DET,OKC,2025-26
0022500711,2026-02-01,OKC @ DEN,DEN,OKC,2025-26
0022500686,2026-01-29,OKC @ MIN,MIN,OKC,2025-26
0022500641,2026-01-23,OKC vs. IND,OKC,IND,2025-26
0022500349,2025-12-05,OKC vs. DAL,OKC,DAL,2025-26
0022500229,2025-11-15,OKC @ CHA,CHA,OKC,2025-26
0022500210,2025-11-11,OKC vs. GSW,OKC,GSW,2025-26
0022500126,2025-10-28,OKC vs. SAC,OKC,SAC,2025-26
0022500119,2025-10-27,OKC @ DAL,DAL,OKC,2025-26
0022500005,2025-10-23,OKC @ IND,IND,OKC,2025-26
0022500532,2026-01-09,TOR @ BOS,BOS,TOR,2025-26
0022501199,2026-04-12,GSW @ LAC,LAC,GSW,2025-26
0022501142,2026-04-05,GSW vs. HOU,GSW,HOU,2025-26
0022500999,2026-03-18,BOS vs. GSW,BOS,GSW,2025-26
0022501163,2026-04-08,LAC vs. OKC,LAC,OKC,2025-26
0022501082,2026-03-29,LAC @ MIL,MIL,LAC,2025-26
0022501066,2026-03-27,LAC @ IND,IND,LAC,2025-26
0022500968,2026-03-13,LAC vs. CHI,LAC,CHI,2025-26
0022500918,2026-03-07,LAC @ MEM,MEM,LAC,2025-26
0022500913,2026-03-06,LAC @ SAS,SAS,LAC,2025-26
0022500898,2026-03-04,LAC vs. IND,LAC,IND,2025-26
0022500882,2026-03-02,LAC @ GSW,GSW,LAC,2025-26
0022500877,2026-03-01,LAC vs. NOP,LAC,NOP,2025-26
0022500857,2026-02-26,LAC vs. MIN,LAC,MIN,2025-26
0022500801,2026-02-19,LAC vs. DEN,LAC,DEN,2025-26
0022500760,2026-02-08,LAC @ MIN,MIN,LAC,2025-26
0022500695,2026-01-30,LAC @ DEN,DEN,LAC,2025-26
0022500656,2026-01-25,LAC vs. BKN,LAC,BKN,2025-26
0022500614,2026-01-20,LAC @ CHI,CHI,LAC,2025-26
0022500544,2026-01-10,LAC @ DET,DET,LAC,2025-26
0022500535,2026-01-09,LAC @ BKN,BKN,LAC,2025-26
0022500508,2026-01-05,LAC vs. GSW,LAC,GSW,2025-26
0022500493,2026-01-03,LAC vs. BOS,LAC,BOS,2025-26
0022500445,2025-12-28,LAC vs. DET,LAC,DET,2025-26
0022500395,2025-12-20,LAC vs. LAL,LAC,LAL,2025-26
0022500369,2025-12-18,LAC @ OKC,OKC,LAC,2025-26
0022500355,2025-12-06,LAC @ MIN,MIN,LAC,2025-26
0022500300,2025-11-29,LAC vs. DAL,LAC,DAL,2025-26
0022500059,2025-11-25,LAC @ LAL,LAL,LAC,2025-26
0022500278,2025-11-23,LAC @ CLE,CLE,LAC,2025-26
0022500233,2025-11-16,LAC @ BOS,BOS,LAC,2025-26
0022500046,2025-11-14,LAC @ DAL,DAL,LAC,2025-26
0022500224,2025-11-12,LAC vs. DEN,LAC,DEN,2025-26
0022500206,2025-11-10,LAC vs. ATL,LAC,ATL,2025-26
0022500170,2025-11-04,LAC vs. OKC,LAC,OKC,2025-26
0022500127,2025-10-28,LAC @ GSW,GSW,LAC,2025-26
0022500744,2026-02-06,MIN vs. NOP,MIN,NOP,2025-26
0022500700,2026-01-31,MIN @ MEM,MEM,MIN,2025-26
0022500677,2026-01-28,MIN @ DAL,DAL,MIN,2025-26
0022500663,2026-01-26,MIN vs. GSW,MIN,GSW,2025-26
0022500644,2026-01-25,MIN vs. GSW,MIN,GSW,2025-26
0022500631,2026-01-22,MIN vs. CHI,MIN,CHI,2025-26
0022500591,2026-01-16,MIN @ HOU,HOU,MIN,2025-26
0022500452,2025-12-29,MIN @ CHI,CHI,MIN,2025-26
0022500439,2025-12-27,MIN vs. BKN,MIN,BKN,2025-26
0022500246,2025-11-17,MIN vs. DAL,MIN,DAL,2025-26
0022500156,2025-11-03,MIN @ BKN,BKN,MIN,2025-26
0022500008,2025-10-27,MIN vs. DEN,MIN,DEN,2025-26
0022501088,2026-03-29,NOP vs. HOU,NOP,HOU,2025-26
0022501064,2026-03-26,NOP @ DET,DET,NOP,2025-26
0022501025,2026-03-21,NOP vs. CLE,NOP,CLE,2025-26
0022501012,2026-03-19,NOP vs. LAC,NOP,LAC,2025-26
0022501005,2026-03-18,NOP vs. LAC,NOP,LAC,2025-26
0022500964,2026-03-13,NOP @ HOU,HOU,NOP,2025-26
0022500925,2026-03-08,NOP vs. WAS,NOP,WAS,2025-26
0022500838,2026-02-24,NOP vs. GSW,NOP,GSW,2025-26
0022500639,2026-01-23,NOP @ MEM,MEM,NOP,2025-26
0022500624,2026-01-21,NOP vs. DET,NOP,DET,2025-26
0022500588,2026-01-16,NOP @ IND,IND,NOP,2025-26
0022500574,2026-01-14,NOP vs. BKN,NOP,BKN,2025-26
0022500567,2026-01-13,NOP vs. DEN,NOP,DEN,2025-26
0022500466,2025-12-31,NOP @ CHI,CHI,NOP,2025-26
0022500927,2026-03-08,SAS vs. HOU,SAS,HOU,2025-26
0022500904,2026-03-05,SAS vs. DET,SAS,DET,2025-26
0022500410,2025-12-23,PHI vs. BKN,PHI,BKN,2025-26
0022500209,2025-11-11,PHI vs. BOS,PHI,BOS,2025-26
0022500195,2025-11-09,PHI vs. DET,PHI,DET,2025-26
0022500167,2025-11-04,PHI @ CHI,CHI,PHI,2025-26
0022500149,2025-11-02,PHI @ BKN,BKN,PHI,2025-26
0022500021,2025-10-31,PHI vs. BOS,PHI,BOS,2025-26
0022501093,2026-03-30,PHX @ MEM,MEM,PHX,2025-26
0022501031,2026-03-21,PHX vs. MIL,PHX,MIL,2025-26
0022500954,2026-03-12,PHX @ IND,IND,PHX,2025-26
0022500499,2026-01-04,PHX vs. OKC,PHX,OKC,2025-26
0022500392,2025-12-20,PHX @ GSW,GSW,PHX,2025-26
0022500378,2025-12-18,PHX vs. GSW,PHX,GSW,2025-26
0022500075,2025-11-28,PHX @ OKC,OKC,PHX,2025-26
0022500053,2025-11-21,PHX vs. MIN,PHX,MIN,2025-26
0022500106,2025-10-26,BOS @ DET,DET,BOS,2025-26
0022500621,2026-01-21,IND @ BOS,BOS,IND,2025-26
0022500595,2026-01-17,IND @ DET,DET,IND,2025-26
0022500559,2026-01-12,IND vs. BOS,IND,BOS,2025-26
0022500436,2025-12-27,IND @ MIA,MIA,IND,2025-26
0022500426,2025-12-26,IND vs. BOS,IND,BOS,2025-26
0022500345,2025-12-05,IND @ CHI,CHI,IND,2025-26
0022500325,2025-12-03,IND vs. DEN,IND,DEN,2025-26
0022500310,2025-12-01,IND vs. CLE,IND,CLE,2025-26
0022500073,2025-11-28,IND vs. WAS,IND,WAS,2025-26
0022500283,2025-11-24,IND vs. DET,IND,DET,2025-26
0022500242,2025-11-17,IND @ DET,DET,IND,2025-26
0022500196,2025-11-09,IND @ GSW,GSW,IND,2025-26
0022500189,2025-11-08,IND @ DEN,DEN,IND,2025-26
0022500173,2025-11-05,IND vs. BKN,IND,BKN,2025-26
0022500144,2025-11-01,IND vs. GSW,IND,GSW,2025-26
0022500133,2025-10-29,IND @ DAL,DAL,IND,2025-26
0022500110,2025-10-26,IND @ MIN,MIN,IND,2025-26
0022501162,2026-04-08,DEN vs. MEM,DEN,MEM,2025-26
0022501090,2026-03-29,DEN vs. GSW,DEN,GSW,2025-26
0022500651,2026-03-18,DEN @ MEM,MEM,DEN,2025-26
0022500950,2026-03-11,DEN vs. HOU,DEN,HOU,2025-26
0022500933,2026-03-09,DEN @ OKC,OKC,DEN,2025-26
0022500871,2026-03-01,DEN vs. MIN,DEN,MIN,2025-26
0022500862,2026-02-27,DEN @ OKC,OKC,DEN,2025-26
0022500847,2026-02-25,DEN vs. BOS,DEN,BOS,2025-26
0022500820,2026-02-22,DEN @ GSW,GSW,DEN,2025-26
0022500752,2026-02-07,DEN @ CHI,CHI,DEN,2025-26
0022500716,2026-02-03,DEN @ DET,DET,DEN,2025-26
0022500520,2026-01-07,DEN @ BOS,BOS,DEN,2025-26
0022500496,2026-01-04,DEN @ BKN,BKN,DEN,2025-26
0022500037,2025-11-07,DEN vs. GSW,DEN,GSW,2025-26
0022500162,2025-11-03,DEN vs. SAC,DEN,SAC,2025-26
0022500006,2025-10-23,DEN @ GSW,GSW,DEN,2025-26
0022500785,2026-02-11,PHX vs. OKC,PHX,OKC,2025-26
0022500742,2026-02-06,NYK @ DET,DET,NYK,2025-26
0022500416,2025-12-23,NYK @ MIN,MIN,NYK,2025-26
0022500320,2025-12-02,NYK @ BOS,BOS,NYK,2025-26
0022500285,2025-11-24,NYK @ BKN,BKN,NYK,2025-26
0022500262,2025-11-19,NYK @ DAL,DAL,NYK,2025-26
0022500244,2025-11-17,NYK @ MIA,MIA,NYK,2025-26
0022501209,2025-12-12,CHA vs. CHI,CHA,CHI,2025-26
0022500359,2025-12-07,CHA vs. DEN,CHA,DEN,2025-26
0022500033,2025-11-07,CHA @ MIA,MIA,CHA,2025-26
0022500684,2026-01-29,DEN vs. BKN,DEN,BKN,2025-26
0022500668,2026-01-27,DEN vs. DET,DEN,DET,2025-26
0022500629,2026-01-22,DEN @ WAS,WAS,DEN,2025-26
0022500575,2026-01-14,DEN @ DAL,DAL,DEN,2025-26
0022500013,2025-12-25,DEN vs. MIN,DEN,MIN,2025-26
0022500415,2025-12-23,DEN @ DAL,DAL,DEN,2025-26
0022500315,2025-12-01,DEN vs. DAL,DEN,DAL,2025-26
0022500248,2025-11-17,DEN vs. CHI,DEN,CHI,2025-26
0022500232,2025-11-15,DEN @ MIN,MIN,DEN,2025-26
0022501054,2026-03-25,BOS vs. OKC,BOS,OKC,2025-26
0022501019,2026-03-20,BOS @ MEM,MEM,BOS,2025-26
0022500971,2026-03-14,BOS vs. WAS,BOS,WAS,2025-26
0022500959,2026-03-12,BOS @ OKC,OKC,BOS,2025-26
0022500942,2026-03-10,BOS @ SAS,SAS,BOS,2025-26
0022500921,2026-03-08,BOS @ CLE,CLE,BOS,2025-26
0022500908,2026-03-06,BOS vs. DAL,BOS,DAL,2025-26
0022500799,2026-02-19,BOS @ GSW,GSW,BOS,2025-26
0022500778,2026-02-11,BOS vs. CHI,BOS,CHI,2025-26
0022500721,2026-02-03,BOS @ DAL,DAL,BOS,2025-26
0022500660,2026-01-26,BOS vs. POR,BOS,POR,2025-26
0022500647,2026-01-24,BOS @ CHI,CHI,BOS,2025-26
0022500637,2026-01-23,BOS @ BKN,BKN,BOS,2025-26
0022500017,2026-01-19,BOS @ DET,DET,BOS,2025-26
0022500503,2026-01-05,BOS vs. CHI,BOS,CHI,2025-26
0022500459,2025-12-30,BOS @ UTA,UTA,BOS,2025-26
0022500403,2025-12-22,BOS vs. IND,BOS,IND,2025-26
0022501222,2025-12-15,BOS vs. DET,BOS,DET,2025-26
0022500302,2025-11-30,BOS @ CLE,CLE,BOS,2025-26
0022500293,2025-11-29,BOS @ MIN,MIN,BOS,2025-26
0022500060,2025-11-26,BOS vs. DET,BOS,DET,2025-26
0022500049,2025-11-21,BOS vs. BKN,BOS,BKN,2025-26
0022500250,2025-11-18,BOS @ BKN,BKN,BOS,2025-26
0022501188,2026-04-12,IND vs. DET,IND,DET,2025-26
0022501136,2026-04-05,IND @ CLE,CLE,IND,2025-26
0022501109,2026-04-01,IND @ CHI,CHI,IND,2025-26
0022501052,2026-03-25,IND vs. LAL,IND,LAL,2025-26
0022500914,2026-03-06,IND @ LAL,LAL,IND,2025-26
0022500872,2026-03-01,IND vs. MEM,IND,MEM,2025-26
0022500803,2026-02-20,IND @ WAS,WAS,IND,2025-26
0022500795,2026-02-19,IND @ WAS,WAS,IND,2025-26
0022501011,2026-03-19,CLE @ CHI,CHI,CLE,2025-26
0022500995,2026-03-17,CLE @ MIL,MIL,CLE,2025-26
0022500352,2025-12-06,CLE vs. GSW,CLE,GSW,2025-26
0022500570,2026-01-13,GSW vs. POR,GSW,POR,2025-26
0022500492,2026-01-03,GSW vs. UTA,GSW,UTA,2025-26
0022500449,2025-12-29,GSW @ BKN,BKN,GSW,2025-26
0022500011,2025-12-25,GSW vs. DAL,GSW,DAL,2025-26
0022501215,2025-12-12,GSW vs. MIN,GSW,MIN,2025-26
0022500361,2025-12-07,GSW @ CHI,CHI,GSW,2025-26
0022500323,2025-12-02,GSW vs. OKC,GSW,OKC,2025-26
0022500066,2025-11-26,GSW vs. HOU,GSW,HOU,2025-26
0022501079,2026-03-28,CHI @ MEM,MEM,CHI,2025-26
0022501070,2026-03-27,CHI @ OKC,OKC,CHI,2025-26
0022501042,2026-03-23,CHI vs. HOU,CHI,HOU,2025-26
0022500987,2026-03-16,CHI vs. MEM,CHI,MEM,2025-26
0022500943,2026-03-10,CHI @ GSW,GSW,CHI,2025-26
0022500870,2026-03-01,CHI vs. MIL,CHI,MIL,2025-26
0022500853,2026-02-26,CHI vs. POR,CHI,POR,2025-26
0022500814,2026-02-21,CHI vs. DET,CHI,DET,2025-26
0022500762,2026-02-09,CHI @ BKN,BKN,CHI,2025-26
0022500672,2026-01-28,CHI @ IND,IND,CHI,2025-26
0022500603,2026-01-18,CHI vs. BKN,CHI,BKN,2025-26
0022500587,2026-01-16,CHI @ BKN,BKN,CHI,2025-26
0022500546,2026-01-10,CHI vs. DAL,CHI,DAL,2025-26
0022500517,2026-01-07,CHI @ DET,DET,CHI,2025-26
0022500329,2025-12-03,CHI vs. BKN,CHI,BKN,2025-26
0022500295,2025-11-29,CHI @ IND,IND,CHI,2025-26
0022500271,2025-11-22,CHI vs. WAS,CHI,WAS,2025-26
0022500214,2025-11-12,CHI @ DET,DET,CHI,2025-26
0022500132,2025-10-29,CHI vs. SAC,CHI,SAC,2025-26
0022500084,2025-10-22,CHI vs. DET,CHI,DET,2025-26
0022500714,2026-02-02,MEM vs. MIN,MEM,MIN,2025-26
0022500910,2026-03-06,POR @ HOU,HOU,POR,2025-26
0022500896,2026-03-04,POR @ MEM,MEM,POR,2025-26
0022500841,2026-02-24,POR vs. MIN,POR,MIN,2025-26
0022500745,2026-02-06,POR vs. MEM,POR,MEM,2025-26
0022500601,2026-01-17,POR vs. LAL,POR,LAL,2025-26
0022501194,2026-04-12,HOU vs. MEM,HOU,MEM,2025-26
0022501069,2026-03-27,HOU @ MEM,MEM,HOU,2025-26
0022500902,2026-03-05,HOU vs. GSW,HOU,GSW,2025-26
0022500879,2026-03-02,HOU @ WAS,WAS,HOU,2025-26
0022500782,2026-02-11,HOU vs. LAC,HOU,LAC,2025-26
0022500772,2026-02-10,HOU vs. LAC,HOU,LAC,2025-26
0022500748,2026-02-07,HOU @ OKC,OKC,HOU,2025-26
0022500728,2026-02-04,HOU vs. BOS,HOU,BOS,2025-26
0022500713,2026-02-02,HOU @ IND,IND,HOU,2025-26
0022500701,2026-01-31,HOU vs. DAL,HOU,DAL,2025-26
0022500635,2026-01-23,HOU @ DET,DET,HOU,2025-26
0022500491,2026-01-03,HOU @ DAL,DAL,HOU,2025-26
0022500356,2025-12-06,HOU @ DAL,DAL,HOU,2025-26
0022500484,2026-01-02,OKC @ GSW,GSW,OKC,2025-26
0022501187,2026-04-12,WAS @ CLE,CLE,WAS,2025-26
0022501166,2026-04-09,WAS vs. CHI,WAS,CHI,2025-26
0022501148,2026-04-07,WAS vs. CHI,WAS,CHI,2025-26
0022501073,2026-03-27,WAS @ GSW,GSW,WAS,2025-26
0022501009,2026-03-19,WAS vs. DET,WAS,DET,2025-26
0022500993,2026-03-17,WAS vs. DET,WAS,DET,2025-26
0022500984,2026-03-16,WAS vs. GSW,WAS,GSW,2025-26
0022500850,2026-02-26,WAS @ ATL,ATL,WAS,2025-26
0022500747,2026-02-07,WAS @ BKN,BKN,WAS,2025-26
0022500733,2026-02-05,WAS @ DET,DET,WAS,2025-26
0022501097,2026-03-30,OKC vs. DET,OKC,DET,2025-26
0022500876,2026-03-01,OKC @ DAL,DAL,OKC,2025-26
0022500385,2025-12-19,OKC @ MIN,MIN,OKC,2025-26
0022500064,2025-11-26,OKC vs. MIN,OKC,MIN,2025-26
0022501193,2026-04-12,DAL vs. CHI,DAL,CHI,2025-26
0022500861,2026-02-27,DAL vs. MEM,DAL,MEM,2025-26
0022500630,2026-01-22,DAL vs. GSW,DAL,GSW,2025-26
0022500561,2026-01-12,DAL vs. BKN,DAL,BKN,2025-26
0022500376,2025-12-18,DAL vs. DET,DAL,DET,2025-26
0022501214,2025-12-12,DAL vs. BKN,DAL,BKN,2025-26
0022500147,2025-11-01,DAL @ DET,DET,DAL,2025-26
0022500400,2025-12-21,MIN vs. MIL,MIN,MIL,2025-26
0022501060,2026-03-25,BKN @ GSW,GSW,BKN,2025-26
0022500937,2026-03-10,BKN vs. DET,BKN,DET,2025-26
0022500704,2026-02-01,BKN @ DET,DET,BKN,2025-26
0022500471,2026-01-01,BKN vs. HOU,BKN,HOU,2025-26
0022500031,2025-11-07,BKN vs. DET,BKN,DET,2025-26
0022500844,2026-02-25,MEM vs. GSW,MEM,GSW,2025-26
0022500961,2026-03-13,MEM @ DET,DET,MEM,2025-26
0022500696,2026-01-30,DET @ GSW,GSW,DET,2025-26
0022501179,2026-04-10,MIL vs. BKN,MIL,BKN,2025-26
0022501150,2026-04-07,MIL @ BKN,BKN,MIL,2025-26
0022501017,2026-03-20,DET vs. GSW,DET,GSW,2025-26
0022501167,2026-04-09,BKN vs. IND,BKN,IND,2025-26
0022500934,2026-03-09,UTA vs. GSW,UTA,GSW,2025-26
0022500743,2026-02-06,IND @ MIL,MIL,IND,2025-26
0022500753,2026-02-07,GSW @ LAL,LAL,GSW,2025-26
