game_id,team_abbreviation,opp_abbreviation,offensive_rating_last5,defensive_rating_last5,pace_last5,opp_offensive_rating_last5,opp_defensive_rating_last5,opp_pace_last5
0022301190,NYK,CHI,122.83999999999999,116.16000000000001,94.6,117.14000000000001,116.74000000000001,98.5
0022301175,NYK,BKN,123.72,115.05999999999999,95.6,106.74000000000001,113.96,97.7
0022301167,NYK,BOS,120.91999999999999,115.8,94.8,119.67999999999999,108.1,95.1
0022301139,NYK,MIL,114.12,115.8,95.89,110.32000000000001,113.05999999999999,99.6
0022301119,NYK,CHI,124.9,115.92,94.69,113.58,113.64000000000001,96.3
0022301112,NYK,SAC,124.16,112.58,95.89,115.4,113.24000000000001,94.4
0022301096,NYK,MIA,125.46,109.8,95.59,115.97999999999999,103.58,96.5
0022301082,NYK,OKC,124.58,111.33999999999999,94.28999999999999,114.98000000000002,111.55999999999999,100.078
0022301070,NYK,SAS,125.82000000000001,110.4,94.1,103.76000000000002,108.62,102.6
0022301053,NYK,TOR,115.05999999999999,107.64000000000001,94.7,98.28,114.64000000000001,98.5
0022301035,NYK,DET,112.14000000000001,107.42,93.8,102.28,120.43999999999998,97.8
0022301019,NYK,BKN,113.67999999999999,104.72,93.1,105.96000000000001,117.5,96.13399999999999
0022301009,NYK,DEN,108.24000000000001,97.84,92.5,117.22,110.16,96.1
0022300988,NYK,GSW,106.5,91.28,90.6,115.6,117.08,99.5
0022300975,NYK,SAC,107.13999999999999,96.73999999999998,90.4,121.82000000000001,110.32000000000001,101.3
0022300960,NYK,POR,108.78,98.9,89.4,112.9,119.62,97.09
0022300939,NYK,PHI,104.62,103.16,91.6,107.92,109.42,94.3
0022300927,NYK,PHI,108.05999999999999,110.2,92.4,117.46,118.84,94.3
0022300912,NYK,ORL,108.54,116.54,94.3,116.5,100.02,95.4
0022300889,NYK,ATL,112.05999999999999,119.73999999999998,92.0,112.17999999999999,112.54,98.3
0022300876,NYK,CLE,111.22,118.0,93.2,110.8,109.25999999999999,98.248
0022300852,NYK,GSW,114.54,123.22,90.6,113.24000000000001,109.64000000000001,101.4
0022300837,NYK,NOP,116.72,120.8,90.8,110.78000000000002,106.8,100.4
0022300828,NYK,DET,115.38,122.96,91.5,104.84,115.1,103.5
0022300816,NYK,BOS,113.53999999999999,120.75999999999999,93.9,127.75999999999999,110.17999999999999,98.3
0022300794,NYK,PHI,116.47999999999999,124.73999999999998,93.6,114.13999999999999,119.74000000000001,100.0
0022300778,NYK,ORL,115.53999999999999,121.6,95.1,114.55999999999999,115.81999999999998,95.90799999999999
0022300765,NYK,HOU,115.16,120.24000000000001,96.4,111.83999999999999,113.52000000000001,102.0
0022300755,NYK,IND,119.17999999999999,117.12,94.8,115.1,118.4,101.4
0022300736,NYK,DAL,121.28,111.92,93.9,115.44000000000001,118.55999999999999,99.1
0022300722,NYK,MEM,122.25999999999999,111.34,93.6,100.74,116.64000000000001,99.0
0022300701,NYK,LAL,126.2,105.3,93.4,117.48000000000002,119.88,104.92
0022300685,NYK,IND,127.4,106.47999999999999,92.1,122.08,121.0,100.5
0022300671,NYK,UTA,125.88,103.67999999999999,94.3,118.9,126.05999999999999,102.344
0022300657,NYK,CHA,122.97999999999999,104.42,96.8,109.96,121.74000000000001,99.7
0022300643,NYK,MIA,119.32000000000001,101.0,97.0,104.62,122.81999999999998,95.1
0022300631,NYK,DEN,114.16,105.54,96.0,120.28,115.78,94.6
0022300615,NYK,BKN,112.58000000000001,102.12,97.2,110.47999999999999,111.33999999999999,96.776
0022300596,NYK,TOR,112.94000000000001,108.12,96.7,114.9,119.74000000000001,98.0
0022300579,NYK,WAS,114.33999999999999,104.84,95.1,115.24000000000001,117.43999999999998,101.3
0022300573,NYK,HOU,115.12,106.05999999999999,96.3,112.23999999999998,121.7,100.20599999999999
0022300557,NYK,ORL,119.35999999999999,101.66,98.9,105.42,111.5,97.59
0022300544,NYK,MEM,121.88,103.74000000000001,98.3,118.12,114.05999999999999,101.2
0022300530,NYK,DAL,119.92,100.22,97.7,112.46,109.2,101.9
0022300514,NYK,POR,121.53999999999999,110.0,98.9,106.04,119.67999999999999,102.88199999999999
0022300494,NYK,WAS,118.58,111.28,99.6,105.71999999999998,124.17999999999999,99.9
0022300483,NYK,PHI,116.97999999999999,118.42,99.7,114.05999999999999,110.1,98.0
0022300468,NYK,CHI,118.62,121.75999999999999,100.6,106.52000000000001,112.55999999999999,97.1
0022300451,NYK,MIN,117.08,124.92,101.9,112.2,110.5,100.0
0022300432,TOR,BOS,117.52000000000001,113.2,98.9,132.6,117.34,97.424
0022300416,TOR,WAS,112.94000000000001,118.16,98.3,115.16000000000001,120.66,103.6
0022300395,TOR,UTA,115.4,117.8,98.9,118.47999999999999,118.62,98.6
0022300382,TOR,PHI,119.67999999999999,120.8,98.7,123.48000000000002,101.0,100.3
0022300369,TOR,DEN,119.42,121.8,99.1,125.38000000000002,112.3,98.1
0022300354,TOR,CHA,118.75999999999999,123.47999999999999,99.0,107.2,124.26000000000002,97.4
0022300330,TOR,ATL,118.55999999999999,119.94000000000001,98.7,118.7,125.78000000000002,102.6
0022300313,TOR,ATL,116.5,119.55999999999999,99.7,120.0,120.02000000000001,102.9
0022300297,TOR,NYK,117.04,113.88,100.9,118.64000000000001,116.12,96.5
0022301216,TOR,CHA,108.42,121.24000000000001,98.7,108.8,120.3,98.9
0022301207,TOR,MIA,111.04,120.75999999999999,101.0,114.22,111.0,95.172
0022300276,TOR,NYK,118.04,115.2,101.2,118.25999999999999,118.25999999999999,96.2
0022300260,TOR,PHX,116.5,114.5,102.3,124.1,119.35999999999999,95.0
0022300054,TOR,BKN,113.7,117.03333333333335,97.66666666666667,118.56666666666666,116.03333333333335,95.5
0022300251,TOR,CLE,115.08,117.66,101.9,114.64000000000001,120.47999999999999,97.7
0022300046,TOR,CHI,105.5,117.5,100.0,106.3,112.2,95.25
0022300038,TOR,ORL,106.1,110.2,98.5,108.95,115.25,95.5
0022300211,TOR,DET,110.8,114.58000000000001,100.152,111.42,120.96,100.0
0022300031,TOR,BOS,,,,126.0,109.2,97.0
0022300195,TOR,MIL,108.55999999999999,112.22,99.752,115.52000000000001,115.92,101.8
0022300189,TOR,WAS,113.8,113.7,98.852,109.33999999999999,116.72,106.2
0022300174,TOR,BOS,114.17999999999999,110.62,98.05199999999999,117.66000000000001,104.14000000000001,102.806
0022300092,TOR,PHI,105.9,108.88,98.744,116.42,114.38,101.652
0022300082,TOR,CHI,108.22,111.84,98.7,106.75999999999999,121.54,95.9
0022300069,TOR,MIN,111.275,116.525,98.125,107.825,108.425,101.25
0022301189,MIA,TOR,114.66,111.22,95.072,112.96000000000001,118.54,101.8
0022301176,MIA,TOR,110.55999999999999,112.0,95.272,107.92,118.6,103.2
0022301161,MIA,DAL,113.78,109.12,95.572,119.92,105.58,101.27799999999999
0022301147,MIA,ATL,115.97999999999999,109.52000000000001,97.9,108.84,115.46,101.6
0022301133,MIA,IND,119.34,101.22,99.3,116.3,111.17999999999999,99.4
0022301120,MIA,HOU,115.32000000000001,104.5,98.0,110.54,119.94000000000001,97.878
0022301111,MIA,PHI,119.64000000000001,100.16,97.2,118.92,119.16,94.0
0022301096,MIA,NYK,115.97999999999999,103.58,96.5,125.46,109.8,95.59
0022301081,MIA,WAS,117.2,106.12,93.6,105.92,105.22,99.118
0022301068,MIA,POR,108.58,110.46000000000001,92.3,107.78,118.92,98.3
0022301044,MIA,GSW,110.7,107.64000000000001,92.6,121.78,120.42,98.6
0022301029,MIA,CLE,107.0,109.34,93.3,110.88,112.16000000000001,94.1
0022301013,MIA,NOP,106.55999999999999,106.88,93.5,112.8,112.05999999999999,96.2
0022300985,MIA,PHI,106.6,107.86000000000001,95.2,102.94000000000001,109.04,90.6
0022300977,MIA,DET,107.44000000000001,110.14000000000001,95.4,108.64000000000001,108.35999999999999,103.8
0022300962,MIA,DET,110.24000000000001,113.92,94.8,112.42,111.16000000000001,103.2
0022300949,MIA,DEN,116.88,116.7,96.0,124.16,117.46,96.94800000000001
0022300926,MIA,WAS,114.04,115.08,96.4,113.2,119.8,100.99600000000001
0022300914,MIA,OKC,115.55999999999999,113.42,96.0,113.92,113.4,101.5
0022300904,MIA,DAL,117.76000000000002,112.34,96.3,119.38,127.5,100.6
0022300888,MIA,DET,114.78,108.98000000000002,96.6,107.67999999999999,112.9,96.1
0022300867,MIA,UTA,111.5,105.38,96.6,109.16000000000001,117.25999999999999,102.8
0022300855,MIA,DEN,116.66,103.97999999999999,96.7,117.85999999999999,104.35999999999999,100.4
0022300842,MIA,POR,117.16,107.52000000000001,96.3,99.47999999999999,116.32000000000001,96.1
0022300831,MIA,SAC,114.52000000000001,105.24000000000001,97.5,117.72,116.5,100.3
0022300810,MIA,NOP,117.35999999999999,105.02000000000001,97.7,115.32000000000001,109.63999999999999,98.4
0022300779,MIA,PHI,114.66,105.04,97.5,113.52000000000001,121.62,100.1
0022300773,MIA,MIL,112.51999999999998,106.24000000000001,97.2,113.28,111.66000000000001,97.7
0022300759,MIA,BOS,112.94000000000001,103.92,98.4,120.72,111.47999999999999,103.2
0022300730,MIA,SAS,112.52000000000001,108.1,97.0,108.75999999999999,115.74000000000001,98.8
0022300721,MIA,ORL,111.02000000000001,115.12,96.3,115.24000000000001,107.94000000000001,98.7
0022300708,MIA,LAC,114.17999999999999,123.24000000000001,96.4,122.85999999999999,112.1,99.2
0022300689,MIA,WAS,111.16,124.06000000000002,96.4,109.9,114.18000000000002,102.1
0022300678,MIA,SAC,106.55999999999999,125.28,95.2,120.46,115.78,99.5
0022300661,MIA,PHX,107.17999999999999,123.4,95.2,119.23999999999998,115.96000000000001,99.5
0022300643,MIA,NYK,104.62,122.81999999999998,95.1,119.32000000000001,101.0,97.0
0022300630,MIA,BOS,100.28,111.64000000000001,94.476,114.03999999999999,104.91999999999999,98.0
0022300621,MIA,MEM,102.52000000000001,108.73999999999998,93.776,105.55999999999999,113.97999999999999,97.8
0022300601,MIA,ORL,105.16000000000001,106.51999999999998,93.876,108.74000000000001,114.44000000000001,93.4
0022300587,MIA,ATL,106.42,109.41999999999999,94.776,107.54,112.64000000000001,102.286
0022300574,MIA,TOR,110.25999999999999,106.7,95.576,118.02000000000001,124.64000000000001,100.5
0022300562,MIA,BKN,112.08,111.85999999999999,96.0,107.42,116.24000000000001,98.18199999999999
0022300551,MIA,CHA,112.2,112.17999999999999,97.3,103.17999999999999,117.67999999999999,97.26599999999999
0022300535,MIA,ORL,112.1,116.52000000000001,98.2,111.1,114.7,98.65599999999999
0022300522,MIA,OKC,109.5,113.42,98.8,124.94000000000001,122.08000000000001,102.3
0022300509,MIA,HOU,108.52000000000001,111.38000000000002,98.6,115.83999999999999,114.26000000000002,100.6
0022300489,MIA,PHX,111.44000000000001,109.97999999999999,99.9,124.78,115.01999999999998,97.3
0022300475,MIA,LAL,114.28,113.72,99.5,116.94000000000001,119.16,100.6
0022300458,MIA,LAC,117.08,110.6,99.3,116.03999999999999,121.52000000000001,98.8
0022300439,MIA,UTA,117.96,111.2,98.1,119.35999999999999,118.08,99.4
0022300426,MIA,GSW,120.4,115.44000000000001,97.0,121.82000000000001,115.85999999999999,99.172
0022300404,MIA,PHI,120.28000000000002,118.35999999999999,96.5,122.64000000000001,101.42,99.8
0022300384,MIA,ATL,119.34,116.78,96.2,126.72,123.46,100.2
0022300366,MIA,ORL,119.82000000000001,118.7,96.0,110.02000000000001,118.94000000000001,98.8
0022300353,MIA,MIN,124.1,124.98000000000002,96.1,116.92,108.7,98.9
0022300267,MIA,IND,120.4,112.02000000000001,93.7,117.52000000000001,121.6,104.2
0022300056,MIA,MIL,111.06666666666666,108.5,98.5,120.33333333333333,107.73333333333333,102.66666666666667
0022300045,MIA,NYK,117.1,111.75,98.5,115.85,108.25,97.0
0022300220,MIA,CHI,115.02000000000001,111.28,97.6,109.02000000000001,107.85999999999999,97.04400000000001
0022300204,MIA,CHI,115.97999999999999,111.2,98.7,113.32000000000001,109.82000000000001,98.244
0022300200,MIA,BKN,110.32000000000001,107.16,100.8,108.22,107.92,101.3
0022300017,MIA,CHA,118.6,111.8,102.0,120.4,115.8,102.0
0022300184,MIA,SAS,108.43999999999998,107.58,101.9,112.35999999999999,124.42,100.652
0022300175,MIA,ATL,104.08,107.83999999999999,101.0,120.66,113.16000000000001,102.9
0022300164,MIA,MEM,104.9,111.03999999999999,101.0,105.38,112.08000000000001,103.0
0022300150,MIA,LAL,104.75999999999999,110.67999999999999,100.3,107.41999999999999,109.72,100.59200000000001
0022300003,MIA,WAS,,,,,,
0022300119,MIA,BKN,108.97999999999999,115.66,99.8,120.55999999999999,113.53999999999999,100.1
0022300093,MIA,MIN,111.81999999999998,113.73999999999998,97.8,104.88,105.94000000000001,101.2
0022300080,MIA,BOS,113.12,112.3,98.3,114.78,106.88,97.8
0022300068,MIA,DET,114.3,113.8,99.0,110.2,121.55,99.5
0022301189,TOR,MIA,112.96000000000001,118.54,101.8,114.66,111.22,95.072
0022301176,TOR,MIA,107.92,118.6,103.2,110.55999999999999,112.0,95.272
0022301160,TOR,BKN,107.58,120.44000000000001,105.3,104.62,115.22,99.2
0022301146,TOR,IND,108.44000000000001,120.82000000000001,104.2,120.05999999999999,109.62,99.2
0022301137,TOR,WAS,106.52000000000001,129.62,100.9,103.14000000000001,109.22,102.9
0022301122,TOR,MIL,103.14000000000001,129.57999999999998,98.3,109.17999999999999,111.16,99.24199999999999
0022301053,TOR,NYK,98.28,114.64000000000001,98.5,115.05999999999999,107.64000000000001,94.7
0022301036,TOR,BKN,100.17999999999999,116.6,99.8,104.05999999999999,115.8,95.63399999999999
0022301022,TOR,WAS,97.54,114.74000000000001,101.7,107.52000000000001,124.46,101.3
0022301012,TOR,OKC,101.54,116.58,100.7,119.24000000000001,110.24000000000001,100.2
0022300999,TOR,SAC,105.63999999999999,115.66,100.29,112.3,103.2,98.84400000000001
0022300979,TOR,ORL,108.85999999999999,117.02000000000001,100.59,108.74000000000001,112.22,94.4
0022300963,TOR,ORL,106.28,120.96,101.89000000000001,107.88,110.54,93.1
0022300946,TOR,DET,108.88,120.8,100.59,110.46000000000001,115.47999999999999,100.7
0022300937,TOR,DEN,105.28,118.4,101.59,119.5,112.85999999999999,97.148
0022300923,TOR,POR,106.38,119.9,103.7,114.85999999999999,112.92,97.662
0022300905,TOR,PHX,109.05999999999999,119.82000000000001,104.2,110.66000000000001,108.17999999999999,101.448
0022300890,TOR,NOP,114.75999999999999,116.78,103.6,113.88,108.8,98.4
0022300875,TOR,CHA,117.14000000000001,114.64000000000001,103.2,100.94,113.4,94.6
0022300860,TOR,GSW,120.74000000000001,115.74000000000001,103.4,111.42,104.6,100.4
0022300844,TOR,DAL,115.72,112.7,103.7,113.5,110.96000000000001,102.4
0022300829,TOR,IND,110.44000000000001,114.4,102.0,119.8,110.84,103.1
0022300804,TOR,ATL,108.14000000000001,111.66000000000001,101.3,115.42,120.08,102.6
0022300795,TOR,BKN,109.78,117.8,100.2,107.9,123.85999999999999,96.3
0022300782,TOR,IND,106.6,122.0,98.6,117.62,116.6,99.4
0022300764,TOR,SAS,112.0,125.34,94.44399999999999,107.55999999999999,120.54,99.1
0022300756,TOR,CLE,111.78,124.96,97.044,118.92,103.2,99.6
0022300711,UTA,MIL,120.3,125.54,99.3,115.38000000000002,112.78,102.6
0022300686,UTA,PHI,118.4,128.76,100.8,116.02000000000001,124.35999999999999,98.8
0022300671,UTA,NYK,118.9,126.05999999999999,102.344,125.88,103.67999999999999,94.3
0022300660,UTA,BKN,121.56000000000002,123.31999999999998,102.54400000000001,111.8,110.81999999999998,98.1
0022300647,UTA,CHA,121.1,126.33999999999999,103.144,111.35999999999999,119.67999999999999,99.0
0022300628,UTA,WAS,123.35999999999999,125.94000000000001,102.84400000000001,110.2,117.6,102.6
0022300616,UTA,NOP,124.64000000000001,120.6,102.944,121.12,121.22,97.9
0022300598,UTA,HOU,129.9,119.46,103.6,108.71999999999998,120.16,99.70599999999999
0022300581,UTA,OKC,129.88000000000002,116.14000000000001,102.7,121.88,109.44000000000001,98.6
0022300564,UTA,IND,127.86000000000001,112.96,101.9,114.78,114.64000000000001,101.0
0022300549,UTA,LAL,120.66,112.28,102.7,109.16000000000001,117.16,101.9
0022300540,UTA,TOR,120.0,116.1,102.678,124.55999999999999,122.78000000000002,101.3
0022300524,UTA,DEN,120.1,111.38000000000002,103.178,119.66,117.02000000000001,98.1
0022300510,UTA,MIL,115.66,109.34,104.078,115.02000000000001,117.42,103.4
0022300495,UTA,PHI,114.02000000000001,111.78,102.678,110.08,112.13999999999999,97.8
0022300479,UTA,BOS,121.78,111.35999999999999,101.378,124.25999999999999,114.74000000000001,99.652
0022300474,UTA,DET,119.74000000000001,109.44000000000001,100.7,113.88,122.6,101.652
0022300457,UTA,DAL,118.42,113.94000000000001,100.4,121.9,114.35999999999999,102.4
0022300439,UTA,MIA,119.35999999999999,118.08,99.4,117.96,111.2,98.1
0022300424,UTA,NOP,122.47999999999999,116.08,100.3,119.42,109.12,98.978
0022300412,UTA,SAS,118.25999999999999,118.9,99.3,108.72,123.71999999999998,105.2
0022300395,UTA,TOR,118.47999999999999,118.62,98.6,115.4,117.8,98.9
0022300374,UTA,DET,117.85999999999999,118.58,98.9,108.72,127.16,103.8
0022300364,UTA,CLE,117.05999999999999,118.8,100.3,118.44000000000001,121.04,95.156
0022300357,UTA,BKN,114.54,118.5,99.418,118.14000000000001,119.12,99.2
0022300342,UTA,SAC,112.08,113.8,99.11800000000001,115.72,117.85999999999999,103.4
0022300323,UTA,POR,105.75999999999999,111.9,99.018,110.9,112.04,98.818
0022300318,UTA,NYK,106.8,113.78,97.418,120.41999999999999,119.88,97.2
0022300302,UTA,OKC,105.16,108.25999999999999,96.31800000000001,128.3,110.6,99.0
0022301225,UTA,LAC,110.13999999999999,123.9,98.5,106.54,107.32000000000001,101.3
0022301213,UTA,DAL,114.4,120.22,96.9,110.84,111.78,99.77799999999999
0022300289,UTA,POR,104.1,111.17999999999999,97.0,106.8,111.97999999999999,99.1
0022300270,UTA,MIN,109.16,114.5,96.8,119.98000000000002,113.9,97.1
0022300261,UTA,MEM,112.05999999999999,117.67999999999999,99.1,106.22,111.7,96.7
0022300256,UTA,NOP,111.12,119.85999999999999,100.0,116.64000000000001,111.38,101.4
0022300243,UTA,NOP,109.7,125.48000000000002,99.3,116.44000000000001,113.84,102.0
0022300237,UTA,POR,109.4,122.54,101.0,103.22,119.2,97.462
0022300042,UTA,LAL,123.86666666666667,117.56666666666666,99.66666666666667,123.86666666666666,109.46666666666665,97.66666666666667
0022300214,UTA,PHX,110.64000000000001,118.58,103.3,115.58,113.47999999999999,96.744
0022300035,UTA,PHX,119.80000000000001,109.5,100.75,120.2,123.2,99.0
0022300023,UTA,POR,125.7,121.0,100.5,107.5,104.6,97.36
0022300012,UTA,MEM,,,,104.6,107.5,97.36
0022300158,UTA,IND,109.2,115.74000000000001,101.7,119.08,119.8,102.7
0022300152,UTA,CHI,107.17999999999999,114.7,101.9,105.47999999999999,113.75999999999999,97.54400000000001
0022300138,UTA,MIN,111.6,112.67999999999999,102.6,106.5,102.32000000000001,99.2
0022300130,UTA,ORL,112.2,115.94000000000001,102.2,108.22,101.4,99.1
0022300125,UTA,MEM,106.38,120.96,101.5,101.47999999999999,112.44000000000001,101.0
0022300110,UTA,DEN,111.96,125.25999999999999,101.4,112.94000000000001,106.08,98.5
0022300094,UTA,PHX,113.94000000000001,119.9,101.5,116.25999999999999,108.44000000000001,97.6
0022300085,UTA,LAC,115.08,120.5,101.6,115.5,118.34,98.5
0022300072,UTA,SAC,116.7,119.675,100.75,116.9,109.25,103.125
0022301088,MEM,DET,104.67999999999999,122.14000000000001,101.3,99.6,115.14000000000001,97.8
0022301055,MEM,LAL,107.05999999999999,118.92,99.444,120.88,113.34,101.342
0022301040,MEM,DEN,106.25999999999999,115.28,99.34400000000001,117.36000000000001,111.9,96.0
0022301015,MEM,SAS,109.64000000000001,116.6,97.944,106.72,111.28000000000002,98.734
0022301001,MEM,GSW,104.6,113.35999999999999,98.244,115.72,117.6,97.9
0022300989,MEM,SAC,105.14000000000001,113.66,96.1,115.78000000000002,107.88,99.6
0022300972,MEM,OKC,105.97999999999999,112.05999999999999,95.9,118.51999999999998,111.02000000000001,100.0
0022300940,MEM,WAS,105.56000000000002,112.28,94.362,111.81999999999998,117.92,100.5
0022300931,MEM,OKC,105.53999999999999,112.4,94.062,114.47999999999999,116.24000000000001,99.9
0022300913,MEM,ATL,105.03999999999999,111.9,96.362,113.74000000000001,111.1,96.9
0022300896,MEM,PHI,99.88,113.54,95.462,115.62,122.4,94.6
0022300879,MEM,BKN,96.58,112.16,96.362,108.88,103.42,95.4
0022300868,MEM,POR,100.66,114.12,96.9,103.97999999999999,112.9,96.6
0022300861,MEM,POR,105.5,111.3,97.8,100.58,117.74000000000001,97.4
0022300845,MEM,MIN,103.22,109.3,97.1,113.08000000000001,100.5,100.6
0022300830,MEM,BKN,106.78,108.66000000000001,98.0,102.36,119.25999999999999,97.5
0022300807,MEM,LAC,110.17999999999999,112.46,97.8,110.22,119.28,100.5
0022300790,MEM,MIL,111.35999999999999,116.3,96.8,110.88,111.42,97.9
0022300783,MEM,HOU,105.0,119.38,97.2,108.94000000000001,115.92,99.3
0022300766,MEM,NOP,107.08,123.34,98.1,120.6,111.92,96.5
0022300751,MEM,CHA,105.62,121.7,98.4,104.38,120.5,100.7
0022300737,MEM,CHI,101.6,118.1,98.9,114.2,113.8,98.118
0022300722,MEM,NYK,100.74,116.64000000000001,99.0,122.25999999999999,111.34,93.6
0022300693,MEM,GSW,106.67999999999999,108.76000000000002,97.2,121.52000000000001,114.44000000000001,100.32000000000001
0022300687,MEM,CLE,109.02000000000001,108.22,96.3,121.58000000000001,112.05999999999999,98.9
0022300663,MEM,SAC,109.04,112.5,96.6,121.94000000000001,119.5,100.7
0022300652,MEM,IND,107.58,112.92,96.6,117.42,119.02000000000001,101.7
0022300638,MEM,ORL,107.8,111.54,98.0,112.06000000000002,116.04,92.2
0022300609,MEM,TOR,107.62,119.58,98.0,109.5,118.17999999999999,99.2
0022300597,MEM,CHI,112.46000000000001,115.08000000000001,98.0,115.82000000000001,118.16000000000001,98.80600000000001
0022300582,MEM,MIN,113.84,112.2,100.0,117.1,107.75999999999999,97.23800000000001
0022300560,MEM,GSW,115.75999999999999,112.96000000000001,100.3,120.32000000000001,130.48,98.7
0022300503,MEM,PHX,107.05999999999999,112.44000000000001,101.0,123.02000000000001,113.05999999999999,96.1
0022300491,MEM,LAL,102.96,118.61999999999998,100.7,109.78,116.23999999999998,101.3
0022300470,MEM,TOR,102.16,116.42,100.478,122.72,118.25999999999999,101.1
0022300460,MEM,SAS,105.52000000000001,120.22,100.878,111.97999999999999,124.0,104.3
0022300449,MEM,SAC,110.8,116.42,100.578,116.64000000000001,123.01999999999998,97.4
0022300438,MEM,LAC,113.74000000000001,116.8,99.578,121.92,125.4,99.2
0022300410,MEM,NOP,110.5,111.04,99.7,121.28,110.2,98.5
0022300393,MEM,ATL,105.7,109.74000000000001,100.4,124.0,121.12,100.0
0022300377,MEM,IND,104.84,112.94000000000001,100.6,120.21999999999998,127.44000000000001,104.9
0022300360,MEM,NOP,102.28,112.14000000000001,101.8,124.78000000000002,111.58,102.3
0022300355,MEM,OKC,106.47999999999999,110.25999999999999,99.6,122.2,114.02000000000001,104.1
0022300332,MEM,HOU,108.78,108.6,99.0,110.08000000000001,105.3,99.1
0022300314,MEM,HOU,108.58,110.14000000000001,97.9,112.0,110.84,97.3
0022300299,MEM,DAL,104.34,109.02000000000001,97.5,106.93999999999998,117.67999999999999,96.9
0022301221,MEM,MIN,106.01999999999998,112.06000000000002,100.3,113.42,116.1,97.5
0022301206,MEM,DET,102.47999999999999,115.5,99.8,103.52000000000001,116.12,98.8
0022300288,MEM,PHX,104.46000000000001,107.97999999999999,95.8,119.0,119.14000000000001,96.1
0022300277,MEM,DAL,106.44000000000001,110.23999999999998,96.3,113.14000000000001,118.6,98.7
0022300261,MEM,UTA,106.22,111.7,96.7,112.05999999999999,117.67999999999999,99.1
0022300249,MEM,MIN,106.82000000000001,109.25999999999999,97.0,118.92,115.9,97.6
0022300044,MEM,PHX,111.60000000000001,123.76666666666667,98.45333333333333,128.6,123.83333333333333,96.0
0022300231,MEM,HOU,111.1,106.38,97.3,120.5,109.11999999999998,95.7
0022300213,MEM,BOS,110.0,109.54,100.0,115.08,106.58,95.90599999999999
0022300206,MEM,SAS,106.88000000000002,111.78,101.0,112.4,125.22,100.452
0022300026,MEM,LAL,112.8,116.6,98.93,123.2,120.2,99.0
0022300179,MEM,LAC,105.78,112.7,102.3,108.05999999999999,103.17999999999999,100.23400000000001
0022300012,MEM,UTA,104.6,107.5,97.36,,,
0022300164,MEM,MIA,105.38,112.08000000000001,103.0,104.9,111.03999999999999,101.0
0022300144,MEM,POR,102.52000000000001,113.64000000000001,103.9,103.9,109.17999999999999,99.3
0022301194,MIN,PHX,112.47999999999999,112.44000000000001,99.5,105.35999999999999,104.78,99.7
0022301178,MIN,ATL,116.9,107.64000000000001,100.0,105.92,114.3,100.47200000000001
0022301164,MIN,DEN,117.42,104.22,100.8,118.93999999999998,102.97999999999999,99.6
0022301152,MIN,WAS,112.67999999999999,103.46000000000001,99.6,108.3,113.85999999999999,104.6
0022301143,MIN,LAL,111.38,101.16,98.1,111.42,104.36000000000001,103.3
0022301125,MIN,PHX,117.28,101.92,96.2,115.9,113.01999999999998,95.8
0022301108,MIN,TOR,114.28,107.5,95.5,108.32000000000001,126.4,97.6
0022301098,MIN,HOU,113.88,105.42,94.4,118.3,111.67999999999999,98.578
0022301084,MIN,CHI,115.47999999999999,105.7,95.1,117.58,121.3,96.5
0022301071,MIN,DEN,116.64000000000001,107.88,94.5,118.78,111.13999999999999,95.4
0022301056,MIN,DET,117.14000000000001,107.9,96.3,100.4,123.33999999999999,99.0
0022301031,MIN,GSW,119.94000000000001,107.85999999999999,94.6,120.41999999999999,120.08,97.9
0022301014,MIN,CLE,117.72,111.85999999999999,96.9,114.0,113.16,95.3
0022300995,MIN,DEN,115.25999999999999,110.3,95.876,122.47999999999999,111.73999999999998,96.3
0022300987,MIN,UTA,113.34,110.12,97.276,116.17999999999999,129.04,97.5
0022300974,MIN,UTA,114.85999999999999,114.58,95.976,120.34,126.93999999999998,98.6
0022300944,MIN,LAC,108.62,112.17999999999999,95.876,114.64000000000001,113.42,95.4
0022300932,MIN,LAL,110.75999999999999,112.5,94.142,119.83999999999999,120.14000000000001,99.49600000000001
0022300911,MIN,CLE,112.35999999999999,110.74000000000001,95.566,107.75999999999999,111.52000000000001,95.648
0022300903,MIN,IND,111.9,108.9,96.166,116.64000000000001,121.02000000000001,100.9
0022300881,MIN,POR,106.38,101.84,97.566,105.96,106.32000000000001,95.762
0022300873,MIN,LAC,109.08000000000001,105.35999999999999,98.76599999999999,115.08,117.5,98.4
0022300862,MIN,SAC,110.88000000000002,98.88,100.6,113.36000000000001,115.16,98.4
0022300845,MIN,MEM,113.08000000000001,100.5,100.6,103.22,109.3,97.1
0022300838,MIN,SAS,116.42,100.76,99.2,107.33999999999999,112.47999999999999,105.4
0022300815,MIN,BKN,124.98000000000002,106.9,97.1,104.74000000000001,123.78,96.7
0022300808,MIN,MIL,126.8,108.38,96.518,111.66,111.66,97.7
0022300791,MIN,POR,123.26000000000002,108.35999999999999,96.518,111.46000000000001,120.92,92.51
0022300775,MIN,POR,120.26000000000002,107.72,96.718,113.72,120.4,92.21000000000001
0022300770,MIN,LAC,120.25999999999999,105.4,96.518,120.97999999999999,117.17999999999999,100.0
0022300738,MIN,MIL,114.66,104.02000000000001,97.018,112.25999999999999,115.92,101.0
0022300723,MIN,CHI,115.34,104.23999999999998,96.4,115.5,117.51999999999998,99.7
0022300709,MIN,HOU,114.64000000000001,106.86000000000001,94.4,118.0,105.53999999999999,103.4
0022300694,MIN,ORL,115.92,105.85999999999999,95.3,114.36000000000001,115.53999999999999,97.1
0022300680,MIN,DAL,115.44000000000001,112.94000000000001,96.4,121.18000000000002,127.24000000000001,101.0
0022300664,MIN,OKC,112.47999999999999,112.24000000000001,97.2,113.04,105.24000000000001,99.5
0022300649,MIN,SAS,112.72,109.14000000000001,98.0,118.5,122.64000000000001,102.0
0022300629,MIN,BKN,116.17999999999999,112.1,99.8,112.47999999999999,112.58,95.176
0022300620,MIN,WAS,117.13999999999999,114.3,97.4,114.23999999999998,114.16,102.4
0022300610,MIN,CHA,115.58,107.47999999999999,97.2,104.41999999999999,119.2,98.3
0022300599,MIN,OKC,118.85999999999999,110.64000000000001,96.638,121.8,110.25999999999999,99.5
0022300582,MIN,MEM,117.1,107.75999999999999,97.23800000000001,113.84,112.2,100.0
0022300569,MIN,DET,115.52000000000001,108.58,96.03800000000001,114.97999999999999,125.46,99.2
0022300553,MIN,LAC,116.0,105.0,97.638,125.3,114.75999999999999,96.4
0022300538,MIN,POR,115.36000000000001,111.38,96.43800000000002,95.38,124.34,101.382
0022300517,MIN,BOS,114.35999999999999,110.05999999999999,96.9,122.52000000000001,108.12,103.5
0022300513,MIN,ORL,113.36000000000001,112.47999999999999,97.1,114.58,114.98000000000002,98.256
0022300501,MIN,DAL,113.97999999999999,110.04,98.3,115.13999999999999,109.97999999999999,103.5
0022300485,MIN,HOU,111.25999999999999,116.58,98.2,119.97999999999999,118.62,100.8
0022300471,MIN,NOP,111.14000000000001,111.84,98.9,116.1,104.36000000000001,97.178
0022300451,MIN,NYK,112.2,110.5,100.0,117.08,124.92,101.9
0022300443,MIN,LAL,112.97999999999999,114.64000000000001,100.1,117.1,118.75999999999999,101.5
0022300423,MIN,DAL,112.72,114.9,99.4,115.21999999999998,114.46,102.7
0022300411,MIN,OKC,117.17999999999999,111.16,99.2,119.8,113.97999999999999,102.6
0022300400,MIN,SAC,118.06000000000002,110.74000000000001,100.1,125.47999999999999,120.08,101.3
0022300380,MIN,LAL,115.9,112.94000000000001,100.0,113.58,120.32000000000001,102.2
0022300367,MIN,PHI,119.2,112.18000000000002,99.0,125.12,96.76,102.1
0022300353,MIN,MIA,116.92,108.7,98.9,124.1,124.98000000000002,96.1
0022300338,MIN,IND,115.3,106.9,98.6,123.44000000000001,126.46,106.5
0022300321,MIN,DAL,114.84,107.32000000000001,97.8,112.4,118.83999999999999,97.4
0022300301,MIN,NOP,117.5,103.35999999999999,97.4,117.16,114.78,98.2
0022301221,MIN,MEM,113.42,116.1,97.5,106.01999999999998,112.06000000000002,100.3
0022301210,MIN,SAS,117.88,120.01999999999998,98.0,106.12,104.9,102.494
0022300281,MIN,CHA,115.8,103.22,98.2,117.48000000000002,121.66,98.962
0022300270,MIN,UTA,119.98000000000002,113.9,97.1,109.16,114.5,96.8
0022300058,MIN,OKC,108.43333333333334,110.23333333333333,101.66666666666667,115.8,106.7,103.66666666666667
0022300249,MIN,MEM,118.92,115.9,97.6,106.82000000000001,109.25999999999999,97.0
0022300050,MIN,SAC,107.7,103.94999999999999,102.0,113.35,105.55,103.0
0022300232,MIN,PHI,119.28,115.28,98.8,122.97999999999999,114.03999999999999,100.4
0022300221,MIN,NYK,116.17999999999999,114.92,99.006,126.1,116.58000000000001,93.9
0022300203,MIN,NOP,117.6,110.25999999999999,98.40599999999999,112.38000000000002,124.54,101.5
0022300197,MIN,PHX,115.03999999999999,99.0,99.806,110.78000000000002,114.62,98.444
0022300025,MIN,GSW,111.4,104.8,105.0,133.0,132.4,105.5
0022300186,MIN,GSW,114.88,103.17999999999999,99.306,108.78000000000002,110.84,99.5
0022300013,MIN,SAS,,,,,,
0022300166,MIN,NOP,112.83999999999999,101.74,98.40599999999999,111.17999999999999,122.02000000000001,100.2
0022300154,MIN,BOS,110.91999999999999,101.3,98.5,124.32000000000001,106.67999999999999,101.4
0022300138,MIN,UTA,106.5,102.32000000000001,99.2,111.6,112.67999999999999,102.6
0022300123,MIN,DEN,106.04,108.9,99.7,113.16,104.12,98.1
0022300104,MIN,ATL,104.02000000000001,103.33999999999999,99.9,116.31999999999998,121.3,105.1
0022300093,MIN,MIA,104.88,105.94000000000001,101.2,111.81999999999998,113.73999999999998,97.8
0022300069,MIN,TOR,107.825,108.425,101.25,111.275,116.525,98.125
0022301194,PHX,MIN,105.35999999999999,104.78,99.7,112.47999999999999,112.44000000000001,99.5
0022301185,PHX,SAC,107.02000000000001,102.42,100.7,110.8,111.1,98.2
0022301165,PHX,LAC,109.32000000000001,105.06000000000002,98.9,110.4,104.46,100.0
0022301156,PHX,LAC,112.92,111.13999999999999,97.6,117.78,111.7,98.2
0022301138,PHX,NOP,114.1,109.4,96.3,110.7,116.66,95.3
0022301125,PHX,MIN,115.9,113.01999999999998,95.8,117.28,101.92,96.2
0022301092,PHX,NOP,118.28,114.64000000000001,96.0,112.67999999999999,107.17999999999999,95.3
0022301069,PHX,OKC,119.6,108.17999999999999,97.0,112.12,111.28,100.978
0022301059,PHX,DEN,122.54,114.31999999999998,99.0,119.34,111.05999999999999,96.2
0022301039,PHX,SAS,124.24000000000001,113.52000000000001,98.3,104.5,112.04,100.934
0022301025,PHX,SAS,120.88,118.55999999999999,97.8,104.8,107.74000000000001,99.734
0022301010,PHX,ATL,118.32000000000001,117.46,98.0,111.78,117.74000000000001,97.2
0022301002,PHX,PHI,117.6,121.38,97.2,103.13999999999999,106.08,91.0
0022300976,PHX,MIL,116.3,116.74000000000001,96.7,111.71999999999998,123.13999999999999,97.5
0022300961,PHX,CHA,116.5,117.1,96.44800000000001,104.94000000000001,109.16,96.2
0022300955,PHX,BOS,114.96,113.55999999999999,97.648,121.66,112.66000000000001,94.6
0022300934,PHX,CLE,110.96000000000001,112.1,100.048,108.58,114.96,93.476
0022300920,PHX,BOS,110.05999999999999,108.17999999999999,101.44800000000001,122.84,105.25999999999999,98.6
0022300905,PHX,TOR,110.66000000000001,108.17999999999999,101.448,109.05999999999999,119.82000000000001,104.2
0022300893,PHX,DEN,109.3,109.74000000000001,103.3,121.08000000000001,107.44000000000001,97.5
0022300878,PHX,OKC,111.28,112.44000000000001,102.0,121.25999999999999,106.52000000000001,103.6
0022300870,PHX,HOU,111.8,108.96,102.5,101.94,112.33999999999999,103.7
0022300854,PHX,HOU,115.16,112.8,102.7,104.34,115.38,102.9
0022300818,PHX,LAL,111.66,111.5,103.9,124.08,117.3,102.5
0022300806,PHX,HOU,115.6,111.7,103.8,107.91999999999999,116.1,100.0
0022300796,PHX,DAL,114.42,107.08,104.9,119.42,102.22,102.9
0022300787,PHX,DET,119.67999999999999,109.64000000000001,104.3,113.55999999999999,115.44000000000001,99.91
0022300774,PHX,SAC,118.92,110.9,103.6,117.98000000000002,121.76000000000002,101.7
0022300757,PHX,GSW,125.06000000000002,113.14000000000001,102.6,120.4,106.52000000000001,101.212
0022300739,PHX,UTA,124.34,112.67999999999999,101.3,119.28,125.88,98.3
0022300725,PHX,MIL,121.98000000000002,114.73999999999998,100.6,117.38000000000002,115.64000000000001,102.1
0022300705,PHX,WAS,120.78,119.34,100.1,109.92,113.92,101.0
0022300690,PHX,ATL,123.68000000000002,115.84,99.7,120.16,124.8,104.2
0022300661,PHX,MIA,119.23999999999998,115.96000000000001,99.5,107.17999999999999,123.4,95.2
0022300655,PHX,ORL,123.35999999999999,114.47999999999999,100.2,111.82000000000001,117.44000000000001,93.6
0022300636,PHX,IND,121.5,111.85999999999999,99.8,117.28,118.25999999999999,100.7
0022300625,PHX,DAL,121.58,113.97999999999999,99.1,112.35999999999999,119.2,98.7
0022300612,PHX,CHI,122.5,112.02000000000001,100.2,119.0,116.12,98.4
0022300604,PHX,IND,121.97999999999999,117.96,99.8,115.12,118.94000000000001,100.6
0022300588,PHX,NOP,119.55999999999999,119.22,100.7,128.02,118.1,97.5
0022300567,PHX,SAC,120.24000000000001,117.14000000000001,99.0,116.7,118.34,98.458
0022300554,PHX,POR,119.46000000000001,121.1,98.6,95.5,123.53999999999999,100.382
0022300531,PHX,LAL,115.9,116.94000000000001,98.6,109.16,117.82000000000001,101.8
0022300511,PHX,LAC,116.12,110.84,98.5,120.46,110.47999999999999,96.8
0022300503,PHX,MEM,123.02000000000001,113.05999999999999,96.1,107.05999999999999,112.44000000000001,101.0
0022300489,PHX,MIA,124.78,115.01999999999998,97.3,111.44000000000001,109.97999999999999,99.9
0022300473,PHX,LAC,121.17999999999999,112.47999999999999,98.8,115.97999999999999,119.55999999999999,99.1
0022300456,PHX,POR,120.81999999999998,119.54,98.3,118.66,121.05999999999999,99.7
0022300450,PHX,ORL,118.31999999999998,118.86000000000001,99.2,112.02000000000001,111.72,101.4
0022300436,PHX,CHA,111.46000000000001,114.78,101.0,105.2,121.6,99.5
0022300418,PHX,HOU,110.82000000000001,120.84,100.4,118.52000000000001,117.16,99.556
0022300405,PHX,DAL,112.04,120.44000000000001,98.9,114.08,119.66,102.7
0022300387,PHX,SAC,113.7,118.48000000000002,99.9,120.42,121.96,102.1
0022300363,PHX,POR,115.84,118.25999999999999,100.1,118.54,124.9,97.518
0022300347,PHX,WAS,116.97999999999999,122.08,98.8,113.38,127.03999999999999,107.0
0022300333,PHX,NYK,113.96000000000001,116.51999999999998,98.6,122.35999999999999,118.96,97.9
0022301203,PHX,LAL,112.94000000000001,110.17999999999999,98.2,118.12,115.34,101.6
0022300288,PHX,MEM,119.0,119.14000000000001,96.1,104.46000000000001,107.97999999999999,95.8
0022300279,PHX,DEN,125.35999999999999,119.34,95.1,124.08,118.67999999999999,97.5
0022300044,PHX,MEM,128.6,123.83333333333333,96.0,111.60000000000001,123.76666666666667,98.45333333333333
0022300236,PHX,GSW,119.52000000000001,114.47999999999999,96.144,112.67999999999999,119.12,99.99600000000001
0022300041,PHX,POR,126.94999999999999,127.6,98.25,101.5,109.60000000000001,98.28666666666668
0022300214,PHX,UTA,115.58,113.47999999999999,96.744,110.64000000000001,118.58,103.3
0022300035,PHX,UTA,120.2,123.2,99.0,119.80000000000001,109.5,100.75
0022300197,PHX,MIN,110.78000000000002,114.62,98.444,115.03999999999999,99.0,99.806
0022300185,PHX,OKC,112.96000000000001,114.28,99.34400000000001,112.2,114.78,102.8
0022300015,PHX,LAL,,,,,,
0022300162,PHX,CHI,116.64000000000001,113.97999999999999,99.7,112.4,117.67999999999999,97.7
0022300140,PHX,DET,110.5,111.58,100.9,110.12,109.84,102.0
0022300132,PHX,PHI,111.67999999999999,109.35999999999999,101.4,116.75999999999999,107.75999999999999,99.05199999999999
0022300131,PHX,SAS,110.9,102.36,100.0,104.62,114.28,103.70599999999999
0022300113,PHX,SAS,114.47999999999999,102.84,98.2,104.25999999999999,115.82000000000001,104.90599999999999
0022300094,PHX,UTA,116.25999999999999,108.44000000000001,97.6,113.94000000000001,119.9,101.5
0022300076,PHX,LAL,122.2,113.84,96.5,121.82000000000001,109.78,98.5
0022300062,PHX,GSW,126.02499999999999,116.8,95.25,115.6,114.8,104.25
0022301187,CLE,CHA,111.17999999999999,115.33999999999999,99.8,113.82000000000001,124.11999999999998,98.4
0022301174,CLE,IND,111.67999999999999,114.63999999999999,99.3,125.44000000000001,115.32000000000001,99.9
0022301158,CLE,MEM,109.82000000000001,120.97999999999999,99.4,106.28,107.5,96.4
0022301132,CLE,LAC,111.94000000000001,121.75999999999999,97.7,115.28,108.74000000000001,96.9
0022301127,CLE,LAL,116.62,123.94000000000001,96.2,113.88,108.34,104.5
0022301110,CLE,PHX,121.5,119.08,94.8,117.72,114.04,95.8
0022301100,CLE,UTA,113.38,122.22,93.7,110.5,123.24000000000001,98.4
0022301077,CLE,DEN,112.55999999999999,119.05999999999999,92.2,115.47999999999999,111.64000000000001,95.0
0022301067,CLE,PHI,109.96000000000001,118.6,91.7,109.94000000000001,114.44000000000001,94.7
0022301048,CLE,CHA,109.55999999999999,115.13999999999999,91.7,99.97999999999999,123.51999999999998,93.5
0022301033,CLE,CHA,104.88,118.51999999999998,93.4,102.42,118.23999999999998,94.8
0022301029,CLE,MIA,110.88,112.16000000000001,94.1,107.0,109.34,93.3
0022301014,CLE,MIN,114.0,113.16,95.3,117.72,111.85999999999999,96.9
0022300996,CLE,MIA,112.6,114.64000000000001,96.1,104.28,105.98000000000002,95.4
0022300983,CLE,IND,111.28,113.12,95.976,115.05999999999999,107.12,100.90599999999999
0022300967,CLE,HOU,111.5,113.54,95.076,118.67999999999999,112.38,98.9
0022300951,CLE,NOP,110.16,115.82000000000001,94.476,120.96,105.16,99.2
0022300934,CLE,PHX,108.58,114.96,93.476,110.96000000000001,112.1,100.048
0022300930,CLE,BKN,109.08,109.35999999999999,94.676,113.52000000000001,114.1,95.1
0022300911,CLE,MIN,107.75999999999999,111.52000000000001,95.648,112.35999999999999,110.74000000000001,95.566
0022300895,CLE,ATL,111.88,112.22,95.94800000000001,112.64000000000001,109.24000000000001,97.1
0022300886,CLE,BOS,112.33999999999999,111.55999999999999,96.94800000000001,132.35999999999999,106.66,96.6
0022300876,CLE,NYK,110.8,109.25999999999999,98.248,111.22,118.0,93.2
0022300857,CLE,DET,112.02000000000001,114.28,96.94800000000001,108.78,113.1,99.9
0022300846,CLE,CHI,113.92,113.6,96.6,112.3,116.08000000000001,99.3
0022300832,CLE,DAL,114.17999999999999,114.94000000000001,96.3,116.75999999999999,106.96,104.1
0022300820,CLE,WAS,117.24000000000001,114.16,94.9,104.72,118.74000000000001,107.5
0022300805,CLE,PHI,121.55999999999999,112.52000000000001,94.8,113.73999999999998,117.75999999999999,98.8
0022300792,CLE,ORL,120.47999999999999,108.08,96.7,118.64000000000001,118.28,94.10799999999999
0022300781,CLE,CHI,125.21999999999998,108.64000000000001,97.3,119.52000000000001,118.25999999999999,97.326
0022300762,CLE,PHI,123.17999999999999,103.02000000000001,98.3,111.85999999999999,123.08000000000001,101.2
0022300756,CLE,TOR,118.92,103.2,99.6,111.78,124.96,97.044
0022300735,CLE,BKN,120.72,108.05999999999999,99.9,120.08000000000001,119.64000000000001,100.6
0022300728,CLE,WAS,122.67999999999999,109.54,98.9,109.67999999999999,116.2,101.9
0022300714,CLE,SAC,116.94000000000001,106.7,99.7,114.47999999999999,109.97999999999999,102.0
0022300703,CLE,SAS,116.08000000000001,111.16,100.2,111.05999999999999,111.82000000000001,99.4
0022300687,CLE,MEM,121.58000000000001,112.05999999999999,98.9,109.02000000000001,108.22,96.3
0022300675,CLE,DET,118.44000000000001,106.44000000000001,99.4,114.67999999999999,115.33999999999999,102.1
0022300658,CLE,LAC,121.4,103.17999999999999,99.9,125.55999999999999,111.44000000000001,99.0
0022300639,CLE,MIL,121.67999999999999,101.96000000000001,99.2,118.1,121.22,103.65799999999999
0022300624,CLE,MIL,121.36000000000001,97.9,98.6,119.96,122.75999999999999,102.65799999999999
0022300607,CLE,ORL,118.14000000000001,100.05999999999999,99.6,110.96000000000001,111.8,93.3
0022300595,CLE,ATL,118.66,99.6,98.9,105.42,111.55999999999999,101.2
0022300572,CLE,MIL,120.24000000000001,101.64,98.3,123.76000000000002,118.7,99.858
0022300561,CLE,CHI,121.94000000000001,107.58,98.9,119.21999999999998,114.97999999999999,96.672
0022300527,CLE,BKN,121.72,110.52000000000001,99.2,108.0,118.82000000000001,98.482
0022300497,CLE,SAS,120.44000000000001,109.28,99.5,110.9,118.02000000000001,102.1
0022300482,CLE,WAS,120.64000000000001,111.14000000000001,98.6,109.6,124.42,101.8
0022300465,CLE,WAS,114.38,116.28,97.9,111.7,120.36000000000001,103.1
0022300452,CLE,TOR,115.96,115.4,97.2,120.38000000000002,118.74000000000001,100.8
0022300433,CLE,MIL,120.42,117.3,95.456,124.85999999999999,115.3,103.5
0022300420,CLE,DAL,124.0,119.62,94.956,114.22,118.94000000000001,102.2
0022300396,CLE,CHI,122.6,123.32000000000001,95.656,120.88,111.22,97.3
0022300375,CLE,NOP,123.3,121.88,96.456,123.74000000000001,109.74000000000001,102.3
0022300364,CLE,UTA,118.44000000000001,121.04,95.156,117.05999999999999,118.8,100.3
0022300349,CLE,HOU,114.22,116.2,96.4,105.24000000000001,102.92,100.6
0022300336,CLE,ATL,108.04,113.34,96.0,122.66,123.75999999999999,102.9
0022300319,CLE,BOS,106.96,110.02000000000001,96.5,117.05999999999999,112.55999999999999,99.662
0022300305,CLE,BOS,105.16,108.12,98.4,114.02000000000001,110.54,99.06200000000001
0022300294,CLE,ORL,104.72,112.96,99.0,122.55999999999999,120.0,101.8
0022301220,CLE,MIA,118.22,113.8,99.7,112.85999999999999,107.64000000000001,95.672
0022301205,CLE,ORL,113.46,115.44000000000001,99.4,111.82000000000001,111.63999999999999,97.5
0022300283,CLE,DET,107.66,115.03999999999999,98.5,105.38,120.92,103.2
0022300265,CLE,POR,110.6,113.58,98.4,105.33999999999999,114.92,99.0
0022300055,CLE,ATL,111.93333333333334,110.26666666666667,99.42,126.36666666666667,129.70000000000002,103.5
0022300251,CLE,TOR,114.64000000000001,120.47999999999999,97.7,115.08,117.66,101.9
0022300242,CLE,LAL,115.84,118.6,97.3,104.38,113.7,100.6
0022300229,CLE,MIA,118.92,115.78,99.1,119.08000000000001,112.42,96.1
0022300040,CLE,PHI,111.94999999999999,110.3,100.0,119.8,115.86666666666667,101.83333333333333
0022300210,CLE,DEN,116.76000000000002,113.7,100.0,114.26000000000002,110.43999999999998,97.6
0022300030,CLE,DET,112.6,118.6,102.5,112.35,118.75,100.75
0022300199,CLE,POR,113.4,112.01999999999998,100.4,106.1,106.66,99.262
0022300191,CLE,SAC,107.1,107.0,100.6,105.97999999999999,113.92,97.22
0022300176,CLE,GSW,107.22,111.55999999999999,99.4,113.55999999999999,108.54,98.7
0022300167,CLE,OKC,104.14000000000001,107.52000000000001,99.6,108.16000000000001,111.7,103.0
0022300142,CLE,GSW,104.4,109.72,99.2,112.96,104.34,99.7
0022300001,CLE,IND,,,,,,
0022301195,NOP,LAL,116.82000000000001,111.1,99.0,116.7,116.17999999999999,103.0
0022301182,NOP,GSW,117.44000000000001,114.16000000000001,97.6,120.3,110.08,98.1
0022301170,NOP,SAC,114.58,115.94000000000001,96.2,109.4,104.83999999999999,96.8
0022301157,NOP,POR,112.14000000000001,117.46,95.3,99.72,113.42,98.1
0022301138,NOP,PHX,110.7,116.66,95.3,114.1,109.4,96.3
0022301046,NOP,OKC,118.28,106.66,95.0,114.62,111.72,100.6
0022301027,NOP,DET,118.35999999999999,108.16000000000001,94.4,101.04,118.97999999999999,97.9
0022301013,NOP,MIA,112.8,112.05999999999999,96.2,106.55999999999999,106.88,93.5
0022301004,NOP,ORL,115.96,109.78,95.1,113.88,105.6,96.2
0022300993,NOP,BKN,114.75999999999999,110.0,95.8,110.56000000000002,115.3,96.23400000000001
0022300970,NOP,POR,116.04,106.6,97.1,108.97999999999999,116.88,95.59
0022300964,NOP,LAC,117.76000000000002,104.47999999999999,98.6,123.1,120.72,94.2
0022300951,NOP,CLE,120.96,105.16,99.2,110.16,115.82000000000001,94.476
0022300925,NOP,ATL,121.8,103.46,98.5,112.84,113.7,93.3
0022300909,NOP,PHI,121.08,105.6,99.9,117.66000000000001,120.8,95.0
0022300890,NOP,TOR,113.88,108.8,98.4,114.75999999999999,116.78,103.6
0022300863,NOP,IND,112.78,108.8,99.0,122.4,114.52000000000001,103.8
0022300810,NOP,MIA,115.32000000000001,109.63999999999999,98.4,117.35999999999999,105.02000000000001,97.7
0022300798,NOP,HOU,114.75999999999999,111.05999999999999,97.2,113.71999999999998,118.56000000000002,98.9
0022300784,NOP,WAS,117.34,107.21999999999998,96.0,105.58,115.3,107.0
0022300766,NOP,MEM,120.6,111.92,96.5,107.08,123.34,98.1
0022300758,NOP,POR,122.14000000000001,113.0,98.4,120.97999999999999,120.46,94.31
0022300747,NOP,LAL,121.08,109.8,97.6,115.0,115.38,100.6
0022300731,NOP,LAC,119.52000000000001,114.5,99.2,125.33999999999999,119.08000000000001,98.9
0022300718,NOP,TOR,108.11999999999998,115.5,99.5,112.56000000000002,122.66,99.44399999999999
0022300696,NOP,SAS,114.0,116.08,100.9,110.6,115.74000000000001,100.2
0022300679,NOP,HOU,112.66,119.58,102.0,117.47999999999999,110.82000000000001,102.928
0022300648,NOP,MIL,118.97999999999999,118.0,100.2,112.4,118.04,103.6
0022300640,NOP,OKC,127.88,119.86000000000001,98.8,120.61999999999998,115.84,99.9
0022300616,NOP,UTA,121.12,121.22,97.9,124.64000000000001,120.6,102.944
0022300588,NOP,PHX,128.02,118.1,97.5,119.55999999999999,119.22,100.7
0022300575,NOP,CHA,128.22,115.82000000000001,97.4,99.52,118.52000000000001,96.26599999999999
0022300547,NOP,DAL,123.94000000000001,113.24000000000001,96.6,120.58000000000001,109.6,101.2
0022300539,NOP,DEN,125.38,106.75999999999999,95.1,123.25999999999999,117.78000000000002,98.2
0022300486,NOP,LAC,119.13999999999999,105.08,96.77799999999999,121.31999999999998,118.72,97.7
0022300471,NOP,MIN,116.1,104.36000000000001,97.178,111.14000000000001,111.84,98.9
0022300461,NOP,BKN,118.46,108.68000000000002,97.078,115.84,121.43999999999998,99.7
0022300446,NOP,LAL,116.2,110.82000000000001,96.27799999999999,117.12,116.5,100.9
0022300424,NOP,UTA,119.42,109.12,98.978,122.47999999999999,116.08,100.3
0022300410,NOP,MEM,121.28,110.2,98.5,110.5,111.04,99.7
0022300392,NOP,HOU,125.96,111.36000000000001,100.6,118.8,116.58000000000001,99.356
0022300375,NOP,CLE,123.74000000000001,109.74000000000001,102.3,123.3,121.88,96.456
0022300360,NOP,MEM,124.78000000000002,111.58,102.3,102.28,112.14000000000001,101.8
0022300345,NOP,SAS,121.94000000000001,112.6,100.6,109.75999999999999,112.7,104.1
0022300326,NOP,CHA,124.1,114.24000000000001,100.6,118.14000000000001,126.3,97.8
0022300311,NOP,WAS,121.12,114.75999999999999,98.5,110.22,124.5,105.6
0022300301,NOP,MIN,117.16,114.78,98.2,117.5,103.35999999999999,97.4
0022301230,NOP,LAL,117.86000000000001,115.46,100.0,116.78,117.16,101.0
0022301204,NOP,SAC,115.52000000000001,113.0,99.8,114.0,103.38,99.1
0022300285,NOP,CHI,116.22,111.62,98.8,110.04,117.22,94.596
0022300262,NOP,PHI,117.5,109.96,98.8,123.3,113.82000000000001,95.9
0022300256,NOP,UTA,116.64000000000001,111.38,101.4,111.12,119.85999999999999,100.0
0022300243,NOP,UTA,116.44000000000001,113.84,102.0,109.7,125.48000000000002,99.3
0022300052,NOP,LAC,114.66666666666667,106.33333333333333,101.16666666666667,116.10000000000001,121.2,97.66666666666667
0022300233,NOP,SAC,115.78,118.24000000000001,102.2,118.12,116.12,99.962
0022300222,NOP,SAC,111.86000000000001,125.54,101.3,120.38000000000002,116.55999999999999,98.562
0022301148,MIL,BOS,113.14000000000001,117.96,98.5,121.82000000000001,104.97999999999999,95.6
0022301139,MIL,NYK,110.32000000000001,113.05999999999999,99.6,114.12,115.8,95.89
0022301107,MIL,MEM,111.78,106.14000000000001,100.24199999999999,103.92,116.34,101.0
0022301095,MIL,WAS,113.8,106.35999999999999,98.642,104.47999999999999,107.72,100.018
0022301076,MIL,ATL,113.7,109.22,98.042,126.05999999999999,116.93999999999998,94.86600000000001
0022301061,MIL,NOP,120.54,113.14000000000001,98.74199999999999,115.17999999999999,108.4,95.4
0022301045,MIL,LAL,125.88,115.92,96.2,121.9,118.34,100.3
0022301030,MIL,OKC,120.17999999999999,122.86000000000001,96.7,117.35999999999999,110.66,101.7
0022301007,MIL,BKN,121.52000000000001,124.24000000000001,97.1,109.26000000000002,115.25999999999999,95.53399999999999
0022300958,MIL,PHI,109.2,121.17999999999999,99.3,101.4,110.1,92.2
0022300945,MIL,SAC,114.35999999999999,116.28,98.0,119.04,117.72,98.76599999999999
0022300924,MIL,LAC,112.67999999999999,113.46,97.2,117.94000000000001,110.46000000000001,96.4
0022300915,MIL,LAL,114.22,105.8,96.6,117.92,118.35999999999999,99.596
0022300899,MIL,GSW,121.46,101.24000000000001,95.6,106.33999999999999,113.68000000000002,101.7
0022300864,MIL,CHI,119.5,103.4,96.7,109.2,112.67999999999999,97.748
0022300849,MIL,CHA,115.08,106.7,98.1,101.58,104.32000000000001,97.7
0022300840,MIL,CHA,112.0,108.38,98.6,106.08,98.54,98.7
0022300817,MIL,PHI,111.17999999999999,105.14000000000001,99.2,110.75999999999999,112.1,98.4
0022300808,MIL,MIN,111.66,111.66,97.7,126.8,108.38,96.518
0022300790,MIL,MEM,110.88,111.42,97.9,111.35999999999999,116.3,96.8
0022300773,MIL,MIA,113.28,111.66000000000001,97.7,112.51999999999998,106.24000000000001,97.2
0022300767,MIL,DEN,114.76000000000002,114.35999999999999,99.3,115.92,117.05999999999999,95.3
0022300745,MIL,CHA,114.2,121.68000000000002,99.1,110.58,120.9,99.9
0022300738,MIL,MIN,112.25999999999999,115.92,101.0,114.66,104.02000000000001,97.018
0022300725,MIL,PHX,117.38000000000002,115.64000000000001,102.1,121.98000000000002,114.73999999999998,100.6
0022300711,MIL,UTA,115.38000000000002,112.78,102.6,120.3,125.54,99.3
0022300702,MIL,DAL,115.25999999999999,113.0,102.2,117.7,128.92000000000002,99.9
0022300683,MIL,POR,115.04,110.66000000000001,103.3,114.14000000000001,112.6,98.328
0022300667,MIL,DEN,119.51999999999998,112.84,105.1,112.46,116.28,93.1
0022300648,MIL,NOP,112.4,118.04,103.6,118.97999999999999,118.0,100.2
0022300639,MIL,CLE,118.1,121.22,103.65799999999999,121.67999999999999,101.96000000000001,99.2
0022300624,MIL,CLE,119.96,122.75999999999999,102.65799999999999,121.36000000000001,97.9,98.6
0022300606,MIL,DET,124.05999999999999,121.42,101.658,118.54,123.47999999999999,101.0
0022300592,MIL,DET,121.38,123.58,99.658,115.11999999999998,123.03999999999999,99.8
0022300552,MIL,SAC,122.5,117.04,100.1,117.74000000000001,118.04,98.7
0022300545,MIL,GSW,120.7,119.74000000000001,101.7,122.94000000000001,131.82000000000002,98.0
0022300528,MIL,BOS,114.88,122.6,102.8,121.42,111.78,101.43800000000002
0022300510,MIL,UTA,115.02000000000001,117.42,103.4,115.66,109.34,104.078
0022300496,MIL,HOU,122.16000000000001,119.17999999999999,103.5,116.03999999999999,118.42,100.6
0022300477,MIL,SAS,122.52000000000001,121.72,102.7,110.34,119.22,102.0
0022300466,MIL,IND,123.24000000000001,116.73999999999998,102.0,122.2,115.34,100.4
0022300454,MIL,IND,124.2,115.41999999999999,101.9,119.54,117.28,99.3
0022300433,MIL,CLE,124.85999999999999,115.3,103.5,120.42,117.3,95.456
0022300417,MIL,BKN,122.2,115.42,103.0,115.72,119.83999999999999,99.1
0022300401,MIL,NYK,125.88000000000002,111.34,103.9,120.94000000000001,120.16,100.8
0022300388,MIL,NYK,125.85999999999999,112.47999999999999,105.5,121.32000000000001,117.63999999999999,100.8
0022300378,MIL,ORL,127.55999999999999,114.22,104.452,107.34,119.6,96.8
0022300361,MIL,SAS,128.94,115.84,103.252,105.16000000000001,114.84,103.9
0022300346,MIL,HOU,123.44000000000001,112.97999999999999,103.748,108.22,106.52000000000001,99.1
0022300334,MIL,DET,116.54,111.06000000000002,103.348,105.93999999999998,119.67999999999999,102.0
0022300315,MIL,IND,114.05999999999999,111.92,101.44800000000001,124.66,123.17999999999999,104.1
0022300300,MIL,CHI,117.24000000000001,113.08,102.396,113.9,120.94000000000001,95.196
0022301229,MIL,IND,116.04,113.78,96.5,128.12,116.64000000000001,102.1
0022301201,MIL,NYK,110.85999999999999,116.38,94.6,125.3,117.44000000000001,93.728
0022300286,MIL,ATL,117.24000000000001,113.85999999999999,102.396,121.44000000000001,117.74000000000001,102.41199999999999
0022300269,MIL,CHI,122.74000000000001,115.3,101.9,107.8,116.46,94.0
0022300056,MIL,MIA,120.33333333333333,107.73333333333333,102.66666666666667,111.06666666666666,108.5,98.5
0022300245,MIL,POR,125.64000000000001,117.74000000000001,101.0,107.66000000000001,117.75999999999999,97.362
0022300049,MIL,WAS,118.1,100.05,101.75,111.36666666666667,122.23333333333333,99.16666666666667
0022300228,MIL,BOS,122.3,116.8,100.6,118.8,109.16000000000001,93.662
0022300219,MIL,WAS,119.04,116.72,100.3,110.64000000000001,115.64000000000001,104.4
0022300205,MIL,DAL,116.08000000000001,114.74000000000001,100.9,120.02000000000001,113.17999999999999,103.8
0022300027,MIL,CHA,110.0,104.0,100.5,116.05000000000001,115.69999999999999,98.5
0022300190,MIL,CHI,114.1,120.47999999999999,101.7,114.61999999999998,115.24000000000001,97.644
0022300173,MIL,ORL,117.94000000000001,119.58,102.8,109.34,110.94000000000001,102.4
0022300171,MIL,IND,115.17999999999999,119.04,103.1,118.84,119.24000000000001,104.2
0022300165,MIL,DET,115.24000000000001,119.47999999999999,102.6,108.12,118.54,101.0
0022300149,MIL,BKN,115.88,120.24000000000001,102.1,115.22,116.22,101.8
0022300002,MIL,NYK,,,,,,
0022300116,MIL,TOR,118.17999999999999,118.05999999999999,103.5,101.72,106.25999999999999,97.04400000000001
0022300107,MIL,MIA,120.17999999999999,115.55999999999999,103.1,107.05999999999999,112.82000000000001,98.5
0022300097,MIL,ATL,120.62,111.94000000000001,102.6,115.34,125.46,104.2
0022300075,MIL,PHI,122.675,111.8,102.125,117.39999999999999,114.875,100.94
0022301191,ORL,MIL,111.5,118.96000000000001,97.9,113.47999999999999,115.05999999999999,96.5
0022301171,ORL,PHI,114.4,117.66,96.1,113.5,102.7,99.59400000000001
0022301162,ORL,MIL,115.46,114.74000000000001,96.1,111.35999999999999,115.35999999999999,96.8
0022301150,ORL,HOU,117.64000000000001,108.55999999999999,96.3,111.24000000000001,126.22,98.778
0022301136,ORL,CHI,114.5,109.2,96.1,114.17999999999999,112.41999999999999,96.2
0022301115,ORL,CHA,111.0,104.84,95.4,110.9,120.17999999999999,94.1
0022301109,ORL,NOP,108.88,104.8,95.5,111.35999999999999,113.78,96.3
0022301090,ORL,POR,111.17999999999999,104.34,96.5,102.62,122.58,99.4
0022301075,ORL,MEM,111.4,106.7,95.1,107.62,120.74000000000001,100.944
0022301064,ORL,LAC,113.64000000000001,104.8,95.9,120.85999999999999,122.78,94.7
0022301049,ORL,GSW,116.47999999999999,104.56000000000002,96.8,119.14000000000001,115.0,98.1
0022301020,ORL,SAC,118.47999999999999,104.17999999999999,96.5,111.6,102.8,97.84400000000001
0022301004,ORL,NOP,113.88,105.6,96.2,115.96,109.78,95.1
0022300991,ORL,CHA,107.08,108.88,94.7,106.04,110.05999999999999,96.1
0022300979,ORL,TOR,108.74000000000001,112.22,94.4,108.85999999999999,117.02000000000001,100.59
0022300963,ORL,TOR,107.88,110.54,93.1,106.28,120.96,101.89000000000001
0022300947,ORL,BKN,106.42,106.55999999999999,94.0,115.05999999999999,114.34,94.8
0022300928,ORL,IND,110.54,106.2,93.6,114.9,118.12,100.5
0022300912,ORL,NYK,116.5,100.02,95.4,108.54,116.54,94.3
0022300894,ORL,WAS,110.92,99.56,95.6,110.17999999999999,121.05999999999999,102.99600000000001
0022300885,ORL,CHA,112.8,103.44000000000001,96.0,104.52000000000001,115.13999999999999,95.5
0022300874,ORL,DET,114.96,108.3,94.9,110.8,114.42,97.6
0022300850,ORL,UTA,118.67999999999999,109.75999999999999,92.6,107.47999999999999,118.12,104.4
0022300833,ORL,BKN,117.63999999999999,117.54,94.2,100.34,115.64000000000001,97.3
0022300821,ORL,ATL,122.44000000000001,118.04,92.008,117.3,120.64000000000001,101.7
0022300814,ORL,DET,124.28,117.02000000000001,93.10799999999999,105.78000000000002,114.04,104.00999999999999
0022300792,ORL,CLE,118.64000000000001,118.28,94.10799999999999,120.47999999999999,108.08,96.7
0022300778,ORL,NYK,114.55999999999999,115.81999999999998,95.90799999999999,115.53999999999999,121.6,95.1
0022300772,ORL,OKC,114.0,112.35999999999999,95.40799999999999,120.64000000000001,119.52000000000001,98.94399999999999
0022300752,ORL,CHI,111.62,108.6,98.5,117.14000000000001,116.78,98.118
0022300734,ORL,SAS,111.76000000000002,112.64000000000001,98.6,104.6,113.7,101.0
0022300721,ORL,MIA,115.24000000000001,107.94000000000001,98.7,111.02000000000001,115.12,96.3
0022300704,ORL,DET,114.44000000000001,109.63999999999999,98.6,117.4,119.31999999999998,99.3
0022300694,ORL,MIN,114.36000000000001,115.53999999999999,97.1,115.92,105.85999999999999,95.3
0022300681,ORL,SAS,116.05999999999999,115.44000000000001,95.0,116.22,121.5,99.6
0022300666,ORL,DAL,113.43999999999998,115.36000000000001,93.9,114.52000000000001,121.78,101.4
0022300655,ORL,PHX,111.82000000000001,117.44000000000001,93.6,123.35999999999999,114.47999999999999,100.2
0022300638,ORL,MEM,112.06000000000002,116.04,92.2,107.8,111.54,98.0
0022300607,ORL,CLE,110.96000000000001,111.8,93.3,118.14000000000001,100.05999999999999,99.6
0022300601,ORL,MIA,108.74000000000001,114.44000000000001,93.4,105.16000000000001,106.51999999999998,93.876
0022300585,ORL,PHI,103.88,110.88,94.5,120.66,117.97999999999999,97.786
0022300570,ORL,ATL,104.3,109.55999999999999,94.49000000000001,106.22,113.05999999999999,102.276
0022300557,ORL,NYK,105.42,111.5,97.59,119.35999999999999,101.66,98.9
0022300546,ORL,OKC,108.5,112.02000000000001,97.256,128.1,115.12,102.4
0022300535,ORL,MIA,111.1,114.7,98.65599999999999,112.1,116.52000000000001,98.2
0022300513,ORL,MIN,114.58,114.98000000000002,98.256,113.36000000000001,112.47999999999999,97.1
0022300499,ORL,ATL,115.0,114.97999999999999,99.866,117.18000000000002,124.46,104.1
0022300488,ORL,DEN,110.03999999999999,114.78,98.76599999999999,121.5,113.44000000000001,98.3
0022300463,ORL,GSW,111.94000000000001,112.12,100.1,118.72,118.17999999999999,99.8
0022300450,ORL,PHX,112.02000000000001,111.72,101.4,118.31999999999998,118.86000000000001,99.2
0022300429,ORL,NYK,111.82000000000001,115.42,99.5,117.91999999999999,116.96,101.1
0022300415,ORL,PHI,112.66000000000001,115.35999999999999,99.8,120.94000000000001,107.28000000000002,99.3
0022300407,ORL,WAS,111.58,118.97999999999999,98.1,117.38,118.88,104.6
0022300391,ORL,IND,109.28,116.5,97.5,118.31999999999998,125.9,102.4
0022300378,ORL,MIL,107.34,119.6,96.8,127.55999999999999,114.22,104.452
0022300366,ORL,MIA,110.02000000000001,118.94000000000001,98.8,119.82000000000001,118.7,96.0
0022300344,ORL,BOS,116.96,119.41999999999999,99.7,121.62,112.16,98.8
0022300329,ORL,BOS,119.05999999999999,115.64000000000001,101.1,119.32000000000001,112.24000000000001,99.4
0022300294,ORL,CLE,122.55999999999999,120.0,101.8,104.72,112.96,99.0
0022301217,ORL,DET,109.6,114.74000000000001,99.0,101.84,115.32000000000001,100.1
0022301205,ORL,CLE,111.82000000000001,111.63999999999999,97.5,113.46,115.44000000000001,99.4
0022300282,ORL,BKN,125.83999999999999,115.67999999999999,103.5,122.1,121.6,96.612
0022300274,ORL,WAS,120.67999999999999,111.06000000000002,102.1,115.67999999999999,123.94000000000001,103.4
0022300259,ORL,WAS,116.56000000000002,106.94000000000001,101.4,114.66000000000001,122.44000000000001,103.5
0022300248,ORL,CHA,114.67999999999999,107.94000000000001,101.1,114.02000000000001,123.03999999999999,98.062
0022300043,ORL,BOS,114.23333333333333,111.8,97.5,118.1,107.65,97.75
0022300226,ORL,DEN,109.17999999999999,106.78,101.8,115.28,113.56000000000002,97.3
0022300038,ORL,TOR,108.95,115.25,95.5,106.1,110.2,98.5
0022300209,ORL,IND,110.44000000000001,105.92,99.6,129.18,120.24000000000001,102.5
0022300033,ORL,CHI,109.5,130.5,95.0,112.6,116.0,94.5
0022300196,ORL,CHI,112.34,107.86000000000001,101.4,114.75999999999999,115.32000000000001,98.244
0022300020,ORL,BKN,,,,112.6,119.3,95.75
0022300173,ORL,MIL,109.34,110.94000000000001,102.4,117.94000000000001,119.58,102.8
0022300172,ORL,ATL,107.25999999999999,109.28,101.4,122.0,111.84,102.7
0022300147,ORL,DAL,107.92,105.84,100.8,120.9,111.91999999999999,101.9
0022300134,ORL,LAL,107.33999999999999,103.32000000000001,100.4,109.1,110.03999999999999,100.19200000000001
0022300130,ORL,UTA,108.22,101.4,99.1,112.2,115.94000000000001,102.2
0022300114,ORL,LAC,113.56000000000002,99.9,98.5,114.52000000000001,105.58,100.6
0022300111,ORL,LAL,114.44000000000001,98.47999999999999,97.9,111.08,105.35999999999999,100.658
0022300086,ORL,POR,115.08,104.38,97.7,106.58,116.97999999999999,97.072
0022300066,ORL,HOU,113.65,107.85,98.25,107.44999999999999,106.2,98.125
0022301149,NYK,CHI,117.08,114.72,95.1,109.25999999999999,115.58,95.8
0022300230,TOR,IND,114.82000000000001,114.82000000000001,101.6,125.6,118.2,104.5
0022300168,TOR,DAL,113.02000000000001,113.0,95.652,120.98000000000002,110.28,100.3
0022300141,TOR,SAS,109.14000000000001,110.8,95.744,109.82000000000001,116.66000000000001,102.306
0022300128,TOR,PHI,107.72,105.91999999999999,96.644,118.97999999999999,110.58,99.452
0022300116,TOR,MIL,101.72,106.25999999999999,97.04400000000001,118.17999999999999,118.05999999999999,103.5
0022300105,TOR,POR,108.17999999999999,108.17999999999999,97.04400000000001,104.7,119.0,97.2
0022301186,WAS,BOS,113.84,118.94000000000001,104.3,115.38,109.5,96.2
0022301172,WAS,CHI,111.92,116.75999999999999,103.9,113.64000000000001,116.08,96.7
0022301152,WAS,MIN,108.3,113.85999999999999,104.6,112.67999999999999,103.46000000000001,99.6
0022301137,WAS,TOR,103.14000000000001,109.22,102.9,106.52000000000001,129.62,100.9
0022301117,WAS,POR,104.75999999999999,110.42,102.418,96.28,114.02000000000001,98.2
0022301103,WAS,LAL,104.35999999999999,108.28000000000002,100.618,111.55999999999999,106.32000000000001,103.242
0022301095,WAS,MIL,104.47999999999999,107.72,100.018,113.8,106.35999999999999,98.642
0022301081,WAS,MIA,105.92,105.22,99.118,117.2,106.12,93.6
0022301065,WAS,DET,111.96,113.62,98.71799999999999,100.4,121.83999999999999,98.2
0022301050,WAS,BKN,110.1,116.92,99.5,105.35999999999999,111.42,93.53399999999999
0022301022,WAS,TOR,107.52000000000001,124.46,101.3,97.54,114.74000000000001,101.7
0022301005,WAS,SAC,105.3,126.1,101.1,116.54,99.4,98.244
0022300957,WAS,HOU,109.28,112.98000000000002,99.5,116.25999999999999,110.54,97.4
0022300940,WAS,MEM,111.81999999999998,117.92,100.5,105.56000000000002,112.28,94.362
0022300926,WAS,MIA,113.2,119.8,100.99600000000001,114.04,115.08,96.4
0022300910,WAS,CHA,112.12,122.8,102.196,104.9,120.83999999999999,94.3
0022300894,WAS,ORL,110.17999999999999,121.05999999999999,102.99600000000001,110.92,99.56,95.6
0022300882,WAS,UTA,107.75999999999999,123.36000000000001,103.99600000000001,110.74000000000001,115.91999999999999,101.6
0022300865,WAS,LAC,105.8,120.25999999999999,104.99600000000001,113.13999999999999,119.2,98.5
0022300856,WAS,LAL,106.66000000000001,121.92,105.5,119.02000000000001,119.9,100.7
0022300800,WAS,DEN,109.3,114.72,106.2,108.0,114.78,97.4
0022300784,WAS,NOP,105.58,115.3,107.0,117.34,107.21999999999998,96.0
0022300768,WAS,DAL,106.9,117.16,105.0,123.41999999999999,110.7,100.7
0022300753,WAS,PHI,107.17999999999999,119.96,103.8,115.32000000000001,126.86000000000001,99.7
0022300743,WAS,BOS,107.32000000000001,118.16000000000001,101.9,121.08,111.12,100.5
0022300728,WAS,CLE,109.67999999999999,116.2,101.9,122.67999999999999,109.54,98.9
0022300705,WAS,PHX,109.92,113.92,101.0,120.78,119.34,100.1
0022300689,WAS,MIA,109.9,114.18000000000002,102.1,111.16,124.06000000000002,96.4
0022300676,WAS,LAC,109.32000000000001,111.52000000000001,102.0,120.3,110.85999999999999,99.7
0022300665,WAS,SAS,109.24000000000001,113.62,103.4,118.31999999999998,121.41999999999999,101.0
0022300642,WAS,DET,107.05999999999999,115.16,103.7,119.25999999999999,119.41999999999999,101.9
0022300628,WAS,UTA,110.2,117.6,102.6,123.35999999999999,125.94000000000001,102.84400000000001
0022300620,WAS,MIN,114.23999999999998,114.16,102.4,117.13999999999999,114.3,97.4
0022300602,WAS,DEN,113.62,113.52000000000001,102.9,120.38,118.8,96.1
0022300594,WAS,SAS,115.2,115.66,101.8,111.9,112.88,101.7
0022300579,WAS,NYK,115.24000000000001,117.43999999999998,101.3,114.33999999999999,104.84,95.1
0022300558,WAS,DET,109.47999999999999,114.61999999999998,101.3,110.46,124.16,99.6
0022300543,WAS,ATL,106.1,124.44000000000001,99.8,115.22,124.74000000000001,102.276
0022300520,WAS,IND,108.61999999999998,126.55999999999999,101.2,124.12,116.98000000000002,104.1
0022300508,WAS,OKC,106.91999999999999,122.52000000000001,99.4,122.34,115.58000000000001,101.8
0022300494,WAS,NYK,105.71999999999998,124.17999999999999,99.9,118.58,111.28,99.6
0022300482,WAS,CLE,109.6,124.42,101.8,120.64000000000001,111.14000000000001,98.6
0022300465,WAS,CLE,111.7,120.36000000000001,103.1,114.38,116.28,97.9
0022300445,WAS,ATL,112.42,119.68000000000002,101.3,118.32000000000001,122.3,99.6
0022300430,WAS,BKN,113.97999999999999,124.3,103.7,118.05999999999999,123.35999999999999,99.4
0022300416,WAS,TOR,115.16000000000001,120.66,103.6,112.94000000000001,118.16,98.3
0022300407,WAS,ORL,117.38,118.88,104.6,111.58,118.97999999999999,98.1
0022300386,WAS,GSW,117.48000000000002,120.88,105.1,119.88,119.67999999999999,98.47200000000001
0022300381,WAS,POR,112.0,124.26000000000002,107.1,118.4,123.02000000000001,98.8
0022300358,WAS,SAC,110.84,122.04,107.0,117.84,112.14000000000001,103.3
0022300347,WAS,PHX,113.38,127.03999999999999,107.0,116.97999999999999,122.08,98.8
0022300328,WAS,IND,112.47999999999999,124.9,106.1,122.64000000000001,123.72,105.0
0022300311,WAS,NOP,110.22,124.5,105.6,121.12,114.75999999999999,98.5
0022300295,WAS,PHI,114.43999999999998,121.12,103.8,121.16000000000001,116.88,98.7
0022301219,WAS,BKN,118.02000000000001,123.85999999999999,105.1,101.05999999999999,111.1,97.4
0022301208,WAS,PHI,115.05999999999999,120.7,103.7,114.92,99.17999999999999,100.79400000000001
0022300274,WAS,ORL,115.67999999999999,123.94000000000001,103.4,120.67999999999999,111.06000000000002,102.1
0022300259,WAS,ORL,114.66000000000001,122.44000000000001,103.5,116.56000000000002,106.94000000000001,101.4
0022300253,WAS,DET,112.28,124.18000000000002,102.4,109.33999999999999,120.38,100.9
0022300241,WAS,ATL,109.55999999999999,117.58000000000001,102.4,115.44000000000001,118.54,102.81199999999998
0022300049,WAS,MIL,111.36666666666667,122.23333333333333,99.16666666666667,118.1,100.05,101.75
0022300225,WAS,CHA,112.62,116.92,102.8,113.32000000000001,124.54,98.662
0022300219,WAS,MIL,110.64000000000001,115.64000000000001,104.4,119.04,116.72,100.3
0022300028,WAS,NYK,113.8,119.5,102.0,104.0,110.0,100.5
0022300192,WAS,DAL,109.94000000000001,114.04,105.8,118.78000000000002,112.78,102.1
0022300189,WAS,TOR,109.33999999999999,116.72,106.2,113.8,113.7,98.852
0022300178,WAS,BKN,112.81999999999998,117.7,106.2,113.75999999999999,112.7,101.7
0022300009,WAS,CHA,111.8,118.6,102.0,,,
0022300157,WAS,CHA,109.0,120.72,107.8,112.94000000000001,120.32000000000001,103.3
0022300148,WAS,PHI,110.56000000000002,119.38000000000002,106.5,117.34,105.58,99.2
0022300003,WAS,MIA,,,,,,
0022300117,WAS,ATL,110.06000000000002,121.28,103.1,114.35999999999999,115.31999999999998,103.0
0022300103,WAS,BOS,112.63999999999999,121.12,102.7,113.38,107.46,98.3
0022300089,WAS,MEM,113.25999999999999,124.05999999999999,102.5,105.38,118.96,99.5
0022300064,WAS,IND,114.3,122.875,100.5,130.55,120.475,104.75
0022301183,POR,HOU,103.24000000000001,108.12,96.2,115.9,124.18000000000002,99.27799999999999
0022301169,POR,GSW,104.47999999999999,108.28000000000002,97.0,122.2,112.67999999999999,99.6
0022301157,POR,NOP,99.72,113.42,98.1,112.14000000000001,117.46,95.3
0022301134,POR,BOS,99.74,112.62,98.0,120.94000000000001,107.46,94.16600000000001
0022301117,POR,WAS,96.28,114.02000000000001,98.2,104.75999999999999,110.42,102.418
0022301102,POR,CHA,100.2,118.96,98.9,112.58000000000001,126.72,93.5
0022301090,POR,ORL,102.62,122.58,99.4,111.17999999999999,104.34,96.5
0022301068,POR,MIA,107.78,118.92,98.3,108.58,110.46000000000001,92.3
0022301003,POR,LAC,107.12,117.92,95.7,115.66,121.8,93.9
0022300986,POR,CHI,108.97999999999999,117.5,95.59,113.86000000000001,120.9,96.506
0022300970,POR,NOP,108.97999999999999,116.88,95.59,116.04,106.6,97.1
0022300960,POR,NYK,112.9,119.62,97.09,108.78,98.9,89.4
0022300953,POR,ATL,115.3,123.9,96.49,113.9,111.2,93.7
0022300938,POR,BOS,113.35999999999999,115.81999999999998,97.852,123.08,106.9,98.5
0022300923,POR,TOR,114.85999999999999,112.92,97.662,106.38,119.9,103.7
0022300842,POR,MIA,99.47999999999999,116.32000000000001,96.1,117.16,107.52000000000001,96.3
0022300826,POR,CHA,106.0,121.52000000000001,95.81,110.14000000000001,103.9,98.9
0022300812,POR,DEN,105.55999999999999,119.94000000000001,94.61,107.2,112.02000000000001,101.1
0022300791,POR,MIN,111.46000000000001,120.92,92.51,123.26000000000002,108.35999999999999,96.518
0022300775,POR,MIN,113.72,120.4,92.21000000000001,120.26000000000002,107.72,96.718
0022300758,POR,NOP,120.97999999999999,120.46,94.31,122.14000000000001,113.0,98.4
0022300712,POR,DEN,114.47999999999999,115.4,97.0,111.17999999999999,115.88,94.8
0022300697,POR,DEN,116.84,114.52000000000001,97.628,109.35999999999999,114.83999999999999,95.5
0022300683,POR,MIL,114.14000000000001,112.6,98.328,115.04,110.66000000000001,103.3
0022300668,POR,PHI,109.12,117.43999999999998,99.228,118.7,114.88,98.2
0022300656,POR,CHI,112.3,117.88,100.628,116.75999999999999,115.7,98.7
0022300641,POR,SAS,116.66,118.46,97.728,116.2,127.28,100.8
0022300623,POR,HOU,114.47999999999999,120.0,98.0,108.55999999999999,120.6,100.54400000000001
0022300617,POR,OKC,111.68000000000002,121.67999999999999,97.5,115.54,114.96,98.6
0022300605,POR,LAL,105.0,122.92,97.5,115.55999999999999,118.38000000000002,101.6
0022300590,POR,IND,99.08,123.92,96.3,114.73999999999998,115.94000000000001,100.6
0022300399,POR,GSW,115.62,119.64000000000001,99.3,122.16,119.94000000000001,98.372
0022300381,POR,WAS,118.4,123.02000000000001,98.8,112.0,124.26000000000002,107.1
0022300363,POR,PHX,118.54,124.9,97.518,115.84,118.25999999999999,100.1
0022300348,POR,GSW,116.46,120.58,97.21799999999999,118.56000000000002,119.22,98.7
0022300341,POR,DAL,115.1,116.54,97.318,113.25999999999999,119.38,99.1
0022300323,POR,UTA,110.9,112.04,98.818,105.75999999999999,111.9,99.018
0022300289,POR,UTA,106.8,111.97999999999999,99.1,104.1,111.17999999999999,97.0
0022300265,POR,CLE,105.33999999999999,114.92,99.0,110.6,113.58,98.4
0022300254,POR,IND,105.4,116.74000000000001,98.3,121.64000000000001,122.14000000000001,104.5
0022300245,POR,MIL,107.66000000000001,117.75999999999999,97.362,125.64000000000001,117.74000000000001,101.0
0022300041,POR,PHX,101.5,109.60000000000001,98.28666666666668,126.94999999999999,127.6,98.25
0022300215,POR,OKC,105.02000000000001,110.04,99.562,120.54,109.54,101.396
0022300036,POR,LAL,102.75,109.25,99.18,130.65,114.7,98.25
0022300199,POR,CLE,106.1,106.66,99.262,113.4,112.01999999999998,100.4
0022300023,POR,UTA,107.5,104.6,97.36,125.7,121.0,100.5
0022300187,POR,LAL,103.34,108.14000000000001,99.662,106.5,115.94000000000001,98.734
0022300170,POR,SAC,101.47999999999999,107.2,99.3,105.5,115.31999999999998,98.558
0022300144,POR,MEM,103.9,109.17999999999999,99.3,102.52000000000001,113.64000000000001,103.9
0022300007,POR,MEM,,,,,,
0022300115,POR,DET,106.2,116.5,96.5,111.94000000000001,113.28,99.7
0022300105,POR,TOR,104.7,119.0,97.2,108.17999999999999,108.17999999999999,97.04400000000001
0022300098,POR,PHI,105.28,117.31999999999998,96.8,117.41999999999999,116.0,100.652
0022300086,POR,ORL,106.58,116.97999999999999,97.072,115.08,104.38,97.7
0022300074,POR,LAC,105.2,115.175,96.59,113.325,119.9,98.375
0022301037,WAS,CHI,107.88,121.05999999999999,99.8,119.75999999999999,121.62,96.4
0022300834,WAS,GSW,104.2,119.08,106.4,114.62,108.47999999999999,101.4
0022300820,WAS,CLE,104.72,118.74000000000001,107.5,117.24000000000001,114.16,94.9
0022300809,WAS,OKC,108.9,116.44000000000001,107.4,120.42,118.12,101.8
0022300534,DET,HOU,114.44000000000001,129.04000000000002,100.178,108.75999999999999,112.32000000000001,99.806
0022300453,DET,HOU,114.12,120.04,101.05199999999999,116.14000000000001,116.42,100.7
0022300394,DET,BKN,107.04,125.78000000000002,103.1,111.17999999999999,124.02000000000001,99.1
0022300374,DET,UTA,108.72,127.16,103.8,117.85999999999999,118.58,98.9
0022300352,DET,ATL,105.04,123.91999999999999,103.1,122.3,125.16000000000001,100.4
0022300334,DET,MIL,105.93999999999998,119.67999999999999,102.0,116.54,111.06000000000002,103.348
0022301217,DET,ORL,101.84,115.32000000000001,100.1,109.6,114.74000000000001,99.0
0022300283,DET,CLE,105.38,120.92,103.2,107.66,115.03999999999999,98.5
0022300268,DET,NYK,104.8,121.88,102.8,117.47999999999999,121.54,93.7
0022300258,DET,LAL,106.67999999999999,119.2,103.0,104.83999999999999,116.02000000000001,101.2
0022300047,DET,IND,108.89999999999999,116.26666666666667,99.66666666666667,128.26666666666668,122.59999999999998,106.66666666666667
0022300218,DET,DEN,109.74000000000001,123.0,101.0,118.75999999999999,112.94000000000001,97.3
0022300211,DET,TOR,111.42,120.96,100.0,110.8,114.58000000000001,100.152
0022300030,DET,CLE,112.35,118.75,100.75,112.6,118.6,102.5
0022300018,DET,ATL,108.2,116.3,98.0,,,
0022300181,DET,CHI,108.43999999999998,117.12,101.7,111.55999999999999,113.58000000000001,98.844
0022300008,DET,PHI,,,,,,
0022300165,DET,MIL,108.12,118.54,101.0,115.24000000000001,119.47999999999999,102.6
0022300145,DET,GSW,111.02000000000001,115.74000000000001,100.2,112.96,105.73999999999998,99.7
0022300140,DET,PHX,110.12,109.84,102.0,110.5,111.58,100.9
0022300129,DET,NOP,108.17999999999999,106.75999999999999,101.0,105.32000000000001,104.52000000000001,101.8
0022300115,DET,POR,111.94000000000001,113.28,99.7,106.2,116.5,96.5
0022300109,DET,OKC,110.6,111.7,98.5,108.76000000000002,105.58,101.3
0022300088,DET,CHI,108.52000000000001,114.0,100.6,103.31999999999998,117.24000000000001,96.744
0022300077,DET,CHA,109.42,118.92,98.7,107.1,116.64000000000001,99.9
0022300068,DET,MIA,110.2,121.55,99.5,114.3,113.8,99.0
0022300992,WAS,HOU,104.25999999999999,120.74000000000001,101.0,117.16,107.02000000000001,100.2
0022300980,WAS,BOS,106.08,114.4,101.0,126.46,113.42,94.9
0022300971,WAS,CHI,109.62,113.8,100.0,113.0,124.96,97.006
0022300635,CHA,HOU,114.3,119.85999999999999,97.9,112.84,119.6,97.97200000000001
0022300619,CHA,DET,110.97999999999999,118.47999999999999,97.4,118.66,120.4,102.0
0022300610,CHA,MIN,104.41999999999999,119.2,98.3,115.58,107.47999999999999,97.2
0022300584,CHA,SAS,103.3,123.66,96.866,113.7,109.14000000000001,102.0
0022300575,CHA,NOP,99.52,118.52000000000001,96.26599999999999,128.22,115.82000000000001,97.4
0022300551,CHA,MIA,103.17999999999999,117.67999999999999,97.26599999999999,112.2,112.17999999999999,97.3
0022300541,CHA,SAS,103.72,115.32000000000001,95.366,112.67999999999999,116.9,100.6
0022300248,CHA,ORL,114.02000000000001,123.03999999999999,98.062,114.67999999999999,107.94000000000001,101.1
0022300225,CHA,WAS,113.32000000000001,124.54,98.662,112.62,116.92,102.8
0022300217,CHA,BOS,116.22,127.93999999999998,98.8,117.14000000000001,107.32000000000001,94.6
0022300202,CHA,NYK,117.05999999999999,127.61999999999998,100.0,123.8,114.08000000000001,94.0
0022300027,CHA,MIL,116.05000000000001,115.69999999999999,98.5,110.0,104.0,100.5
0022300017,CHA,MIA,120.4,115.8,102.0,118.6,111.8,102.0
0022300177,CHA,NYK,117.34,125.22,102.3,107.25999999999999,98.96000000000001,97.6
0022300009,CHA,WAS,,,,111.8,118.6,102.0
0022300157,CHA,WAS,112.94000000000001,120.32000000000001,103.3,109.0,120.72,107.8
0022300143,CHA,DAL,112.54,117.4,103.4,122.02000000000001,112.94000000000001,100.5
0022300133,CHA,IND,106.17999999999999,116.3,102.8,118.58,118.18000000000002,103.6
0022300122,CHA,HOU,102.05999999999999,116.44000000000001,103.0,105.23999999999998,112.11999999999998,97.006
0022300101,CHA,BKN,101.36,114.22,101.0,117.05999999999999,115.7,98.5
0022300077,CHA,DET,107.1,116.64000000000001,99.9,109.42,118.92,98.7
0022300063,CHA,ATL,106.0,119.35,98.875,120.25,128.35,103.375
0022301192,PHI,BKN,115.54,103.22,100.59400000000001,109.02000000000001,112.8,95.1
0022301171,PHI,ORL,113.5,102.7,99.59400000000001,114.4,117.66,96.1
0022301145,PHI,DET,117.05999999999999,107.23999999999998,98.994,103.92,109.71999999999998,98.3
0022301140,PHI,SAS,120.04,112.3,97.1,112.85999999999999,112.42,100.09
0022301080,PHI,TOR,114.52000000000001,117.38,92.8,100.4,122.94000000000001,97.6
0022301067,PHI,CLE,109.94000000000001,114.44000000000001,94.7,109.96000000000001,118.6,91.7
0022301052,PHI,LAC,107.6,110.17999999999999,95.2,117.85999999999999,123.67999999999999,94.5
0022301042,PHI,SAC,109.22,106.55999999999999,96.3,109.54,103.47999999999999,97.444
0022301028,PHI,LAC,106.22,108.12,96.1,119.47999999999999,116.24000000000001,94.8
0022301018,PHI,LAL,105.38,112.08,93.7,123.34,118.74000000000001,98.5
0022301002,PHI,PHX,103.13999999999999,106.08,91.0,117.6,121.38,97.2
0022300985,PHI,MIA,102.94000000000001,109.04,90.6,106.6,107.86000000000001,95.2
0022300969,PHI,CHA,101.97999999999999,111.85999999999999,91.3,105.6,109.47999999999999,97.0
0022300958,PHI,MIL,101.4,110.1,92.2,109.2,121.17999999999999,99.3
0022300939,PHI,NYK,107.92,109.42,94.3,104.62,103.16,91.6
0022300927,PHI,NYK,117.46,118.84,94.3,108.05999999999999,110.2,92.4
0022300909,PHI,NOP,117.66000000000001,120.8,95.0,121.08,105.6,99.9
0022300896,PHI,MEM,115.62,122.4,94.6,99.88,113.54,95.462
0022300887,PHI,BKN,113.82000000000001,118.82000000000001,95.3,114.1,106.92,93.4
0022300871,PHI,DAL,109.14000000000001,117.81999999999998,95.1,118.25999999999999,124.78000000000002,101.2
0022300858,PHI,CHA,103.3,114.32000000000001,96.8,97.74,107.74000000000001,96.9
0022300836,PHI,BOS,108.5,115.63999999999999,96.5,131.42,111.3,92.9
0022300817,PHI,MIL,110.75999999999999,112.1,98.4,111.17999999999999,105.14000000000001,99.2
0022300805,PHI,CLE,113.73999999999998,117.75999999999999,98.8,121.55999999999999,112.52000000000001,94.8
0022300794,PHI,NYK,114.13999999999999,119.74000000000001,100.0,116.47999999999999,124.73999999999998,93.6
0022300779,PHI,MIA,113.52000000000001,121.62,100.1,114.66,105.04,97.5
0022300762,PHI,CLE,111.85999999999999,123.08000000000001,101.2,123.17999999999999,103.02000000000001,98.3
0022300742,PHI,ATL,113.17999999999999,125.47999999999999,99.3,125.22,121.97999999999999,104.71200000000002
0022300727,PHI,GSW,114.42,127.61999999999998,98.1,116.5,109.42,101.13199999999999
0022300715,PHI,DAL,115.96,126.66,97.5,117.98000000000002,126.84,101.1
0022300698,PHI,BKN,114.8,124.82000000000001,98.7,115.24000000000001,113.28,98.6
0022300686,PHI,UTA,116.02000000000001,124.35999999999999,98.8,118.4,128.76,100.8
0022300668,PHI,POR,118.7,114.88,98.2,109.12,117.43999999999998,99.228
0022300532,PHI,SAC,104.92,115.6,99.586,121.74000000000001,117.98000000000002,98.866
0022300521,PHI,ATL,108.36000000000001,116.7,98.8,114.88000000000002,122.47999999999999,103.69000000000001
0022300495,PHI,UTA,110.08,112.13999999999999,97.8,114.02000000000001,111.78,102.678
0022300483,PHI,NYK,114.05999999999999,110.1,98.0,116.97999999999999,118.42,99.7
0022300459,PHI,CHI,116.7,113.23999999999998,97.6,110.93999999999998,110.2,96.3
0022300442,PHI,CHI,121.84,113.01999999999998,99.3,112.2,111.17999999999999,98.5
0022300434,PHI,HOU,116.47999999999999,109.84,98.9,115.88,116.47999999999999,101.0
0022300415,PHI,ORL,120.94000000000001,107.28000000000002,99.3,112.66000000000001,115.35999999999999,99.8
0022300404,PHI,MIA,122.64000000000001,101.42,99.8,120.28000000000002,118.35999999999999,96.5
0022300367,PHI,MIN,125.12,96.76,102.1,119.2,112.18000000000002,99.0
0022300335,PHI,CHA,122.26000000000002,106.46,103.7,117.68000000000002,123.93999999999998,96.6
0022300327,PHI,DET,126.64000000000001,108.34,102.3,108.42,120.7,102.5
0022300310,PHI,DET,127.52000000000001,112.13999999999999,101.2,106.67999999999999,119.21999999999998,103.4
0022300295,PHI,WAS,121.16000000000001,116.88,98.7,114.43999999999998,121.12,103.8
0022301218,PHI,ATL,116.67999999999999,103.97999999999999,101.79400000000001,107.88,116.78,100.47200000000001
0022300275,PHI,BOS,123.54,113.22,97.2,114.9,110.46,97.06200000000001
0022300262,PHI,NOP,123.3,113.82000000000001,95.9,117.5,109.96,98.8
0022300255,PHI,LAL,122.24000000000001,119.44000000000001,96.6,108.24000000000001,109.34,102.1
0022300232,PHI,MIN,122.97999999999999,114.03999999999999,100.4,119.28,115.28,98.8
0022300208,PHI,BKN,120.11999999999998,113.61999999999998,101.1,112.26000000000002,113.58,99.2
0022300148,PHI,WAS,117.34,105.58,99.2,110.56000000000002,119.38000000000002,106.5
0022300132,PHI,PHX,116.75999999999999,107.75999999999999,99.05199999999999,111.67999999999999,109.35999999999999,101.4
0022300128,PHI,TOR,118.97999999999999,110.58,99.452,107.72,105.91999999999999,96.644
0022300098,PHI,POR,117.41999999999999,116.0,100.652,105.28,117.31999999999998,96.8
0022300476,ORL,SAC,110.5,113.63999999999999,100.8,112.55999999999999,111.85999999999999,98.8
0022300537,MEM,LAC,114.96000000000001,107.4,101.6,126.52000000000001,115.92,96.0
0022300515,MEM,DAL,109.12,110.97999999999999,101.9,117.58,109.36000000000001,102.3
0022300425,MEM,DEN,111.24000000000001,110.55999999999999,100.578,120.88000000000002,110.88,96.8
0022300007,MEM,POR,,,,,,
0022300125,MEM,UTA,101.47999999999999,112.44000000000001,101.0,106.38,120.96,101.5
0022300106,MEM,DAL,101.96,115.56000000000002,100.0,123.17999999999999,120.4,101.8
0022300089,MEM,WAS,105.38,118.96,99.5,113.25999999999999,124.05999999999999,102.5
0022300078,MEM,DEN,106.1,119.47999999999999,98.372,114.42,112.08,97.2
0022300071,MEM,NOP,107.625,122.4,97.09,115.0,106.0,101.0
0022301200,POR,SAC,106.34,113.7,96.8,110.62,108.53999999999999,98.1
0022301051,POR,ATL,108.42,117.6,97.8,122.83999999999999,118.75999999999999,95.0
0022301038,POR,HOU,111.9,120.88,97.6,129.64000000000001,112.64000000000001,102.0
0022301026,POR,DEN,108.62,119.72,97.1,116.8,108.58,94.3
0022301017,POR,LAC,106.6,115.24000000000001,96.9,115.7,117.74000000000001,93.7
0022300916,POR,HOU,113.44000000000001,110.62,96.762,107.34,109.44000000000001,102.0
0022300900,POR,OKC,106.64000000000001,105.17999999999999,95.462,113.17999999999999,111.25999999999999,101.5
0022300881,POR,MIN,105.96,106.32000000000001,95.762,106.38,101.84,97.566
0022300868,POR,MEM,103.97999999999999,112.9,96.6,100.66,114.12,96.9
0022300861,POR,MEM,100.58,117.74000000000001,97.4,105.5,111.3,97.8
0022300706,BOS,MEM,121.2,117.35999999999999,97.8,105.66,113.52000000000001,97.4
0022300684,BOS,LAL,123.78,116.32000000000001,98.0,117.42,123.8,105.32000000000001
0022300646,BOS,LAC,122.84,109.25999999999999,96.9,125.14000000000001,115.08,97.9
0022300630,BOS,MIA,114.03999999999999,104.91999999999999,98.0,100.28,111.64000000000001,94.476
0022300571,BOS,SAS,118.8,116.2,100.73800000000001,117.16,109.14000000000001,102.0
0022300528,BOS,MIL,121.42,111.78,101.43800000000002,114.88,122.6,102.8
0022300507,BOS,IND,121.32000000000001,106.38000000000002,102.6,125.75999999999999,116.25999999999999,103.9
0022300493,BOS,IND,121.66,108.75999999999999,102.05199999999999,130.0,113.7,103.6
0022300479,BOS,UTA,124.25999999999999,114.74000000000001,99.652,121.78,111.35999999999999,101.378
0022300448,BOS,SAS,133.52,116.97999999999999,97.55199999999999,111.75999999999999,121.74000000000001,103.1
0022300432,BOS,TOR,132.6,117.34,97.424,117.52000000000001,113.2,98.9
0022300389,BOS,LAC,126.7,114.0,97.272,130.56,122.78,99.2
0022300344,BOS,ORL,121.62,112.16,98.8,116.96,119.41999999999999,99.7
0022301227,BOS,NYK,115.5,114.2,99.0,122.7,122.61999999999998,95.628
0022301202,BOS,IND,118.55999999999999,111.67999999999999,98.5,128.9,116.64000000000001,102.1
0022300275,BOS,PHI,114.9,110.46,97.06200000000001,123.54,113.22,97.2
0022300053,BOS,CHI,110.73333333333333,109.06666666666666,98.66666666666667,109.56666666666666,118.16666666666667,94.5
0022300246,BOS,ATL,117.97999999999999,112.72,94.56200000000001,119.97999999999999,115.74000000000001,102.112
0022300043,BOS,ORL,118.1,107.65,97.75,114.23333333333333,111.8,97.5
0022300194,BOS,PHI,114.72,106.35999999999999,97.306,120.6,109.08,101.8
0022300174,BOS,TOR,117.66000000000001,104.14000000000001,102.806,114.17999999999999,110.62,98.05199999999999
0022300010,BOS,BKN,,,,116.0,112.6,94.5
0022300118,BOS,IND,115.58,106.82000000000001,99.4,127.94000000000001,117.33999999999999,103.9
0022300103,BOS,WAS,113.38,107.46,98.3,112.63999999999999,121.12,102.7
0022301058,SAS,UTA,103.88,108.97999999999999,101.03399999999999,108.66000000000001,123.6,98.2
0022301039,SAS,PHX,104.5,112.04,100.934,124.24000000000001,113.52000000000001,98.3
0022301025,SAS,PHX,104.8,107.74000000000001,99.734,120.88,118.55999999999999,97.8
0022300994,SAS,DAL,110.9,111.92,98.234,121.12,109.38,99.6
0022300965,SAS,DEN,112.32000000000001,114.97999999999999,99.5,120.54,112.54,96.048
0022300942,SAS,HOU,114.24000000000001,113.82000000000001,100.8,115.75999999999999,109.2,100.4
0022300936,SAS,GSW,120.5,115.26000000000002,100.6,110.72,114.72,102.4
0022300921,SAS,GSW,116.12,115.02000000000001,100.9,110.55999999999999,109.96,101.9
0022300908,SAS,SAC,110.9,112.62,102.4,115.04,119.3,97.066
0022300877,SAS,IND,114.14000000000001,117.82000000000001,103.3,118.44000000000001,116.02000000000001,103.1
0022300750,SAS,BKN,104.85999999999999,116.02000000000001,100.5,111.4,122.03999999999999,99.2
0022300681,SAS,ORL,116.22,121.5,99.6,116.05999999999999,115.44000000000001,95.0
0022300665,SAS,WAS,118.31999999999998,121.41999999999999,101.0,109.24000000000001,113.62,103.4
0022300649,SAS,MIN,118.5,122.64000000000001,102.0,112.72,109.14000000000001,98.0
0022300584,SAS,CHA,113.7,109.14000000000001,102.0,103.3,123.66,96.866
0022300571,SAS,BOS,117.16,109.14000000000001,102.0,118.8,116.2,100.73800000000001
0022300559,SAS,ATL,122.42,113.17999999999999,100.9,107.9,123.35999999999999,101.676
0022300548,SAS,CHI,118.97999999999999,110.42,100.6,115.88,115.7,95.872
0022300541,SAS,CHA,112.67999999999999,116.9,100.6,103.72,115.32000000000001,95.366
0022300519,SAS,DET,110.75999999999999,121.1,101.6,114.36000000000001,128.4,101.378
0022300497,SAS,CLE,110.9,118.02000000000001,102.1,120.44000000000001,109.28,99.5
0022300477,SAS,MIL,110.34,119.22,102.0,122.52000000000001,121.72,102.7
0022300460,SAS,MEM,111.97999999999999,124.0,104.3,105.52000000000001,120.22,100.878
0022300448,SAS,BOS,111.75999999999999,121.74000000000001,103.1,133.52,116.97999999999999,97.55199999999999
0022300437,SAS,POR,108.78000000000002,119.72,104.4,114.02000000000001,117.04,99.3
0022300361,SAS,MIL,105.16000000000001,114.84,103.9,128.94,115.84,103.252
0022300278,SAS,NOP,109.7,120.46,102.9,117.82000000000001,109.02000000000001,98.8
0022300235,SAS,LAC,107.24000000000001,127.04,100.3,107.08,109.47999999999999,97.934
0022300206,SAS,MEM,112.4,125.22,100.452,106.88000000000002,111.78,101.0
0022300021,SAS,OKC,104.8,111.4,105.0,115.7,119.0,102.5
0022300161,SAS,NYK,106.9,122.58,101.752,105.32000000000001,99.75999999999999,99.4
0022300146,SAS,IND,108.85999999999999,115.88000000000002,100.558,116.16000000000001,120.88,103.5
0022300099,SAS,LAC,104.72,115.14000000000001,105.40599999999999,113.38,113.24000000000001,98.8
0022301200,SAC,POR,110.62,108.53999999999999,98.1,106.34,113.7,96.8
0022301185,SAC,PHX,110.8,111.1,98.2,107.02000000000001,102.42,100.7
0022301170,SAC,NOP,109.4,104.83999999999999,96.8,114.58,115.94000000000001,96.2
0022301153,SAC,OKC,115.83999999999999,105.67999999999999,95.1,111.85999999999999,121.92,98.5
0022301141,SAC,BKN,116.14000000000001,113.04,94.0,115.82000000000001,116.34,98.2
0022301118,SAC,BOS,114.08,117.2,95.5,124.32000000000001,111.66,94.266
0022301112,SAC,NYK,115.4,113.24000000000001,94.4,124.16,112.58,95.89
0022301101,SAC,LAC,115.14000000000001,115.53999999999999,94.6,120.88,123.4,93.1
0022301086,SAC,UTA,108.72,114.75999999999999,95.7,106.9,118.38,100.0
0022301073,SAC,DAL,111.64000000000001,110.16,96.6,116.02000000000001,102.74000000000001,99.7
0022301047,SAC,DAL,114.84,104.63999999999999,96.04400000000001,113.94000000000001,108.7,99.5
0022301042,SAC,PHI,109.54,103.47999999999999,97.444,109.22,106.55999999999999,96.3
0022301020,SAC,ORL,111.6,102.8,97.84400000000001,118.47999999999999,104.17999999999999,96.5
0022301005,SAC,WAS,116.54,99.4,98.244,105.3,126.1,101.1
0022300999,SAC,TOR,112.3,103.2,98.84400000000001,105.63999999999999,115.66,100.29
0022300989,SAC,MEM,115.78000000000002,107.88,99.6,105.14000000000001,113.66,96.1
0022300975,SAC,NYK,121.82000000000001,110.32000000000001,101.3,107.13999999999999,96.73999999999998,90.4
0022300954,SAC,LAL,120.26000000000002,113.03999999999999,100.4,119.92,117.7,99.6
0022300945,SAC,MIL,119.04,117.72,98.76599999999999,114.35999999999999,116.28,98.0
0022300929,SAC,HOU,118.04,119.4,98.166,114.0,109.75999999999999,100.9
0022300908,SAC,SAS,115.04,119.3,97.066,110.9,112.62,102.4
0022300901,SAC,LAL,116.22,119.46,94.866,117.88,118.2,98.49600000000001
0022300883,SAC,CHI,117.68000000000002,119.05999999999999,96.666,107.96000000000001,113.72,97.548
0022300862,SAC,MIN,113.36000000000001,115.16,98.4,110.88000000000002,98.88,100.6
0022300847,SAC,DEN,117.8,116.04,99.7,113.6,107.85999999999999,100.2
0022300831,SAC,MIA,117.72,116.5,100.3,114.52000000000001,105.24000000000001,97.5
0022300827,SAC,LAC,117.76000000000002,114.05999999999999,102.2,109.84,115.64000000000001,99.8
0022300803,SAC,SAS,116.38,116.5,102.1,105.17999999999999,114.75999999999999,101.6
0022300786,SAC,DEN,118.82000000000001,124.58000000000001,101.5,114.67999999999999,118.51999999999998,95.4
0022300774,SAC,PHX,117.98000000000002,121.76000000000002,101.7,118.92,110.9,103.6
0022300760,SAC,OKC,119.55999999999999,118.54,103.7,116.88,117.54,98.344
0022300746,SAC,DEN,115.2,121.68000000000002,102.5,117.93999999999998,112.24000000000001,94.7
0022300732,SAC,DET,112.92,114.46,101.7,115.64000000000001,121.03999999999999,98.5
0022300714,SAC,CLE,114.47999999999999,109.97999999999999,102.0,116.94000000000001,106.7,99.7
0022300700,SAC,CHI,118.62,115.7,100.3,117.33999999999999,118.54,97.6
0022300691,SAC,IND,118.11999999999998,114.3,98.9,120.6,118.75999999999999,101.3
0022300678,SAC,MIA,120.46,115.78,99.5,106.55999999999999,125.28,95.2
0022300663,SAC,MEM,121.94000000000001,119.5,100.7,109.04,112.5,96.6
0022300651,SAC,DAL,122.85999999999999,121.8,101.25800000000001,113.08,122.92,101.7
0022300632,SAC,GSW,114.9,117.72,100.958,119.34,117.84,100.9
0022300613,SAC,ATL,117.12,117.58,99.358,102.64000000000001,109.34,101.4
0022300583,SAC,IND,118.35999999999999,113.74000000000001,99.958,115.35999999999999,117.42,101.1
0022300567,SAC,PHX,116.7,118.34,98.458,120.24000000000001,117.14000000000001,99.0
0022300552,SAC,MIL,117.74000000000001,118.04,98.7,122.5,117.04,100.1
0022300532,SAC,PHI,121.74000000000001,117.98000000000002,98.866,104.92,115.6,99.586
0022300518,SAC,CHA,116.44000000000001,119.32000000000001,100.066,108.14000000000001,118.02000000000001,95.166
0022300512,SAC,DET,115.6,116.35999999999999,99.466,117.8,127.61999999999998,101.478
0022300500,SAC,NOP,117.94000000000001,110.66,100.366,118.81999999999998,108.16,95.2
0022300492,SAC,TOR,115.52000000000001,112.46,98.866,121.17999999999999,114.14000000000001,102.0
0022300476,SAC,ORL,112.55999999999999,111.85999999999999,98.8,110.5,113.63999999999999,100.8
0022300464,SAC,CHA,116.44000000000001,111.1,98.3,106.58,120.7,98.2
0022300449,SAC,MEM,116.64000000000001,123.01999999999998,97.4,110.8,116.42,100.578
0022300431,SAC,ATL,120.22,125.97999999999999,98.5,121.56000000000002,122.98000000000002,100.2
0022300413,SAC,POR,122.2,120.2,98.9,113.25999999999999,119.42,100.0
0022300400,SAC,MIN,125.47999999999999,120.08,101.3,118.06000000000002,110.74000000000001,100.1
0022300387,SAC,PHX,120.42,121.96,102.1,113.7,118.48000000000002,99.9
0022300373,SAC,BOS,121.82000000000001,115.23999999999998,103.0,121.12,112.5,97.57199999999999
0022300358,SAC,WAS,117.84,112.14000000000001,103.3,110.84,122.04,107.0
0022300342,SAC,UTA,115.72,117.85999999999999,103.4,112.08,113.8,99.11800000000001
0022300324,SAC,OKC,114.42,118.93999999999998,101.6,125.6,114.08,101.1
0022300309,SAC,LAC,113.6,121.63999999999999,101.1,122.04,120.08,97.8
0022300303,SAC,BKN,114.28000000000002,120.85999999999999,100.6,127.28,116.32000000000001,97.512
0022301228,SAC,PHX,116.25999999999999,113.38,99.0,112.54,108.97999999999999,98.1
0022301204,SAC,NOP,114.0,103.38,99.1,115.52000000000001,113.0,99.8
0022300290,SAC,DEN,114.22,119.18000000000002,101.0,127.25999999999999,120.32000000000001,97.2
0022300264,SAC,LAC,118.32000000000001,117.7,100.3,111.0,103.88,97.9
0022300060,SAC,GSW,116.5,107.0,102.33333333333333,115.46666666666665,113.7,103.83333333333333
0022300050,SAC,MIN,113.35,105.55,103.0,107.7,103.94999999999999,102.0
0022300233,SAC,NOP,118.12,116.12,99.962,115.78,118.24000000000001,102.2
0022300222,SAC,NOP,120.38000000000002,116.55999999999999,98.562,111.86000000000001,125.54,101.3
0022300212,SAC,DAL,112.44000000000001,116.04,98.062,119.97999999999999,115.85999999999999,103.9
0022300032,SAC,SAS,105.0,99.0,99.5,93.44999999999999,113.7,105.5
0022300198,SAC,LAL,110.12,116.9,95.762,108.05999999999999,116.92,99.13399999999999
0022300191,SAC,CLE,105.97999999999999,113.92,97.22,107.1,107.0,100.6
0022300016,SAC,OKC,,,,132.4,133.0,105.5
0022300170,SAC,POR,105.5,115.31999999999998,98.558,101.47999999999999,107.2,99.3
0022300153,SAC,HOU,109.4,110.8,100.958,107.7,111.46,97.506
0022300137,SAC,HOU,114.08,111.7,103.05799999999999,109.12,117.72,97.806
0022300126,SAC,GSW,118.02000000000001,112.63999999999999,103.758,115.12,107.33999999999999,101.3
0022300100,SAC,LAL,119.0,112.78,104.5,116.42,103.84,99.6
0022300087,SAC,GSW,118.28,109.12,103.5,112.88,113.22,103.7
0022300072,SAC,UTA,116.9,109.25,103.125,116.7,119.675,100.75
0022300744,TOR,HOU,113.08,125.36000000000001,97.544,114.5,112.97999999999999,102.5
0022300726,TOR,CHA,112.0,125.68000000000002,98.744,106.42,120.38,98.8
0022300718,TOR,NOP,112.56000000000002,122.66,99.44399999999999,108.11999999999998,115.5,99.5
0022300710,TOR,OKC,109.88000000000002,119.67999999999999,100.9,111.14000000000001,105.46,97.8
0022300692,TOR,HOU,109.48000000000002,118.9,100.1,117.72,111.63999999999999,101.128
0022300672,TOR,CHI,108.8,120.96000000000001,99.6,120.28000000000002,114.1,97.8
0022300653,TOR,ATL,110.53999999999999,116.9,97.8,111.42,123.62,101.4
0022300637,TOR,LAC,108.17999999999999,112.75999999999999,97.8,126.66,118.7,96.9
0022300609,TOR,MEM,109.5,118.17999999999999,99.2,107.62,119.58,98.0
0022300596,TOR,NYK,114.9,119.74000000000001,98.0,112.94000000000001,108.12,96.7
0022300580,TOR,CHI,117.17999999999999,121.2,99.5,115.24000000000001,117.44000000000001,97.872
0022300574,TOR,MIA,118.02000000000001,124.64000000000001,100.5,110.25999999999999,106.7,95.576
0022300563,TOR,BOS,124.2,129.6,101.1,121.16,117.38,100.73800000000001
0022300540,TOR,UTA,124.55999999999999,122.78000000000002,101.3,120.0,116.1,102.678
0022300526,TOR,LAC,123.88,120.24000000000001,102.5,125.46000000000001,112.58,96.0
0022300516,TOR,LAL,123.58000000000001,119.9,102.2,105.02000000000001,114.67999999999999,100.8
0022300504,TOR,GSW,120.8,120.3,102.1,119.38,122.55999999999999,98.0
0022300492,TOR,SAC,121.17999999999999,114.14000000000001,102.0,115.52000000000001,112.46,98.866
0022300470,TOR,MEM,122.72,118.25999999999999,101.1,102.16,116.42,100.478
0022300452,TOR,CLE,120.38000000000002,118.74000000000001,100.8,115.96,115.4,97.2
0022300440,TOR,DET,117.84,117.47999999999999,99.1,113.4,120.62,100.952
0022301094,TOR,LAL,106.98000000000002,125.66,97.4,114.92,111.78,103.94200000000001
0022300429,NYK,ORL,117.91999999999999,116.96,101.1,111.82000000000001,115.42,99.5
0022300419,NYK,OKC,118.08,119.66,101.3,122.78,111.47999999999999,101.0
0022300401,NYK,MIL,120.94000000000001,120.16,100.8,125.88000000000002,111.34,103.9
0022300388,NYK,MIL,121.32000000000001,117.63999999999999,100.8,125.85999999999999,112.47999999999999,105.5
0022300368,NYK,BKN,124.32000000000001,123.5,100.7,114.16,123.92,99.1
0022300359,NYK,LAL,126.5,123.97999999999999,99.7,113.16,118.48000000000002,102.5
0022300343,NYK,LAC,126.17999999999999,118.35999999999999,99.2,122.66,116.58,98.0
0022300333,NYK,PHX,122.35999999999999,118.96,97.9,113.96000000000001,116.51999999999998,98.6
0022300318,NYK,UTA,120.41999999999999,119.88,97.2,106.8,113.78,97.418
0022300297,NYK,TOR,118.64000000000001,116.12,96.5,117.04,113.88,100.9
0022301227,NYK,BOS,122.7,122.61999999999998,95.628,115.5,114.2,99.0
0022301201,NYK,MIL,125.3,117.44000000000001,93.728,110.85999999999999,116.38,94.6
0022300276,NYK,TOR,118.25999999999999,118.25999999999999,96.2,118.04,115.2,101.2
0022300268,NYK,DET,117.47999999999999,121.54,93.7,104.8,121.88,102.8
0022300057,NYK,CHA,111.23333333333333,105.16666666666667,97.5,109.39999999999999,119.2,100.0
0022300247,NYK,PHX,120.38,118.8,94.2,119.88,115.62,96.54400000000001
0022300045,NYK,MIA,115.85,108.25,97.0,117.1,111.75,98.5
0022300221,NYK,MIN,126.1,116.58000000000001,93.9,116.17999999999999,114.92,99.006
0022300202,NYK,CHA,123.8,114.08000000000001,94.0,117.05999999999999,127.61999999999998,100.0
0022300177,NYK,CHA,107.25999999999999,98.96000000000001,97.6,117.34,125.22,102.3
0022300161,NYK,SAS,105.32000000000001,99.75999999999999,99.4,106.9,122.58,101.752
0022300151,NYK,LAC,103.64000000000001,102.25999999999999,99.4,117.52000000000001,105.85999999999999,101.23400000000001
0022300112,NYK,CLE,106.97999999999999,102.67999999999999,99.6,113.1,111.12,100.852
0022300090,NYK,NOP,115.12,104.97999999999999,98.2,113.55999999999999,104.8,101.5
0022300079,NYK,ATL,112.14000000000001,104.75999999999999,96.9,117.35999999999999,124.97999999999999,103.5
0022300065,NYK,BOS,113.375,102.825,97.0,115.35,106.8,98.125
0022300272,SAS,ATL,107.73999999999998,119.16,100.9,117.7,115.67999999999999,101.112
0022300252,SAS,DEN,106.3,119.74000000000001,99.5,113.28,116.67999999999999,96.3
0022300051,SAS,GSW,99.66666666666667,116.36666666666667,105.83333333333333,118.05,118.2,102.25
0022300223,SAS,LAC,108.51999999999998,125.25999999999999,99.952,105.0,109.1,98.834
0022300032,SAS,SAC,93.44999999999999,113.7,105.5,105.0,99.0,99.5
0022300184,SAS,MIA,112.35999999999999,124.42,100.652,108.43999999999998,107.58,101.9
0022300013,SAS,MIN,,,,,,
0022300141,SAS,TOR,109.82000000000001,116.66000000000001,102.306,109.14000000000001,110.8,95.744
0022300131,SAS,PHX,104.62,114.28,103.70599999999999,110.9,102.36,100.0
0022300113,SAS,PHX,104.25999999999999,115.82000000000001,104.90599999999999,114.47999999999999,102.84,98.2
0022300083,SAS,HOU,102.97999999999999,115.44000000000001,106.3,104.05999999999999,109.12,97.6
0022300073,SAS,DAL,100.925,114.85,106.125,122.375,125.525,99.625
0022300112,CLE,NYK,113.1,111.12,100.852,106.97999999999999,102.67999999999999,99.6
0022300091,CLE,IND,112.53999999999999,106.0,100.652,130.2,118.2,105.9
0022301129,PHI,MEM,119.36000000000001,116.32000000000001,95.9,109.92,112.28,98.4
0022301111,PHI,MIA,118.92,119.16,94.0,119.64000000000001,100.16,97.2
0022301093,PHI,OKC,123.28000000000002,121.72,92.4,114.85999999999999,114.85999999999999,98.578
0022300644,PHI,DEN,122.92,117.55999999999999,98.1,115.14000000000001,120.5,93.0
0022300627,PHI,IND,125.67999999999999,116.7,95.9,113.04,121.6,99.5
0022300608,PHI,SAS,121.88,111.24000000000001,95.4,110.44000000000001,117.35999999999999,102.4
0022300593,PHI,CHA,125.66000000000001,117.9,96.086,106.9,125.3,97.7
0022300585,PHI,ORL,120.66,117.97999999999999,97.786,103.88,110.88,94.5
0022300566,PHI,DEN,112.25999999999999,117.28,99.186,120.4,115.92,100.4
0022300555,PHI,HOU,108.25999999999999,112.16,100.386,110.67999999999999,117.52000000000001,101.006
0022300351,PHI,CHI,126.56000000000002,98.3,103.6,122.8,122.88,95.55199999999999
0022301208,PHI,WAS,114.92,99.17999999999999,100.79400000000001,115.05999999999999,120.7,103.7
0022300239,PHI,OKC,117.1,114.08,97.6,125.04,105.24000000000001,97.196
0022300040,PHI,CLE,119.8,115.86666666666667,101.83333333333333,111.94999999999999,110.3,100.0
0022300180,PHI,IND,117.66,102.9,102.4,123.42,121.82000000000001,103.9
0022300008,PHI,DET,,,,,,
0022300159,PHI,BOS,121.14000000000001,106.16,100.5,121.46000000000001,105.78,102.20599999999999
0022300099,LAC,SAS,113.38,113.24000000000001,98.8,104.72,115.14000000000001,105.40599999999999
0022300085,LAC,UTA,115.5,118.34,98.5,115.08,120.5,101.6
0022300074,LAC,POR,113.325,119.9,98.375,105.2,115.175,96.59
0022301110,PHX,CLE,117.72,114.04,95.8,121.5,119.08,94.8
0022300677,PHX,BKN,120.42,115.62,98.8,114.06000000000002,110.55999999999999,98.8
0022300317,PHX,BKN,115.88000000000002,116.42,98.0,125.88,117.18000000000002,96.5
0022300308,PHX,GSW,117.6,116.67999999999999,97.4,117.91999999999999,119.3,98.196
0022301191,MIL,ORL,113.47999999999999,115.05999999999999,96.5,111.5,118.96000000000001,97.9
0022301179,MIL,OKC,113.8,113.92,95.1,111.58,112.78,102.6
0022301162,MIL,ORL,111.35999999999999,115.35999999999999,96.8,115.46,114.74000000000001,96.1
0022301122,MIL,TOR,109.17999999999999,111.16,99.24199999999999,103.14000000000001,129.57999999999998,98.3
0022300998,MIL,BOS,121.35999999999999,123.92,97.6,131.44,108.7,94.7
0022300976,MIL,PHX,111.71999999999998,123.13999999999999,97.5,116.3,116.74000000000001,96.7
0022300880,MIL,LAC,121.5,101.44,95.5,113.44000000000001,111.1,96.5
0022300572,MIL,CLE,123.76000000000002,118.7,99.858,120.24000000000001,101.64,98.3
0022300195,MIL,TOR,115.52000000000001,115.92,101.8,108.55999999999999,112.22,99.752
0022300925,ATL,NOP,112.84,113.7,93.3,121.8,103.46,98.5
0022300913,ATL,MEM,113.74000000000001,111.1,96.9,105.03999999999999,111.9,96.362
0022300895,ATL,CLE,112.64000000000001,109.24000000000001,97.1,111.88,112.22,95.94800000000001
0022300889,ATL,NYK,112.17999999999999,112.54,98.3,112.05999999999999,119.73999999999998,92.0
0022300866,ATL,BKN,110.9,113.18000000000002,99.0,102.85999999999999,105.66,96.9
0022300851,ATL,BKN,114.28,112.17999999999999,101.4,94.3,114.04,97.1
0022300835,ATL,UTA,114.12,115.4,101.2,111.52000000000001,120.02000000000001,103.7
0022300821,ATL,ORL,117.3,120.64000000000001,101.7,122.44000000000001,118.04,92.008
0022300804,ATL,TOR,115.42,120.08,102.6,108.14000000000001,111.66000000000001,101.3
0022300777,ATL,CHA,123.18000000000002,124.12,103.6,109.04,114.82000000000001,100.1
0022300763,ATL,CHI,123.25999999999999,121.55999999999999,103.61200000000001,118.5,117.17999999999999,95.326
0022300754,ATL,HOU,125.32000000000001,123.8,102.912,110.94000000000001,113.2,100.2
0022300742,ATL,PHI,125.22,121.97999999999999,104.71200000000002,113.17999999999999,125.47999999999999,99.3
0022300729,ATL,BOS,127.84,122.46,104.11200000000001,117.08,112.04,99.1
0022300716,ATL,LAC,126.6,121.44000000000001,104.81200000000001,119.4,110.92,98.0
0022300690,ATL,PHX,120.16,124.8,104.2,123.68000000000002,115.84,99.7
0022300669,ATL,LAL,113.42,125.4,102.7,121.32000000000001,120.02000000000001,103.92
0022300653,ATL,TOR,111.42,123.62,101.4,110.53999999999999,116.9,97.8
0022300634,ATL,DAL,106.78,117.14000000000001,99.4,110.67999999999999,120.2,100.2
0022300626,ATL,GSW,104.38,108.6,101.2,121.38000000000002,122.46,100.3
0022300613,ATL,SAC,102.64000000000001,109.34,101.4,117.12,117.58,99.358
0022300595,ATL,CLE,105.42,111.55999999999999,101.2,118.66,99.6,98.9
0022300587,ATL,MIA,107.54,112.64000000000001,102.286,106.42,109.41999999999999,94.776
0022300570,ATL,ORL,106.22,113.05999999999999,102.276,104.3,109.55999999999999,94.49000000000001
0022300559,ATL,SAS,107.9,123.35999999999999,101.676,122.42,113.17999999999999,100.9
0022300543,ATL,WAS,115.22,124.74000000000001,102.276,106.1,124.44000000000001,99.8
0022300533,ATL,IND,117.7,122.66000000000001,103.976,122.62,115.84,103.6
0022300521,ATL,PHI,114.88000000000002,122.47999999999999,103.69000000000001,108.36000000000001,116.7,98.8
0022300499,ATL,ORL,117.18000000000002,124.46,104.1,115.0,114.97999999999999,99.866
0022300480,ATL,IND,119.3,121.16,102.8,125.81999999999998,114.96,102.7
0022300467,ATL,OKC,115.32000000000001,119.75999999999999,101.5,124.84,109.62,100.5
0022300445,ATL,WAS,118.32000000000001,122.3,99.6,112.42,119.68000000000002,101.3
0022300431,ATL,SAC,121.56000000000002,122.98000000000002,100.2,120.22,125.97999999999999,98.5
0022300408,ATL,CHI,123.04,125.32000000000001,99.9,115.8,111.47999999999999,96.2
0022300393,ATL,MEM,124.0,121.12,100.0,105.7,109.74000000000001,100.4
0022300384,ATL,MIA,126.72,123.46,100.2,119.34,116.78,96.2
0022300371,ATL,HOU,124.28,123.85999999999999,100.2,111.46,108.16,98.85600000000001
0022300352,ATL,DET,122.3,125.16000000000001,100.4,105.04,123.91999999999999,103.1
0022300336,ATL,CLE,122.66,123.75999999999999,102.9,108.04,113.34,96.0
0022300330,ATL,TOR,118.7,125.78000000000002,102.6,118.55999999999999,119.94000000000001,98.7
0022300313,ATL,TOR,120.0,120.02000000000001,102.9,116.5,119.55999999999999,99.7
0022300296,ATL,DEN,120.7,118.96,104.112,124.31999999999998,117.22,99.5
0022301218,ATL,PHI,107.88,116.78,100.47200000000001,116.67999999999999,103.97999999999999,101.79400000000001
0022301209,ATL,BKN,106.9,121.9,100.772,102.67999999999999,110.84,95.8
0022300286,ATL,MIL,121.44000000000001,117.74000000000001,102.41199999999999,117.24000000000001,113.85999999999999,102.396
0022300272,ATL,SAS,117.7,115.67999999999999,101.112,107.73999999999998,119.16,100.9
0022300055,ATL,CLE,126.36666666666667,129.70000000000002,103.5,111.93333333333334,110.26666666666667,99.42
0022300246,ATL,BOS,119.97999999999999,115.74000000000001,102.112,117.97999999999999,112.72,94.56200000000001
0022300241,ATL,WAS,115.44000000000001,118.54,102.81199999999998,109.55999999999999,117.58000000000001,102.4
0022300227,ATL,BKN,116.0,115.42,100.9,110.08,114.25999999999999,98.3
0022300039,ATL,IND,119.2,122.55,101.0,120.4,113.55,105.75
0022300029,ATL,PHI,121.2,116.5,103.5,115.4,115.2,103.5
0022300193,ATL,NYK,115.64000000000001,113.05999999999999,103.9,118.17999999999999,109.66,94.2
0022300018,ATL,DET,,,,108.2,116.3,98.0
0022300175,ATL,MIA,120.66,113.16000000000001,102.9,104.08,107.83999999999999,101.0
0022300172,ATL,ORL,122.0,111.84,102.7,107.25999999999999,109.28,101.4
0022300155,ATL,OKC,122.35999999999999,111.84,102.8,109.18000000000002,110.85999999999999,101.6
0022300135,ATL,NOP,117.62,112.25999999999999,104.5,106.88,106.72,101.8
0022300117,ATL,WAS,114.35999999999999,115.31999999999998,103.0,110.06000000000002,121.28,103.1
0022300104,ATL,MIN,116.31999999999998,121.3,105.1,104.02000000000001,103.33999999999999,99.9
0022300097,ATL,MIL,115.34,125.46,104.2,120.62,111.94000000000001,102.6
0022300079,ATL,NYK,117.35999999999999,124.97999999999999,103.5,112.14000000000001,104.75999999999999,96.9
0022300063,ATL,CHA,120.25,128.35,103.375,106.0,119.35,98.875
0022301196,OKC,DAL,115.93999999999998,106.62,103.1,115.42,104.56000000000002,99.478
0022301163,OKC,SAS,110.52000000000001,119.4,99.5,107.97999999999999,107.68000000000002,99.094
0022301105,OKC,BOS,117.47999999999999,112.78,98.578,124.32000000000001,116.38,92.66600000000001
0022301069,OKC,PHX,112.12,111.28,100.978,119.6,108.17999999999999,97.0
0022301030,OKC,MIL,117.35999999999999,110.66,101.7,120.17999999999999,122.86000000000001,96.7
0022300931,OKC,MEM,114.47999999999999,116.24000000000001,99.9,105.53999999999999,112.4,94.062
0022300884,OKC,LAL,118.64000000000001,107.1,103.8,118.1,120.31999999999998,99.296
0022300878,OKC,PHX,121.25999999999999,106.52000000000001,103.6,111.28,112.44000000000001,102.0
0022300853,OKC,SAS,122.08,101.8,104.4,105.54,116.28,104.2
0022300809,OKC,WAS,120.42,118.12,101.8,108.9,116.44000000000001,107.4
0022301188,ATL,IND,103.66,113.51999999999998,100.172,122.92,118.85999999999999,99.9
0022301178,ATL,MIN,105.92,114.3,100.47200000000001,116.9,107.64000000000001,100.0
0022301159,ATL,CHA,106.2,111.46,100.27199999999999,110.97999999999999,119.04,96.4
0022301147,ATL,MIA,108.84,115.46,101.6,115.97999999999999,109.52000000000001,97.9
0022301130,ATL,DEN,111.75999999999999,112.34,99.16600000000001,110.28,107.97999999999999,97.0
0022301124,ATL,DAL,117.5,112.8,98.266,119.05999999999999,105.44000000000001,98.4
0022301104,ATL,DET,119.5,115.96,96.46600000000001,101.74,112.47999999999999,96.9
0022301091,ATL,CHI,124.66,114.9,95.566,118.08,117.66,94.9
0022301076,ATL,MIL,126.05999999999999,116.93999999999998,94.86600000000001,113.7,109.22,98.042
0022301060,ATL,BOS,123.17999999999999,119.96,96.4,129.45999999999998,115.55999999999999,94.8
0022301051,ATL,POR,122.83999999999999,118.75999999999999,95.0,108.42,117.6,97.8
0022301034,ATL,BOS,121.74000000000001,118.22,96.3,130.9,111.1,95.7
0022301021,ATL,CHA,114.08,120.51999999999998,97.2,102.66,112.58,96.0
0022301010,ATL,PHX,111.78,117.74000000000001,97.2,118.32000000000001,117.46,98.0
0022300990,ATL,LAL,113.28,111.7,94.7,119.25999999999999,122.74000000000001,99.3
0022300982,ATL,LAC,113.2,112.3,95.4,119.26000000000002,119.62,94.3
0022300953,ATL,POR,113.9,111.2,93.7,115.3,123.9,96.49
0022300699,ATL,GSW,124.67999999999999,124.88,103.9,124.88,114.84,100.22
0022301228,PHX,SAC,112.54,108.97999999999999,98.1,116.25999999999999,113.38,99.0
0022300260,PHX,TOR,124.1,119.35999999999999,95.0,116.5,114.5,102.3
0022300247,PHX,NYK,119.88,115.62,96.54400000000001,120.38,118.8,94.2
0022301199,LAC,HOU,113.24000000000001,107.78,101.3,117.58000000000001,119.16,98.978
0022301184,LAC,UTA,111.16,105.34,101.8,111.16,124.14000000000001,98.1
0022301165,LAC,PHX,110.4,104.46,100.0,109.32000000000001,105.06000000000002,98.9
0022301156,LAC,PHX,117.78,111.7,98.2,112.92,111.13999999999999,97.6
0022301126,LAC,UTA,113.3,111.7,94.9,109.3,119.64000000000001,98.4
0022301101,LAC,SAC,120.88,123.4,93.1,115.14000000000001,115.53999999999999,94.6
0022301028,LAC,PHI,119.47999999999999,116.24000000000001,94.8,106.22,108.12,96.1
0022301017,LAC,POR,115.7,117.74000000000001,93.7,106.6,115.24000000000001,96.9
0022301003,LAC,POR,115.66,121.8,93.9,107.12,117.92,95.7
0022300982,LAC,ATL,119.26000000000002,119.62,94.3,113.2,112.3,95.4
0022300956,LAC,CHI,117.04,119.66,95.5,114.17999999999999,121.38,97.806
0022300944,LAC,MIN,114.64000000000001,113.42,95.4,108.62,112.17999999999999,95.876
0022300924,LAC,MIL,117.94000000000001,110.46000000000001,96.4,112.67999999999999,113.46,97.2
0022300865,LAC,WAS,113.13999999999999,119.2,98.5,105.8,120.25999999999999,104.99600000000001
0022300827,LAC,SAC,109.84,115.64000000000001,99.8,117.76000000000002,114.05999999999999,102.2
0022300799,LAC,OKC,118.17999999999999,121.7,100.8,120.6,120.88,99.044
0022300789,LAC,GSW,114.62,117.66000000000001,99.1,119.44000000000001,103.72,102.1
0022300770,LAC,MIN,120.97999999999999,117.17999999999999,100.0,120.25999999999999,105.4,96.518
0022300731,LAC,NOP,125.33999999999999,119.08000000000001,98.9,119.52000000000001,114.5,99.2
0022300688,LAC,DET,120.8,110.08000000000001,99.4,114.34,115.58,100.0
0022300676,LAC,WAS,120.3,110.85999999999999,99.7,109.32000000000001,111.52000000000001,102.0
0022300658,LAC,CLE,125.55999999999999,111.44000000000001,99.0,121.4,103.17999999999999,99.9
0022300646,LAC,BOS,125.14000000000001,115.08,97.9,122.84,109.25999999999999,96.9
0022300637,LAC,TOR,126.66,118.7,96.9,108.17999999999999,112.75999999999999,97.8
0022300537,LAC,MEM,126.52000000000001,115.92,96.0,114.96000000000001,107.4,101.6
0022300511,LAC,PHX,120.46,110.47999999999999,96.8,116.12,110.84,98.5
0022300486,LAC,NOP,121.31999999999998,118.72,97.7,119.13999999999999,105.08,96.77799999999999
0022300458,LAC,MIA,116.03999999999999,121.52000000000001,98.8,117.08,110.6,99.3
0022300389,LAC,BOS,130.56,122.78,99.2,126.7,114.0,97.272
0022300379,LAC,OKC,131.11999999999998,115.4,99.5,118.5,111.35999999999999,104.4
0022300350,LAC,IND,126.63999999999999,115.47999999999999,99.4,120.56000000000002,125.31999999999998,105.1
0022300343,LAC,NYK,122.66,116.58,98.0,126.17999999999999,118.35999999999999,99.2
0022301197,SAS,DET,104.17999999999999,108.55999999999999,101.89399999999999,103.25999999999999,113.56000000000002,98.2
0022301163,SAS,OKC,107.97999999999999,107.68000000000002,99.094,110.52000000000001,119.4,99.5
0022301151,SAS,MEM,111.46,113.47999999999999,98.884,105.94000000000001,110.06000000000002,97.0
0022301140,SAS,PHI,112.85999999999999,112.42,100.09,120.04,112.3,97.1
0022301123,SAS,NOP,111.22,110.75999999999999,100.29,110.83999999999999,117.8,95.7
0022301099,SAS,DEN,111.84,115.22,99.99000000000001,117.17999999999999,110.24000000000001,96.4
0022301085,SAS,GSW,107.5,110.44000000000001,101.19000000000001,112.72,106.2,97.6
0022301070,SAS,NYK,103.76000000000002,108.62,102.6,125.82000000000001,110.4,94.1
0022301015,SAS,MEM,106.72,111.28000000000002,98.734,109.64000000000001,116.6,97.944
0022300981,SAS,BKN,113.75999999999999,116.5,98.9,111.42,116.25999999999999,96.8
0022300891,SAS,HOU,113.62,113.92,102.9,103.6,108.52000000000001,104.3
0022300853,SAS,OKC,105.54,116.28,104.2,122.08,101.8,104.4
0022300838,SAS,MIN,107.33999999999999,112.47999999999999,105.4,116.42,100.76,99.2
0022300825,SAS,UTA,109.44000000000001,115.1,102.3,113.3,124.08,101.4
0022300813,SAS,LAL,108.93999999999998,117.35999999999999,101.3,122.74000000000001,118.14000000000001,100.9
0022300803,SAS,SAC,105.17999999999999,114.75999999999999,101.6,116.38,116.5,102.1
0022300785,SAS,DAL,107.12,115.62,101.1,121.7,105.2,101.5
0022300764,SAS,TOR,107.55999999999999,120.54,99.1,112.0,125.34,94.44399999999999
0022300734,SAS,ORL,104.6,113.7,101.0,111.76000000000002,112.64000000000001,98.6
0022300730,SAS,MIA,108.75999999999999,115.74000000000001,98.8,112.52000000000001,108.1,97.0
0022300703,SAS,CLE,111.05999999999999,111.82000000000001,99.4,116.08000000000001,111.16,100.2
0022300696,SAS,NOP,110.6,115.74000000000001,100.2,114.0,116.08,100.9
0022300622,SAS,OKC,111.84,120.1,102.2,114.43999999999998,116.34,99.2
0022300594,SAS,WAS,111.9,112.88,101.7,115.2,115.66,101.8
0022300427,SAS,POR,105.35999999999999,125.96,106.0,116.98000000000002,117.76000000000002,98.5
0022300412,SAS,UTA,108.72,123.71999999999998,105.2,118.25999999999999,118.9,99.3
0022300398,SAS,DAL,108.72,119.47999999999999,105.3,107.66,121.58,101.0
0022300376,SAS,CHI,105.6,114.64000000000001,105.9,120.17999999999999,116.54,96.3
0022300345,SAS,NOP,109.75999999999999,112.7,104.1,121.94000000000001,112.6,100.6
0022300331,SAS,LAL,106.55999999999999,114.84,105.2,115.25999999999999,112.6,103.8
0022300316,SAS,LAL,104.72,114.04,103.7,112.66,119.42,101.1
0022300298,SAS,HOU,108.64000000000001,120.18000000000002,103.4,114.8,116.18000000000002,96.6
0022301223,SAS,CHI,104.25999999999999,103.3,102.4,119.97999999999999,115.82000000000001,98.428
0022301210,SAS,MIN,106.12,104.9,102.494,117.88,120.01999999999998,98.0
0022301193,DEN,MEM,120.14000000000001,108.82000000000001,98.2,102.96,109.6,98.7
0022301180,DEN,SAS,117.9,105.42,98.4,100.78,106.32000000000001,102.094
0022301164,DEN,MIN,118.93999999999998,102.97999999999999,99.6,117.42,104.22,100.8
0022301154,DEN,UTA,116.0,106.33999999999999,99.7,109.4,123.64000000000001,97.6
0022301130,DEN,ATL,110.28,107.97999999999999,97.0,111.75999999999999,112.34,99.16600000000001
0022301114,DEN,LAC,116.14000000000001,108.38,96.8,117.32000000000001,120.0,93.8
0022301099,DEN,SAS,117.17999999999999,110.24000000000001,96.4,111.84,115.22,99.99000000000001
0022301077,DEN,CLE,115.47999999999999,111.64000000000001,95.0,112.55999999999999,119.05999999999999,92.2
0022301071,DEN,MIN,118.78,111.13999999999999,95.4,116.64000000000001,107.88,94.5
0022301059,DEN,PHX,119.34,111.05999999999999,96.2,122.54,114.31999999999998,99.0
0022301040,DEN,MEM,117.36000000000001,111.9,96.0,106.25999999999999,115.28,99.34400000000001
0022301026,DEN,POR,116.8,108.58,94.3,108.62,119.72,97.1
0022301009,DEN,NYK,117.22,110.16,96.1,108.24000000000001,97.84,92.5
0022300995,DEN,MIN,122.47999999999999,111.73999999999998,96.3,115.25999999999999,110.3,95.876
0022300978,DEN,DAL,123.84,111.46000000000001,96.9,122.35999999999999,110.24000000000001,99.6
0022300965,DEN,SAS,120.54,112.54,96.048,112.32000000000001,114.97999999999999,99.5
0022300949,DEN,MIA,124.16,117.46,96.94800000000001,116.88,116.7,96.0
0022300937,DEN,TOR,119.5,112.85999999999999,97.148,105.28,118.4,101.59
0022300922,DEN,UTA,114.16000000000001,108.02000000000001,97.148,113.7,119.85999999999999,100.2
0022300906,DEN,BOS,115.2,106.58,97.148,128.21999999999997,106.6,95.6
0022300893,DEN,PHX,121.08000000000001,107.44000000000001,97.5,109.3,109.74000000000001,103.3
0022300869,DEN,LAL,119.05999999999999,103.55999999999999,100.2,115.61999999999998,119.82000000000001,100.49600000000001
0022300855,DEN,MIA,117.85999999999999,104.35999999999999,100.4,116.66,103.97999999999999,96.7
0022300847,DEN,SAC,113.6,107.85999999999999,100.2,117.8,116.04,99.7
0022300824,DEN,GSW,109.9,113.28,101.1,115.34,105.54,102.7
0022300812,DEN,POR,107.2,112.02000000000001,101.1,105.55999999999999,119.94000000000001,94.61
0022300800,DEN,WAS,108.0,114.78,97.4,109.3,114.72,106.2
0022300786,DEN,SAC,114.67999999999999,118.51999999999998,95.4,118.82000000000001,124.58000000000001,101.5
0022300767,DEN,MIL,115.92,117.05999999999999,95.3,114.76000000000002,114.35999999999999,99.3
0022300746,DEN,SAC,117.93999999999998,112.24000000000001,94.7,115.2,121.68000000000002,102.5
0022300740,DEN,LAL,117.8,112.5,94.3,114.52000000000001,116.4,103.3
0022300712,DEN,POR,111.17999999999999,115.88,94.8,114.47999999999999,115.4,97.0
0022300697,DEN,POR,109.35999999999999,114.83999999999999,95.5,116.84,114.52000000000001,97.628
0022300682,DEN,OKC,111.33999999999999,114.42,95.9,113.73999999999998,108.2,98.7
0022300667,DEN,MIL,112.46,116.28,93.1,119.51999999999998,112.84,105.1
0022300644,DEN,PHI,115.14000000000001,120.5,93.0,122.92,117.55999999999999,98.1
0022300631,DEN,NYK,120.28,115.78,94.6,114.16,105.54,96.0
0022300614,DEN,IND,120.78,115.46,95.8,112.14000000000001,120.74000000000001,100.5
0022300602,DEN,WAS,120.38,118.8,96.1,113.62,113.52000000000001,102.9
0022300586,DEN,BOS,123.4,118.8,98.5,117.0,110.38,99.83800000000001
0022300566,DEN,PHI,120.4,115.92,100.4,112.25999999999999,117.28,99.186
0022300550,DEN,IND,124.66,120.58,99.4,121.28,112.92,102.3
0022300539,DEN,NOP,123.25999999999999,117.78000000000002,98.2,125.38,106.75999999999999,95.1
0022300524,DEN,UTA,119.66,117.02000000000001,98.1,120.1,111.38000000000002,103.178
0022300502,DEN,DET,121.04,114.56000000000002,98.7,116.92,124.58,101.53
0022300488,DEN,ORL,121.5,113.44000000000001,98.3,110.03999999999999,114.78,98.76599999999999
0022300478,DEN,GSW,114.66,106.55999999999999,98.8,118.35999999999999,118.5,98.9
0022300455,DEN,CHA,116.98000000000002,112.14000000000001,98.6,110.05999999999999,126.44000000000001,98.9
0022300435,DEN,OKC,121.92,110.46,97.6,124.24000000000001,111.84,101.4
0022300425,DEN,MEM,120.88000000000002,110.88,96.8,111.24000000000001,110.55999999999999,100.578
0022300402,DEN,GSW,120.76000000000002,112.16000000000001,96.4,124.08,116.1,98.97200000000001
0022300390,DEN,CHA,124.02000000000001,112.38,97.4,102.08000000000001,126.28,98.6
0022300383,DEN,BKN,122.86000000000001,109.78,97.3,110.96,121.92,99.1
0022300369,DEN,TOR,125.38000000000002,112.3,98.1,119.42,121.8,99.1
0022300356,DEN,DAL,120.16000000000001,114.08000000000001,100.1,118.46,119.96,100.9
0022300340,DEN,OKC,121.32000000000001,112.88,99.7,123.47999999999999,116.3,103.9
0022300322,DEN,BKN,126.7,120.34,97.4,127.24000000000001,120.56000000000002,96.2
0022300307,DEN,CHI,125.24000000000001,119.0,98.3,116.04,119.67999999999999,96.44800000000001
0022300296,DEN,ATL,124.31999999999998,117.22,99.5,120.7,118.96,104.112
0022301224,DEN,HOU,118.82000000000001,111.9,97.1,116.38000000000002,109.34,99.8
0022301215,DEN,LAC,124.6,109.97999999999999,98.8,107.66,109.66,102.0
0022300290,DEN,SAC,127.25999999999999,120.32000000000001,97.2,114.22,119.18000000000002,101.0
0022300279,DEN,PHX,124.08,118.67999999999999,97.5,125.35999999999999,119.34,95.1
0022300263,DEN,HOU,117.1,116.35999999999999,98.7,117.14000000000001,106.84,96.6
0022300257,DEN,LAC,116.16,117.9,97.9,108.75999999999999,101.44,97.8
0022300252,DEN,SAS,113.28,116.67999999999999,96.3,106.3,119.74000000000001,99.5
0022300048,DEN,HOU,119.36666666666667,114.26666666666667,97.5,102.55,105.05,99.0
0022300226,DEN,ORL,115.28,113.56000000000002,97.3,109.17999999999999,106.78,101.8
0022300218,DEN,DET,118.75999999999999,112.94000000000001,97.3,109.74000000000001,123.0,101.0
0022300210,DEN,CLE,114.26000000000002,110.43999999999998,97.6,116.76000000000002,113.7,100.0
0022300034,DEN,NOP,123.5,114.45,96.25,115.05,103.94999999999999,101.75
0022300024,DEN,LAC,128.9,115.2,98.0,128.6,145.5,98.5
0022300182,DEN,HOU,114.58,108.5,98.4,119.72,104.44000000000001,96.7
0022300169,DEN,GSW,119.25999999999999,106.43999999999998,98.2,114.24000000000001,106.5,98.2
0022300156,DEN,NOP,113.44000000000001,103.66,98.7,107.2,112.62,100.2
0022300139,DEN,CHI,113.4,105.33999999999999,98.2,105.88,113.46,97.84400000000001
0022300006,DEN,DAL,,,,,,
0022300123,DEN,MIN,113.16,104.12,98.1,106.04,108.9,99.7
0022300110,DEN,UTA,112.94000000000001,106.08,98.5,111.96,125.25999999999999,101.4
0022300095,DEN,OKC,109.62,109.24000000000001,98.2,108.98000000000002,99.64,102.0
0022300078,DEN,MEM,114.42,112.08,97.2,106.1,119.47999999999999,98.372
0022300061,DEN,LAL,111.7,112.225,97.625,124.39999999999999,105.9,99.25
0022301192,BKN,PHI,109.02000000000001,112.8,95.1,115.54,103.22,100.59400000000001
0022301175,BKN,NYK,106.74000000000001,113.96,97.7,123.72,115.05999999999999,95.6
0022301160,BKN,TOR,104.62,115.22,99.2,107.58,120.44000000000001,105.3
0022301141,BKN,SAC,115.82000000000001,116.34,98.2,116.14000000000001,113.04,94.0
0022301128,BKN,DET,115.52000000000001,117.32000000000001,98.11800000000001,102.02000000000001,109.47999999999999,97.5
0022301106,BKN,IND,112.9,113.3,97.11800000000001,123.14000000000001,117.66,100.4
0022301089,BKN,IND,111.8,110.3,94.81800000000001,120.73999999999998,116.84,101.0
0022301078,BKN,LAL,114.1,111.52000000000001,93.518,112.58,110.38,103.34200000000001
0022301066,BKN,CHI,107.5,111.9,92.718,117.51999999999998,116.75999999999999,97.0
0022301050,BKN,WAS,105.35999999999999,111.42,93.53399999999999,110.1,116.92,99.5
0022301036,BKN,TOR,104.05999999999999,115.8,95.63399999999999,100.17999999999999,116.6,99.8
0022301019,BKN,NYK,105.96000000000001,117.5,96.13399999999999,113.67999999999999,104.72,93.1
0022301007,BKN,MIL,109.26000000000002,115.25999999999999,95.53399999999999,121.52000000000001,124.24000000000001,97.1
0022300993,BKN,NOP,110.56000000000002,115.3,96.23400000000001,114.75999999999999,110.0,95.8
0022300981,BKN,SAS,111.42,116.25999999999999,96.8,113.75999999999999,116.5,98.9
0022300968,BKN,IND,115.2,115.55999999999999,95.3,118.46,111.32000000000001,100.70599999999999
0022300947,BKN,ORL,115.05999999999999,114.34,94.8,106.42,106.55999999999999,94.0
0022300930,BKN,CLE,113.52000000000001,114.1,95.1,109.08,109.35999999999999,94.676
0022300918,BKN,CHA,118.88,111.8,94.9,107.4,117.28,95.1
0022300902,BKN,DET,113.8,111.63999999999999,93.5,107.4,113.66,96.5
0022300887,BKN,PHI,114.1,106.92,93.4,113.82000000000001,118.82000000000001,95.3
0022300879,BKN,MEM,108.88,103.42,95.4,96.58,112.16,96.362
0022300866,BKN,ATL,102.85999999999999,105.66,96.9,110.9,113.18000000000002,99.0
0022300851,BKN,ATL,94.3,114.04,97.1,114.28,112.17999999999999,101.4
0022300833,BKN,ORL,100.34,115.64000000000001,97.3,117.63999999999999,117.54,94.2
0022300830,BKN,MEM,102.36,119.25999999999999,97.5,106.78,108.66000000000001,98.0
0022300815,BKN,MIN,104.74000000000001,123.78,96.7,124.98000000000002,106.9,97.1
0022300795,BKN,TOR,107.9,123.85999999999999,96.3,109.78,117.8,100.2
0022300780,BKN,BOS,109.8,117.1,97.0,122.2,109.6,101.0
0022300771,BKN,BOS,113.54,116.47999999999999,98.1,118.84,109.72,101.6
0022300750,BKN,SAS,111.4,122.03999999999999,99.2,104.85999999999999,116.02000000000001,100.5
0022300735,BKN,CLE,120.08000000000001,119.64000000000001,100.6,120.72,108.05999999999999,99.9
0022300720,BKN,DAL,119.06000000000002,115.64000000000001,101.5,114.64000000000001,121.16,99.1
0022300717,BKN,GSW,119.5,114.02000000000001,100.4,121.44000000000001,116.75999999999999,101.132
0022300698,BKN,PHI,115.24000000000001,113.28,98.6,114.8,124.82000000000001,98.7
0022300677,BKN,PHX,114.06000000000002,110.55999999999999,98.8,120.42,115.62,98.8
0022300660,BKN,UTA,111.8,110.81999999999998,98.1,121.56000000000002,123.31999999999998,102.54400000000001
0022300645,BKN,HOU,114.3,114.61999999999998,95.1,116.2,114.44000000000001,98.97200000000001
0022300629,BKN,MIN,112.47999999999999,112.58,95.176,116.17999999999999,112.1,99.8
0022300615,BKN,NYK,110.47999999999999,111.33999999999999,96.776,112.58000000000001,102.12,97.2
0022300600,BKN,LAC,111.64000000000001,111.62,95.958,131.18,121.02000000000001,95.2
0022300591,BKN,LAL,110.44000000000001,112.22,95.958,118.52000000000001,117.34,102.5
0022300578,BKN,POR,107.75999999999999,111.24000000000001,97.958,100.52000000000001,124.78,97.78200000000001
0022300562,BKN,MIA,107.42,116.24000000000001,98.18199999999999,112.08,111.85999999999999,96.0
0022300527,BKN,CLE,108.0,118.82000000000001,98.482,121.72,110.52000000000001,99.2
0022300498,BKN,POR,106.62,117.17999999999999,97.8,101.8,119.54,103.6
0022300481,BKN,OKC,105.97999999999999,122.91999999999999,97.9,125.1,114.78000000000002,101.8
0022300469,BKN,HOU,108.92,122.25999999999999,98.4,119.44000000000001,120.54,99.9
0022300461,BKN,NOP,115.84,121.43999999999998,99.7,118.46,108.68000000000002,97.078
0022300447,BKN,OKC,120.02000000000001,122.55999999999999,98.1,126.16,112.14000000000001,100.2
0022300430,BKN,WAS,118.05999999999999,123.35999999999999,99.4,113.97999999999999,124.3,103.7
0022300417,BKN,MIL,115.72,119.83999999999999,99.1,122.2,115.42,103.0
0022300406,BKN,DET,116.58,122.94000000000001,98.6,108.47999999999999,125.94000000000001,102.5
0022300394,BKN,DET,111.17999999999999,124.02000000000001,99.1,107.04,125.78000000000002,103.1
0022300383,BKN,DEN,110.96,121.92,99.1,122.86000000000001,109.78,97.3
0022300368,BKN,NYK,114.16,123.92,99.1,124.32000000000001,123.5,100.7
0022300357,BKN,UTA,118.14000000000001,119.12,99.2,114.54,118.5,99.418
0022300339,BKN,GSW,121.38,120.94000000000001,98.3,116.28,119.82000000000001,98.9
0022300322,BKN,DEN,127.24000000000001,120.56000000000002,96.2,126.7,120.34,97.4
0022300317,BKN,PHX,125.88,117.18000000000002,96.5,115.88000000000002,116.42,98.0
0022300303,BKN,SAC,127.28,116.32000000000001,97.512,114.28000000000002,120.85999999999999,100.6
0022301219,BKN,WAS,101.05999999999999,111.1,97.4,118.02000000000001,123.85999999999999,105.1
0022301209,BKN,ATL,102.67999999999999,110.84,95.8,106.9,121.9,100.772
0022300282,BKN,ORL,122.1,121.6,96.612,125.83999999999999,115.67999999999999,103.5
0022300266,BKN,CHA,119.85999999999999,120.96000000000001,96.112,113.35999999999999,122.16,98.662
0022300054,BKN,TOR,118.56666666666666,116.03333333333335,95.5,113.7,117.03333333333335,97.66666666666667
0022300250,BKN,CHI,114.0,115.52000000000001,98.312,106.34,114.88000000000002,95.2
0022300240,BKN,MIA,111.03999999999999,114.3,98.712,123.8,111.26000000000002,94.5
0022300227,BKN,ATL,110.08,114.25999999999999,98.3,116.0,115.42,100.9
0022300208,BKN,PHI,112.26000000000002,113.58,99.2,120.11999999999998,113.61999999999998,101.1
0022300200,BKN,MIA,108.22,107.92,101.3,110.32000000000001,107.16,100.8
0022300020,BKN,ORL,112.6,119.3,95.75,,,
0022300178,BKN,WAS,113.75999999999999,112.7,101.7,112.81999999999998,117.7,106.2
0022300010,BKN,BOS,116.0,112.6,94.5,,,
0022300160,BKN,LAC,116.66,118.47999999999999,102.5,112.67999999999999,106.55999999999999,100.73400000000001
0022300149,BKN,MIL,115.22,116.22,101.8,115.88,120.24000000000001,102.1
0022300136,BKN,BOS,115.42,112.22,101.7,125.35999999999999,103.88,100.7
0022300004,BKN,CHI,,,,,,
0022300119,BKN,MIA,120.55999999999999,113.53999999999999,100.1,108.97999999999999,115.66,99.8
0022300101,BKN,CHA,117.05999999999999,115.7,98.5,101.36,114.22,101.0
0022300084,BKN,DAL,116.74000000000001,113.46,97.1,121.46,122.66,101.1
0022300067,BKN,CLE,117.675,113.025,96.5,115.025,108.175,100.315
0022301173,CHA,BOS,112.32000000000001,116.92,97.3,117.0,110.3,95.7
0022301159,CHA,ATL,110.97999999999999,119.04,96.4,106.2,111.46,100.27199999999999
0022301144,CHA,DAL,115.47999999999999,121.0,95.0,116.67999999999999,106.9,99.978
0022301135,CHA,OKC,111.35999999999999,120.02000000000001,94.8,113.32000000000001,119.06000000000002,98.4
0022301115,CHA,ORL,110.9,120.17999999999999,94.1,111.0,104.84,95.4
0022301087,CHA,BOS,110.02000000000001,130.04000000000002,93.3,125.25999999999999,114.85999999999999,93.66600000000001
0022301079,CHA,LAC,104.7,125.9,93.3,118.43999999999998,122.17999999999999,94.0
0022301062,CHA,GSW,105.14000000000001,124.88,93.1,117.04,110.42,97.6
0022301048,CHA,CLE,99.97999999999999,123.51999999999998,93.5,109.55999999999999,115.13999999999999,91.7
0022301033,CHA,CLE,102.42,118.23999999999998,94.8,104.88,118.51999999999998,93.4
0022301021,CHA,ATL,102.66,112.58,96.0,114.08,120.51999999999998,97.2
0022300991,CHA,ORL,106.04,110.05999999999999,96.1,107.08,108.88,94.7
0022300969,CHA,PHI,105.6,109.47999999999999,97.0,101.97999999999999,111.85999999999999,91.3
0022300961,CHA,PHX,104.94000000000001,109.16,96.2,116.5,117.1,96.44800000000001
0022300950,CHA,MEM,103.1,110.5,97.3,109.28,112.25999999999999,94.4
0022300933,CHA,DET,109.5,114.96,95.1,107.62,117.9,100.8
0022300918,CHA,BKN,107.4,117.28,95.1,118.88,111.8,94.9
0022300910,CHA,WAS,104.9,120.83999999999999,94.3,112.12,122.8,102.196
0022300885,CHA,ORL,104.52000000000001,115.13999999999999,95.5,112.8,103.44000000000001,96.0
0022300875,CHA,TOR,100.94,113.4,94.6,117.14000000000001,114.64000000000001,103.2
0022300858,CHA,PHI,97.74,107.74000000000001,96.9,103.3,114.32000000000001,96.8
0022300849,CHA,MIL,101.58,104.32000000000001,97.7,115.08,106.7,98.1
0022300840,CHA,MIL,106.08,98.54,98.7,112.0,108.38,98.6
0022300826,CHA,POR,110.14000000000001,103.9,98.9,106.0,121.52000000000001,95.81
0022300811,CHA,GSW,110.3,108.54,98.8,121.94000000000001,110.54,102.8
0022300801,CHA,UTA,111.68000000000002,112.06000000000002,98.3,116.05999999999999,122.67999999999999,101.6
0022300777,CHA,ATL,109.04,114.82000000000001,100.1,123.18000000000002,124.12,103.6
0022300761,CHA,IND,107.04,117.66,99.8,119.4,118.58,101.4
0022300751,CHA,MEM,104.38,120.5,100.7,105.62,121.7,98.4
0022300745,CHA,MIL,110.58,120.9,99.9,114.2,121.68000000000002,99.1
0022300726,CHA,TOR,106.42,120.38,98.8,112.0,125.68000000000002,98.744
0022300713,CHA,LAL,108.32000000000001,124.22,97.5,114.4,116.82000000000001,102.92
0022300707,CHA,IND,108.52000000000001,128.3,98.1,117.96,120.14000000000001,101.8
0022300695,CHA,OKC,109.58,126.42,97.3,113.61999999999998,107.24000000000001,97.8
0022300674,CHA,CHI,112.02000000000001,126.78,98.3,118.22,114.78,98.3
0022300657,CHA,NYK,109.96,121.74000000000001,99.7,122.97999999999999,104.42,96.8
0022300647,CHA,UTA,111.35999999999999,119.67999999999999,99.0,121.1,126.33999999999999,103.144
0022300593,CHA,PHI,106.9,125.3,97.7,125.66000000000001,117.9,96.086
0022300518,CHA,SAC,108.14000000000001,118.02000000000001,95.166,116.44000000000001,119.32000000000001,100.066
0022300506,CHA,CHI,107.52000000000001,120.02000000000001,97.7,105.88,109.52000000000001,96.5
0022300484,CHA,CHI,108.97999999999999,120.47999999999999,98.9,107.35999999999999,113.02000000000001,97.6
0022300464,CHA,SAC,106.58,120.7,98.2,116.44000000000001,111.1,98.3
0022300455,CHA,DEN,110.05999999999999,126.44000000000001,98.9,116.98000000000002,112.14000000000001,98.6
0022300436,CHA,PHX,105.2,121.6,99.5,111.46000000000001,114.78,101.0
0022300428,CHA,LAL,100.26,124.05999999999999,98.2,113.38,119.78,100.8
0022300414,CHA,LAC,100.85999999999999,123.64000000000001,98.3,127.33999999999999,128.54000000000002,99.7
0022300390,CHA,DEN,102.08000000000001,126.28,98.6,124.02000000000001,112.38,97.4
0022300365,CHA,IND,103.02000000000001,122.12,97.7,115.84,128.04000000000002,106.2
0022300335,CHA,PHI,117.68000000000002,123.93999999999998,96.6,122.26000000000002,106.46,103.7
0022300326,CHA,NOP,118.14000000000001,126.3,97.8,124.1,114.24000000000001,100.6
0022300312,CHA,MIA,120.74000000000001,125.42,98.1,125.7,121.64000000000001,97.8
0022300292,CHA,MIA,119.36000000000001,122.13999999999999,98.862,126.42,119.38000000000002,97.4
0022301216,CHA,TOR,108.8,120.3,98.9,108.42,121.24000000000001,98.7
0022301211,CHA,CHI,112.72,123.08,98.5,118.42,119.2,97.628
0022300281,CHA,MIN,117.48000000000002,121.66,98.962,115.8,103.22,98.2
0022300266,CHA,BKN,113.35999999999999,122.16,98.662,119.85999999999999,120.96000000000001,96.112
0022300057,CHA,NYK,109.39999999999999,119.2,100.0,111.23333333333333,105.16666666666667,97.5
0022301186,BOS,WAS,115.38,109.5,96.2,113.84,118.94000000000001,104.3
0022301173,BOS,CHA,117.0,110.3,95.7,112.32000000000001,116.92,97.3
0022301148,BOS,MIL,121.82000000000001,104.97999999999999,95.6,113.14000000000001,117.96,98.5
0022301134,BOS,POR,120.94000000000001,107.46,94.16600000000001,99.74,112.62,98.0
0022301118,BOS,SAC,124.32000000000001,111.66,94.266,114.08,117.2,95.5
0022301105,BOS,OKC,124.32000000000001,116.38,92.66600000000001,117.47999999999999,112.78,98.578
0022301087,BOS,CHA,125.25999999999999,114.85999999999999,93.66600000000001,110.02000000000001,130.04000000000002,93.3
0022301034,BOS,ATL,130.9,111.1,95.7,121.74000000000001,118.22,96.3
0022301023,BOS,CHI,129.8,109.08,97.0,118.42,117.3,98.506
0022301011,BOS,DET,130.52,111.74000000000001,95.6,100.98,111.4,100.3
0022300984,BOS,DET,130.76,110.97999999999999,95.0,106.97999999999999,108.3,102.3
0022300980,BOS,WAS,126.46,113.42,94.9,106.08,114.4,101.0
0022300955,BOS,PHX,121.66,112.66000000000001,94.6,114.96,113.55999999999999,97.648
0022300943,BOS,UTA,122.08,106.66,96.7,119.83999999999999,125.44000000000001,98.7
0022300938,BOS,POR,123.08,106.9,98.5,113.35999999999999,115.81999999999998,97.852
0022300872,BOS,GSW,134.14000000000001,107.5,95.0,108.67999999999999,103.02000000000001,101.2
0022300859,BOS,DAL,131.11999999999998,108.42,94.2,118.55999999999999,115.24000000000001,101.9
0022300836,BOS,PHI,131.42,111.3,92.9,108.5,115.63999999999999,96.5
0022300797,BOS,CHI,125.75999999999999,109.85999999999999,99.4,119.7,117.8,95.226
0022300780,BOS,BKN,122.2,109.6,101.0,109.8,117.1,97.0
0022300771,BOS,BKN,118.84,109.72,101.6,113.54,116.47999999999999,98.1
0022300759,BOS,MIA,120.72,111.47999999999999,103.2,112.94000000000001,103.92,98.4
0022300729,BOS,ATL,117.08,112.04,99.1,127.84,122.46,104.11200000000001
0022300670,BOS,IND,119.82000000000001,111.63999999999999,99.2,119.24000000000001,118.34,100.6
0022300659,BOS,NOP,118.75999999999999,112.25999999999999,97.0,117.05999999999999,118.6,101.8
0022300603,BOS,HOU,115.83999999999999,111.02000000000001,98.2,110.8,120.72,99.34400000000001
0022300563,BOS,TOR,121.16,117.38,100.73800000000001,124.2,129.6,101.1
0022300542,BOS,HOU,117.17999999999999,113.94000000000001,101.23800000000001,108.75999999999999,114.34,99.70599999999999
0022300517,BOS,MIN,122.52000000000001,108.12,103.5,114.35999999999999,110.05999999999999,96.9
0022300421,BOS,DET,131.94,114.75999999999999,97.47200000000001,112.74000000000001,125.0,102.2
0022300373,BOS,SAC,121.12,112.5,97.57199999999999,121.82000000000001,115.23999999999998,103.0
0022300362,BOS,GSW,121.84,111.16,98.7,117.62,118.72,99.1
0022300329,BOS,ORL,119.32000000000001,112.24000000000001,99.4,119.05999999999999,115.64000000000001,101.1
0022300217,BOS,CHA,117.14000000000001,107.32000000000001,94.6,116.22,127.93999999999998,98.8
0022300136,BOS,BKN,125.35999999999999,103.88,100.7,115.42,112.22,101.7
0022300080,BOS,MIA,114.78,106.88,97.8,113.12,112.3,98.3
0022300578,POR,BKN,100.52000000000001,124.78,97.78200000000001,107.75999999999999,111.24000000000001,97.958
0022300538,POR,MIN,95.38,124.34,101.382,115.36000000000001,111.38,96.43800000000002
0022300514,POR,NYK,106.04,119.67999999999999,102.88199999999999,121.53999999999999,110.0,98.9
0022300498,POR,BKN,101.8,119.54,103.6,106.62,117.17999999999999,97.8
0022300487,POR,DAL,109.7,117.58,101.1,111.85999999999999,113.67999999999999,101.6
0022300472,POR,DAL,112.67999999999999,118.8,100.0,112.96,117.38,101.1
0022300456,POR,PHX,118.66,121.05999999999999,99.7,120.81999999999998,119.54,98.3
0022300437,POR,SAS,114.02000000000001,117.04,99.3,108.78000000000002,119.72,104.4
0022300427,POR,SAS,116.98000000000002,117.76000000000002,98.5,105.35999999999999,125.96,106.0
0022300413,POR,SAC,113.25999999999999,119.42,100.0,122.2,120.2,98.9
0022301214,POR,GSW,100.86,117.1,97.1,119.04,112.46,98.0
0022300237,POR,UTA,103.22,119.2,97.462,109.4,122.54,101.0
0022301183,HOU,POR,115.9,124.18000000000002,99.27799999999999,103.24000000000001,108.12,96.2
0022301168,HOU,UTA,112.78,122.12,99.178,108.12,125.96,97.6
0022301150,HOU,ORL,111.24000000000001,126.22,98.778,117.64000000000001,108.55999999999999,96.3
0022301131,HOU,DAL,108.2,121.24000000000001,97.4,116.3,101.82,99.9
0022301120,HOU,MIA,110.54,119.94000000000001,97.878,115.32000000000001,104.5,98.0
0022301113,HOU,GSW,110.97999999999999,111.66,97.678,114.22,104.2,96.6
0022301098,HOU,MIN,118.3,111.67999999999999,98.578,113.88,105.42,94.4
0022301083,HOU,DAL,121.14000000000001,109.1,99.478,116.25999999999999,102.78,99.4
0022301072,HOU,UTA,127.5,111.08,100.27799999999999,106.8,121.14000000000001,101.1
0022301057,HOU,OKC,127.3,109.17999999999999,100.0,113.46,110.53999999999999,100.4
0022301038,HOU,POR,129.64000000000001,112.64000000000001,102.0,111.9,120.88,97.6
0022301024,HOU,UTA,122.4,110.55999999999999,100.6,107.34,118.44000000000001,99.2
0022301006,HOU,CHI,119.46,108.22,100.5,115.05999999999999,119.13999999999999,97.006
0022300992,HOU,WAS,117.16,107.02000000000001,100.2,104.25999999999999,120.74000000000001,101.0
0022300967,HOU,CLE,118.67999999999999,112.38,98.9,111.5,113.54,95.076
0022300957,HOU,WAS,116.25999999999999,110.54,97.4,109.28,112.98000000000002,99.5
0022300942,HOU,SAS,115.75999999999999,109.2,100.4,114.24000000000001,113.82000000000001,100.8
0022300929,HOU,SAC,114.0,109.75999999999999,100.9,118.04,119.4,98.166
0022300916,HOU,POR,107.34,109.44000000000001,102.0,113.44000000000001,110.62,96.762
0022300897,HOU,LAC,103.82000000000001,107.36000000000001,103.9,114.03999999999999,113.92,97.1
0022300891,HOU,SAS,103.6,108.52000000000001,104.3,113.62,113.92,102.9
0022300870,HOU,PHX,101.94,112.33999999999999,103.7,111.8,108.96,102.5
0022300854,HOU,PHX,104.34,115.38,102.9,115.16,112.8,102.7
0022300841,HOU,OKC,108.47999999999999,116.03999999999999,100.8,125.74000000000001,105.96,103.8
0022300822,HOU,OKC,108.84,115.4,101.1,122.8,112.34,104.3
0022300806,HOU,PHX,107.91999999999999,116.1,100.0,115.6,111.7,103.8
0022300798,HOU,NOP,113.71999999999998,118.56000000000002,98.9,114.75999999999999,111.05999999999999,97.2
0022300783,HOU,MEM,108.94000000000001,115.92,99.3,105.0,119.38,97.2
0022300765,HOU,NYK,111.83999999999999,113.52000000000001,102.0,115.16,120.24000000000001,96.4
0022300754,HOU,ATL,110.94000000000001,113.2,100.2,125.32000000000001,123.8,102.912
0022300744,HOU,TOR,114.5,112.97999999999999,102.5,113.08,125.36000000000001,97.544
0022300719,HOU,IND,108.5,106.7,103.5,115.85999999999999,115.38000000000002,100.5
0022300709,HOU,MIN,118.0,105.53999999999999,103.4,114.64000000000001,106.86000000000001,94.4
0022300692,HOU,TOR,117.72,111.63999999999999,101.128,109.48000000000002,118.9,100.1
0022300679,HOU,NOP,117.47999999999999,110.82000000000001,102.928,112.66,119.58,102.0
0022300662,HOU,LAL,116.22,111.88,100.872,121.66000000000001,121.24000000000001,102.22
0022300645,HOU,BKN,116.2,114.44000000000001,98.97200000000001,114.3,114.61999999999998,95.1
0022300635,HOU,CHA,112.84,119.6,97.97200000000001,114.3,119.85999999999999,97.9
0022300623,HOU,POR,108.55999999999999,120.6,100.54400000000001,114.47999999999999,120.0,98.0
0022300603,HOU,BOS,110.8,120.72,99.34400000000001,115.83999999999999,111.02000000000001,98.2
0022300598,HOU,UTA,108.71999999999998,120.16,99.70599999999999,129.9,119.46,103.6
0022300573,HOU,NYK,112.23999999999998,121.7,100.20599999999999,115.12,106.05999999999999,96.3
0022300555,HOU,PHI,110.67999999999999,117.52000000000001,101.006,108.25999999999999,112.16,100.386
0022300542,HOU,BOS,108.75999999999999,114.34,99.70599999999999,117.17999999999999,113.94000000000001,101.23800000000001
0022300409,HOU,IND,119.85999999999999,118.9,98.856,119.28,126.34,99.0
0022300392,HOU,NOP,118.8,116.58000000000001,99.356,125.96,111.36000000000001,100.6
0022300385,HOU,DAL,118.7,119.16000000000001,98.356,116.21999999999998,125.02000000000001,98.6
0022300371,HOU,ATL,111.46,108.16,98.85600000000001,124.28,123.85999999999999,100.2
0022300349,HOU,CLE,105.24000000000001,102.92,100.6,114.22,116.2,96.4
0022300346,HOU,MIL,108.22,106.52000000000001,99.1,123.44000000000001,112.97999999999999,103.748
0022300332,HOU,MEM,110.08000000000001,105.3,99.1,108.78,108.6,99.0
0022300314,HOU,MEM,112.0,110.84,97.3,108.58,110.14000000000001,97.9
0022300298,HOU,SAS,114.8,116.18000000000002,96.6,108.64000000000001,120.18000000000002,103.4
0022301224,HOU,DEN,116.38000000000002,109.34,99.8,118.82000000000001,111.9,97.1
0022301212,HOU,OKC,118.24000000000001,114.97999999999999,100.478,119.67999999999999,98.3,103.7
0022300291,HOU,LAL,118.54,117.32000000000001,95.0,109.3,117.62,101.9
0022300263,HOU,DEN,117.14000000000001,106.84,96.6,117.1,116.35999999999999,98.7
0022300059,HOU,DAL,103.73333333333333,99.60000000000001,98.66666666666667,121.16666666666667,127.83333333333333,100.66666666666667
0022300048,HOU,DEN,102.55,105.05,99.0,119.36666666666667,114.26666666666667,97.5
0022300231,HOU,MEM,120.5,109.11999999999998,95.7,111.1,106.38,97.3
0022300224,HOU,GSW,118.38,102.32000000000001,95.8,108.58,116.96,100.49600000000001
0022300216,HOU,LAL,122.25999999999999,104.24000000000001,96.6,104.38,117.14000000000001,101.1
0022300037,HOU,LAC,105.1,104.1,98.0,121.15,131.8,96.5
0022300182,HOU,DEN,119.72,104.44000000000001,96.7,114.58,108.5,98.4
0022300011,HOU,NOP,,,,,,
0022300163,HOU,LAL,115.83999999999999,108.16000000000001,97.006,109.8,113.44000000000001,99.492
0022300153,HOU,SAC,107.7,111.46,97.506,109.4,110.8,100.958
0022300137,HOU,SAC,109.12,117.72,97.806,114.08,111.7,103.05799999999999
0022300122,HOU,CHA,105.23999999999998,112.11999999999998,97.006,102.05999999999999,116.44000000000001,103.0
0022300096,HOU,GSW,105.01999999999998,111.0,98.106,109.74000000000001,108.46000000000001,103.5
0022300083,HOU,SAS,104.05999999999999,109.12,97.6,102.97999999999999,115.44000000000001,106.3
0022300066,HOU,ORL,107.44999999999999,106.2,98.125,113.65,107.85,98.25
0022301080,TOR,PHI,100.4,122.94000000000001,97.6,114.52000000000001,117.38,92.8
0022300550,IND,DEN,121.28,112.92,102.3,124.66,120.58,99.4
0022300533,IND,ATL,122.62,115.84,103.6,117.7,122.66000000000001,103.976
0022300520,IND,WAS,124.12,116.98000000000002,104.1,108.61999999999998,126.55999999999999,101.2
0022300507,IND,BOS,125.75999999999999,116.25999999999999,103.9,121.32000000000001,106.38000000000002,102.6
0022300480,IND,ATL,125.81999999999998,114.96,102.7,119.3,121.16,102.8
0022300466,IND,MIL,122.2,115.34,100.4,123.24000000000001,116.73999999999998,102.0
0022300377,IND,MEM,120.21999999999998,127.44000000000001,104.9,104.84,112.94000000000001,100.6
0022300365,IND,CHA,115.84,128.04000000000002,106.2,103.02000000000001,122.12,97.7
0022300350,IND,LAC,120.56000000000002,125.31999999999998,105.1,126.63999999999999,115.47999999999999,99.4
0022300338,IND,MIN,123.44000000000001,126.46,106.5,115.3,106.9,98.6
0022300328,IND,WAS,122.64000000000001,123.72,105.0,112.47999999999999,124.9,106.1
0022300315,IND,MIL,124.66,123.17999999999999,104.1,114.05999999999999,111.92,101.44800000000001
0022300293,IND,DET,121.42,123.0,104.8,104.25999999999999,116.12,102.0
0022301229,IND,MIL,128.12,116.64000000000001,102.1,116.04,113.78,96.5
0022301202,IND,BOS,128.9,116.64000000000001,102.1,118.55999999999999,111.67999999999999,98.5
0022300284,IND,MIA,117.24000000000001,124.08,105.2,120.96,111.7,96.5
0022300267,IND,MIA,117.52000000000001,121.6,104.2,120.4,112.02000000000001,93.7
0022300254,IND,POR,121.64000000000001,122.14000000000001,104.5,105.4,116.74000000000001,98.3
0022300047,IND,DET,128.26666666666668,122.59999999999998,106.66666666666667,108.89999999999999,116.26666666666667,99.66666666666667
0022300230,IND,TOR,125.6,118.2,104.5,114.82000000000001,114.82000000000001,101.6
0022300039,IND,ATL,120.4,113.55,105.75,119.2,122.55,101.0
0022300209,IND,ORL,129.18,120.24000000000001,102.5,110.44000000000001,105.92,99.6
0022300019,IND,PHI,118.6,112.6,102.5,116.3,108.2,98.0
0022300180,IND,PHI,123.42,121.82000000000001,103.9,117.66,102.9,102.4
0022300171,IND,MIL,118.84,119.24000000000001,104.2,115.17999999999999,119.04,103.1
0022300158,IND,UTA,119.08,119.8,102.7,109.2,115.74000000000001,101.7
0022300146,IND,SAS,116.16000000000001,120.88,103.5,108.85999999999999,115.88000000000002,100.558
0022300133,IND,CHA,118.58,118.18000000000002,103.6,106.17999999999999,116.3,102.8
0022300001,IND,CLE,,,,,,
0022300118,IND,BOS,127.94000000000001,117.33999999999999,103.9,115.58,106.82000000000001,99.4
0022300102,IND,CHI,132.0,118.5,105.1,105.25999999999999,120.94000000000001,96.144
0022300091,IND,CLE,130.2,118.2,105.9,112.53999999999999,106.0,100.652
0022300064,IND,WAS,130.55,120.475,104.75,114.3,122.875,100.5
0022301167,BOS,NYK,119.67999999999999,108.1,95.1,120.91999999999999,115.8,94.8
0022301074,BOS,NOP,128.57999999999998,119.66,94.26599999999999,113.67999999999999,109.02000000000001,96.9
0022301060,BOS,ATL,129.45999999999998,115.55999999999999,94.8,123.17999999999999,119.96,96.4
0022300998,BOS,MIL,131.44,108.7,94.7,121.35999999999999,123.92,97.6
0022300920,BOS,PHX,122.84,105.25999999999999,98.6,110.05999999999999,108.17999999999999,101.44800000000001
0022300906,BOS,DEN,128.21999999999997,106.6,95.6,115.2,106.58,97.148
0022300886,BOS,CLE,132.35999999999999,106.66,96.6,112.33999999999999,111.55999999999999,96.94800000000001
0022300816,BOS,NYK,127.75999999999999,110.17999999999999,98.3,113.53999999999999,120.75999999999999,93.9
0022300743,BOS,WAS,121.08,111.12,100.5,107.32000000000001,118.16000000000001,101.9
0022300611,BOS,DAL,117.33999999999999,103.84,99.5,115.96,120.46,98.6
0022300586,BOS,DEN,117.0,110.38,99.83800000000001,123.4,118.8,98.5
0022300462,BOS,OKC,128.71999999999997,111.6,99.352,123.92,110.58,100.4
0022300403,BOS,LAL,132.08,113.96,97.572,112.92,120.12,101.1
0022300319,BOS,CLE,117.05999999999999,112.55999999999999,99.662,106.96,110.02000000000001,96.5
0022300305,BOS,CLE,114.02000000000001,110.54,99.06200000000001,105.16,108.12,98.4
0022300228,BOS,MIL,118.8,109.16000000000001,93.662,122.3,116.8,100.6
0022300213,BOS,MEM,115.08,106.58,95.90599999999999,110.0,109.54,100.0
0022300031,BOS,TOR,126.0,109.2,97.0,,,
0022300188,BOS,NYK,117.8,102.74000000000001,101.40599999999999,117.6,102.72,96.2
0022300159,BOS,PHI,121.46000000000001,105.78,102.20599999999999,121.14000000000001,106.16,100.5
0022300154,BOS,MIN,124.32000000000001,106.67999999999999,101.4,110.91999999999999,101.3,98.5
0022300065,BOS,NYK,115.35,106.8,98.125,113.375,102.825,97.0
0022301043,LAC,IND,115.55999999999999,118.96,94.5,119.58,111.54,102.4
0022300917,LAC,CHI,116.97999999999999,112.42,97.2,117.1,115.64000000000001,96.748
0022300618,LAC,LAL,127.78000000000002,120.72,95.9,120.25999999999999,115.02000000000001,101.7
0022300438,LAC,MEM,121.92,125.4,99.2,113.74000000000001,116.8,99.578
0022300414,LAC,CHA,127.33999999999999,128.54000000000002,99.7,100.85999999999999,123.64000000000001,98.3
0022300325,LAC,GSW,123.91999999999999,116.44000000000001,98.7,118.47999999999999,118.75999999999999,98.7
0022300309,LAC,SAC,122.04,120.08,97.8,113.6,121.63999999999999,101.1
0022300304,LAC,POR,117.83999999999999,113.04,96.9,109.16,106.24000000000001,99.118
0022301225,LAC,UTA,106.54,107.32000000000001,101.3,110.13999999999999,123.9,98.5
0022301215,LAC,DEN,107.66,109.66,102.0,124.6,109.97999999999999,98.8
0022300280,LAC,GSW,116.62,110.66000000000001,97.3,117.75999999999999,122.3,97.99600000000001
0022300273,LAC,GSW,116.91999999999999,105.4,98.4,114.5,121.02000000000001,99.196
0022300264,LAC,SAC,111.0,103.88,97.9,118.32000000000001,117.7,100.3
0022300244,LAC,DAL,105.73999999999998,105.42,98.6,119.18000000000002,118.53999999999999,101.8
0022300014,LAC,DAL,,,,115.2,128.9,98.0
0022300151,LAC,NYK,117.52000000000001,105.85999999999999,101.23400000000001,103.64000000000001,102.25999999999999,99.4
0022300127,LAC,LAL,115.8,105.2,101.5,110.43999999999998,106.35999999999999,101.158
0022300114,LAC,ORL,114.52000000000001,105.58,100.6,113.56000000000002,99.9,98.5
0022300304,POR,LAC,109.16,106.24000000000001,99.118,117.83999999999999,113.04,96.9
0022300441,NYK,IND,116.32000000000001,117.86000000000001,101.6,121.17999999999999,115.38,98.7
0022300028,NYK,WAS,104.0,110.0,100.5,113.8,119.5,102.0
0022300193,NYK,ATL,118.17999999999999,109.66,94.2,115.64000000000001,113.05999999999999,103.9
0022300188,NYK,BOS,117.6,102.72,96.2,117.8,102.74000000000001,101.40599999999999
0022300002,NYK,MIL,,,,,,
0022300120,NYK,CLE,109.06000000000002,101.84,99.2,109.67999999999999,111.55999999999999,100.5
0022300996,MIA,CLE,104.28,105.98000000000002,95.4,112.6,114.64000000000001,96.1
0022300337,MIA,CHI,124.96,124.16,99.2,118.72,117.3,97.548
0022300320,MIA,CHI,121.72,122.44000000000001,98.6,117.12,119.52000000000001,96.248
0022300312,MIA,CHA,125.7,121.64000000000001,97.8,120.74000000000001,125.42,98.1
0022300292,MIA,CHA,126.42,119.38000000000002,97.4,119.36000000000001,122.13999999999999,98.862
0022300240,MIA,BKN,123.8,111.26000000000002,94.5,111.03999999999999,114.3,98.712
0022300229,MIA,CLE,119.08000000000001,112.42,96.1,118.92,115.78,99.1
0022300107,MIA,MIL,107.05999999999999,112.82000000000001,98.5,120.17999999999999,115.55999999999999,103.1
0022300732,DET,SAC,115.64000000000001,121.03999999999999,98.5,112.92,114.46,101.7
0022300704,DET,ORL,117.4,119.31999999999998,99.3,114.44000000000001,109.63999999999999,98.6
0022300688,DET,LAC,114.34,115.58,100.0,120.8,110.08000000000001,99.4
0022300675,DET,CLE,114.67999999999999,115.33999999999999,102.1,118.44000000000001,106.44000000000001,99.4
0022300654,DET,OKC,113.34,118.44000000000001,102.8,117.33999999999999,105.08,101.0
0022300642,DET,WAS,119.25999999999999,119.41999999999999,101.9,107.05999999999999,115.16,103.7
0022300619,DET,CHA,118.66,120.4,102.0,110.97999999999999,118.47999999999999,97.4
0022300606,DET,MIL,118.54,123.47999999999999,101.0,124.05999999999999,121.42,101.658
0022300592,DET,MIL,115.11999999999998,123.03999999999999,99.8,121.38,123.58,99.658
0022300569,DET,MIN,114.97999999999999,125.46,99.2,115.52000000000001,108.58,96.03800000000001
0022300558,DET,WAS,110.46,124.16,99.6,109.47999999999999,114.61999999999998,101.3
0022300519,DET,SAS,114.36000000000001,128.4,101.378,110.75999999999999,121.1,101.6
0022300512,DET,SAC,117.8,127.61999999999998,101.478,115.6,116.35999999999999,99.466
0022300502,DET,DEN,116.92,124.58,101.53,121.04,114.56000000000002,98.7
0022300490,DET,GSW,117.08000000000001,124.9,102.03,119.35999999999999,124.52000000000001,98.2
0022300474,DET,UTA,113.88,122.6,101.652,119.74000000000001,109.44000000000001,100.7
0022300440,DET,TOR,113.4,120.62,100.952,117.84,117.47999999999999,99.1
0022300421,DET,BOS,112.74000000000001,125.0,102.2,131.94,114.75999999999999,97.47200000000001
0022300406,DET,BKN,108.47999999999999,125.94000000000001,102.5,116.58,122.94000000000001,98.6
0022300327,DET,PHI,108.42,120.7,102.5,126.64000000000001,108.34,102.3
0022300310,DET,PHI,106.67999999999999,119.21999999999998,103.4,127.52000000000001,112.13999999999999,101.2
0022300293,DET,IND,104.25999999999999,116.12,102.0,121.42,123.0,104.8
0022301206,DET,MEM,103.52000000000001,116.12,98.8,102.47999999999999,115.5,99.8
0022300253,DET,WAS,109.33999999999999,120.38,100.9,112.28,124.18000000000002,102.4
0022301220,MIA,CLE,112.85999999999999,107.64000000000001,95.672,118.22,113.8,99.7
0022301207,MIA,TOR,114.22,111.0,95.172,111.04,120.75999999999999,101.0
0022300284,MIA,IND,120.96,111.7,96.5,117.24000000000001,124.08,105.2
0022300741,POR,DET,118.38,117.97999999999999,94.1,121.84,121.42,98.3
0022300554,POR,PHX,95.5,123.53999999999999,100.382,119.46000000000001,121.1,98.6
0022300529,POR,OKC,97.7,118.4,101.28200000000001,125.97999999999999,124.86000000000001,102.0
0022301226,POR,DAL,100.66,114.52000000000001,97.0,112.84,106.35999999999999,100.2
0022300966,ATL,UTA,113.46000000000001,108.8,94.2,121.04,128.76,97.6
0022301190,CHI,NYK,117.14000000000001,116.74000000000001,98.5,122.83999999999999,116.16000000000001,94.6
0022301172,CHI,WAS,113.64000000000001,116.08,96.7,111.92,116.75999999999999,103.9
0022301166,CHI,DET,110.9,115.92,96.0,105.12,116.5,98.2
0022301149,CHI,NYK,109.25999999999999,115.58,95.8,117.08,114.72,95.1
0022301091,CHI,ATL,118.08,117.66,94.9,124.66,114.9,95.566
0022301054,CHI,IND,116.88,115.54,97.9,124.16,116.16,101.0
0022301037,CHI,WAS,119.75999999999999,121.62,96.4,107.88,121.05999999999999,99.8
0022300986,CHI,POR,113.86000000000001,120.9,96.506,108.97999999999999,117.5,95.59
0022300971,CHI,WAS,113.0,124.96,97.006,109.62,113.8,100.0
0022300956,CHI,LAC,114.17999999999999,121.38,97.806,117.04,119.66,95.5
0022300935,CHI,DAL,116.02000000000001,118.62,96.2,119.25999999999999,124.47999999999999,100.8
0022300917,CHI,LAC,117.1,115.64000000000001,96.748,116.97999999999999,112.42,97.2
0022300907,CHI,GSW,112.82000000000001,114.28,95.048,110.3,107.22,102.2
0022300898,CHI,UTA,110.12,111.35999999999999,96.048,112.85999999999999,114.61999999999998,103.0
0022300883,CHI,SAC,107.96000000000001,113.72,97.548,117.68000000000002,119.05999999999999,96.666
0022300864,CHI,MIL,109.2,112.67999999999999,97.748,119.5,103.4,96.7
0022300846,CHI,CLE,112.3,116.08000000000001,99.3,113.92,113.6,96.6
0022300839,CHI,DET,115.28000000000002,117.74000000000001,97.50800000000001,107.62,116.9,102.0
0022300823,CHI,NOP,117.76000000000002,119.94000000000001,96.208,110.96,103.97999999999999,97.5
0022300797,CHI,BOS,119.7,117.8,95.226,125.75999999999999,109.85999999999999,99.4
0022300781,CHI,CLE,119.52000000000001,118.25999999999999,97.326,125.21999999999998,108.64000000000001,97.3
0022300763,CHI,ATL,118.5,117.17999999999999,95.326,123.25999999999999,121.55999999999999,103.61200000000001
0022300737,CHI,MEM,114.2,113.8,98.118,101.6,118.1,98.9
0022300723,CHI,MIN,115.5,117.51999999999998,99.7,115.34,104.23999999999998,96.4
0022300700,CHI,SAC,117.33999999999999,118.54,97.6,118.62,115.7,100.3
0022300674,CHI,CHA,118.22,114.78,98.3,112.02000000000001,126.78,98.3
0022300672,CHI,TOR,120.28000000000002,114.1,97.8,108.8,120.96000000000001,99.6
0022300656,CHI,POR,116.75999999999999,115.7,98.7,112.3,117.88,100.628
0022300633,CHI,LAL,115.52000000000001,111.75999999999999,98.0,119.44000000000001,115.47999999999999,100.7
0022300612,CHI,PHX,119.0,116.12,98.4,122.5,112.02000000000001,100.2
0022300597,CHI,MEM,115.82000000000001,118.16000000000001,98.80600000000001,112.46000000000001,115.08000000000001,98.0
0022300580,CHI,TOR,115.24000000000001,117.44000000000001,97.872,117.17999999999999,121.2,99.5
0022300561,CHI,CLE,119.21999999999998,114.97999999999999,96.672,121.94000000000001,107.58,98.9
0022300548,CHI,SAS,115.88,115.7,95.872,118.97999999999999,110.42,100.6
0022300506,CHI,CHA,105.88,109.52000000000001,96.5,107.52000000000001,120.02000000000001,97.7
0022300484,CHI,CHA,107.35999999999999,113.02000000000001,97.6,108.97999999999999,120.47999999999999,98.9
0022300468,CHI,NYK,106.52000000000001,112.55999999999999,97.1,118.62,121.75999999999999,100.6
0022300459,CHI,PHI,110.93999999999998,110.2,96.3,116.7,113.23999999999998,97.6
0022300442,CHI,PHI,112.2,111.17999999999999,98.5,121.84,113.01999999999998,99.3
0022300422,CHI,IND,114.14000000000001,108.6,97.7,121.6,123.62,99.5
0022300408,CHI,ATL,115.8,111.47999999999999,96.2,123.04,125.32000000000001,99.9
0022300396,CHI,CLE,120.88,111.22,97.3,122.6,123.32000000000001,95.656
0022300376,CHI,SAS,120.17999999999999,116.54,96.3,105.6,114.64000000000001,105.9
0022300370,CHI,LAL,119.97999999999999,119.96,95.352,113.58,115.25999999999999,102.0
0022300351,CHI,PHI,122.8,122.88,95.55199999999999,126.56000000000002,98.3,103.6
0022300337,CHI,MIA,118.72,117.3,97.548,124.96,124.16,99.2
0022300320,CHI,MIA,117.12,119.52000000000001,96.248,121.72,122.44000000000001,98.6
0022300307,CHI,DEN,116.04,119.67999999999999,96.44800000000001,125.24000000000001,119.0,98.3
0022300300,CHI,MIL,113.9,120.94000000000001,95.196,117.24000000000001,113.08,102.396
0022301223,CHI,SAS,119.97999999999999,115.82000000000001,98.428,104.25999999999999,103.3,102.4
0022301211,CHI,CHA,118.42,119.2,97.628,112.72,123.08,98.5
0022300285,CHI,NOP,110.04,117.22,94.596,116.22,111.62,98.8
0022300269,CHI,MIL,107.8,116.46,94.0,122.74000000000001,115.3,101.9
0022300053,CHI,BOS,109.56666666666666,118.16666666666667,94.5,110.73333333333333,109.06666666666666,98.66666666666667
0022300250,CHI,BKN,106.34,114.88000000000002,95.2,114.0,115.52000000000001,98.312
0022300046,CHI,TOR,106.3,112.2,95.25,105.5,117.5,100.0
0022300234,CHI,OKC,109.66,112.24000000000001,95.7,124.97999999999999,106.83999999999999,99.096
0022300220,CHI,MIA,109.02000000000001,107.85999999999999,97.04400000000001,115.02000000000001,111.28,97.6
0022300204,CHI,MIA,113.32000000000001,109.82000000000001,98.244,115.97999999999999,111.2,98.7
0022300033,CHI,ORL,112.6,116.0,94.5,109.5,130.5,95.0
0022300196,CHI,ORL,114.75999999999999,115.32000000000001,98.244,112.34,107.86000000000001,101.4
0022300190,CHI,MIL,114.61999999999998,115.24000000000001,97.644,114.1,120.47999999999999,101.7
0022300181,CHI,DET,111.55999999999999,113.58000000000001,98.844,108.43999999999998,117.12,101.7
0022300162,CHI,PHX,112.4,117.67999999999999,97.7,116.64000000000001,113.97999999999999,99.7
0022300152,CHI,UTA,105.47999999999999,113.75999999999999,97.54400000000001,107.17999999999999,114.7,101.9
0022300139,CHI,DEN,105.88,113.46,97.84400000000001,113.4,105.33999999999999,98.2
0022300004,CHI,BKN,,,,,,
0022300124,CHI,DAL,103.78,115.3,98.144,118.58,116.04,102.6
0022300102,CHI,IND,105.25999999999999,120.94000000000001,96.144,132.0,118.5,105.1
0022300088,CHI,DET,103.31999999999998,117.24000000000001,96.744,108.52000000000001,114.0,100.6
0022300082,CHI,TOR,106.75999999999999,121.54,95.9,108.22,111.84,98.7
0022300070,CHI,OKC,107.175,120.925,95.0,112.6,106.525,102.75
0022301119,CHI,NYK,113.58,113.64000000000001,96.3,124.9,115.92,94.69
0022301084,CHI,MIN,117.58,121.3,96.5,115.47999999999999,105.7,95.1
0022301066,CHI,BKN,117.51999999999998,116.75999999999999,97.0,107.5,111.9,92.718
0022301023,CHI,BOS,118.42,117.3,98.506,129.8,109.08,97.0
0022301006,CHI,HOU,115.05999999999999,119.13999999999999,97.006,119.46,108.22,100.5
0022300948,CHI,IND,114.96000000000001,121.58,96.2,116.22,111.17999999999999,100.5
0022300752,CHI,ORL,117.14000000000001,116.78,98.118,111.62,108.6,98.5
0022300536,CHI,GSW,107.7,108.67999999999999,96.872,118.8,128.26000000000002,98.2
0022300523,CHI,HOU,108.17999999999999,107.24000000000001,95.166,113.22,111.72,100.6
0022301195,LAL,NOP,116.7,116.17999999999999,103.0,116.82000000000001,111.1,99.0
0022301155,LAL,GSW,115.96000000000001,107.22,104.0,119.88,109.11999999999998,98.5
0022301143,LAL,MIN,111.42,104.36000000000001,103.3,111.38,101.16,98.1
0022301127,LAL,CLE,113.88,108.34,104.5,116.62,123.94000000000001,96.2
0022301103,LAL,WAS,111.55999999999999,106.32000000000001,103.242,104.35999999999999,108.28000000000002,100.618
0022301094,LAL,TOR,114.92,111.78,103.94200000000001,106.98000000000002,125.66,97.4
0022301078,LAL,BKN,112.58,110.38,103.34200000000001,114.1,111.52000000000001,93.518
0022301063,LAL,IND,121.34,109.58,103.542,122.85999999999999,118.46,101.7
0022301055,LAL,MEM,120.88,113.34,101.342,107.05999999999999,118.92,99.444
0022300788,LAL,UTA,120.9,113.7,100.4,117.67999999999999,121.28,100.8
0022300776,LAL,DET,120.14000000000001,113.97999999999999,99.1,117.62,118.84,98.80999999999999
0022300605,LAL,POR,115.55999999999999,118.38000000000002,101.6,105.0,122.92,97.5
0022300331,LAL,SAS,115.25999999999999,112.6,103.8,106.55999999999999,114.84,105.2
0022300271,LAL,OKC,109.75999999999999,113.26000000000002,100.6,127.28,110.54,97.49600000000001
0022300163,LAL,HOU,109.8,113.44000000000001,99.492,115.83999999999999,108.16000000000001,97.006
0022300134,LAL,ORL,109.1,110.03999999999999,100.19200000000001,107.33999999999999,103.32000000000001,100.4
0022301180,SAS,DEN,100.78,106.32000000000001,102.094,117.9,105.42,98.4
0022300641,SAS,POR,116.2,127.28,100.8,116.66,118.46,97.728
0022300608,SAS,PHI,110.44000000000001,117.35999999999999,102.4,121.88,111.24000000000001,95.4
0022301045,LAL,MIL,121.9,118.34,100.3,125.88,115.92,96.2
0022301032,LAL,IND,118.38000000000002,112.9,98.8,116.21999999999998,107.8,100.70599999999999
0022301018,LAL,PHI,123.34,118.74000000000001,98.5,105.38,112.08,93.7
0022300990,LAL,ATL,119.25999999999999,122.74000000000001,99.3,113.28,111.7,94.7
0022300973,LAL,GSW,117.5,116.6,100.1,113.42,109.7,100.6
0022300954,LAL,SAC,119.92,117.7,99.6,120.26000000000002,113.03999999999999,100.4
0022300932,LAL,MIN,119.83999999999999,120.14000000000001,99.49600000000001,110.75999999999999,112.5,94.142
0022300915,LAL,MIL,117.92,118.35999999999999,99.596,114.22,105.8,96.6
0022300901,LAL,SAC,117.88,118.2,98.49600000000001,116.22,119.46,94.866
0022300884,LAL,OKC,118.1,120.31999999999998,99.296,118.64000000000001,107.1,103.8
0022300856,LAL,WAS,119.02000000000001,119.9,100.7,106.66000000000001,121.92,105.5
0022300848,LAL,LAC,119.38,117.97999999999999,102.1,111.12,121.24000000000001,97.9
0022300818,LAL,PHX,124.08,117.3,102.5,111.66,111.5,103.9
0022300813,LAL,SAS,122.74000000000001,118.14000000000001,100.9,108.93999999999998,117.35999999999999,101.3
0022300802,LAL,GSW,123.92,114.8,102.2,121.0,108.96,103.3
0022300740,LAL,DEN,114.52000000000001,116.4,103.3,117.8,112.5,94.3
0022300713,LAL,CHA,114.4,116.82000000000001,102.92,108.32000000000001,124.22,97.5
0022300701,LAL,NYK,117.48000000000002,119.88,104.92,126.2,105.3,93.4
0022300684,LAL,BOS,117.42,123.8,105.32000000000001,123.78,116.32000000000001,98.0
0022300669,LAL,ATL,121.32000000000001,120.02000000000001,103.92,113.42,125.4,102.7
0022300662,LAL,HOU,121.66000000000001,121.24000000000001,102.22,116.22,111.88,100.872
0022300650,LAL,GSW,123.96,120.12,101.5,122.92,118.85999999999999,100.7
0022300633,LAL,CHI,119.44000000000001,115.47999999999999,100.7,115.52000000000001,111.75999999999999,98.0
0022300618,LAL,LAC,120.25999999999999,115.02000000000001,101.7,127.78000000000002,120.72,95.9
0022300591,LAL,BKN,118.52000000000001,117.34,102.5,110.44000000000001,112.22,95.958
0022300577,LAL,DAL,115.24000000000001,116.38,101.9,119.84,121.7,96.8
0022300565,LAL,OKC,114.32000000000001,120.28,102.6,125.16,108.96,100.7
0022300549,LAL,UTA,109.16000000000001,117.16,101.9,120.66,112.28,102.7
0022300531,LAL,PHX,109.16,117.82000000000001,101.8,115.9,116.94000000000001,98.6
0022300516,LAL,TOR,105.02000000000001,114.67999999999999,100.8,123.58000000000001,119.9,102.2
0022300505,LAL,LAC,108.25999999999999,115.41999999999999,102.2,122.67999999999999,109.64000000000001,96.9
0022300491,LAL,MEM,109.78,116.23999999999998,101.3,102.96,118.61999999999998,100.7
0022300475,LAL,MIA,116.94000000000001,119.16,100.6,114.28,113.72,99.5
0022300446,LAL,NOP,117.12,116.5,100.9,116.2,110.82000000000001,96.27799999999999
0022300428,LAL,CHA,113.38,119.78,100.8,100.26,124.05999999999999,98.2
0022300370,LAL,CHI,113.58,115.25999999999999,102.0,119.97999999999999,119.96,95.352
0022300316,LAL,SAS,112.66,119.42,101.1,104.72,114.04,103.7
0022300306,LAL,DAL,109.46,114.74000000000001,103.1,108.12,113.62,97.3
0022301230,LAL,NOP,116.78,117.16,101.0,117.86000000000001,115.46,100.0
0022301203,LAL,PHX,118.12,115.34,101.6,112.94000000000001,110.17999999999999,98.2
0022300291,LAL,HOU,109.3,117.62,101.9,118.54,117.32000000000001,95.0
0022300258,LAL,DET,104.83999999999999,116.02000000000001,101.2,106.67999999999999,119.2,103.0
0022300255,LAL,PHI,108.24000000000001,109.34,102.1,122.24000000000001,119.44000000000001,96.6
0022300242,LAL,CLE,104.38,113.7,100.6,115.84,118.6,97.3
0022300238,LAL,DAL,105.17999999999999,113.62,101.2,119.16,122.14000000000001,103.6
0022300042,LAL,UTA,123.86666666666666,109.46666666666665,97.66666666666667,123.86666666666667,117.56666666666666,99.66666666666667
0022300036,LAL,POR,130.65,114.7,98.25,102.75,109.25,99.18
0022300198,LAL,SAC,108.05999999999999,116.92,99.13399999999999,110.12,116.9,95.762
0022300026,LAL,MEM,123.2,120.2,99.0,112.8,116.6,98.93
0022300187,LAL,POR,106.5,115.94000000000001,98.734,103.34,108.14000000000001,99.662
0022300150,LAL,MIA,107.41999999999999,109.72,100.59200000000001,104.75999999999999,110.67999999999999,100.3
0022300127,LAL,LAC,110.43999999999998,106.35999999999999,101.158,115.8,105.2,101.5
0022300061,LAL,DEN,124.39999999999999,105.9,99.25,111.7,112.225,97.625
0022301151,MEM,SAS,105.94000000000001,110.06000000000002,97.0,111.46,113.47999999999999,98.884
0022301129,MEM,PHI,109.92,112.28,98.4,119.36000000000001,116.32000000000001,95.9
0022301107,MEM,MIL,103.92,116.34,101.0,111.78,106.14000000000001,100.24199999999999
0022301075,MEM,ORL,107.62,120.74000000000001,100.944,111.4,106.7,95.1
0022301041,UTA,DAL,106.58,123.67999999999999,99.0,112.46,107.24000000000001,99.7
0022300943,UTA,BOS,119.83999999999999,125.44000000000001,98.7,122.08,106.66,96.7
0022300922,UTA,DEN,113.7,119.85999999999999,100.2,114.16000000000001,108.02000000000001,97.148
0022300898,UTA,CHI,112.85999999999999,114.61999999999998,103.0,110.12,111.35999999999999,96.048
0022300882,UTA,WAS,110.74000000000001,115.91999999999999,101.6,107.75999999999999,123.36000000000001,103.99600000000001
0022300850,UTA,ORL,107.47999999999999,118.12,104.4,118.67999999999999,109.75999999999999,92.6
0022300835,UTA,ATL,111.52000000000001,120.02000000000001,103.7,114.12,115.4,101.2
0022300825,UTA,SAS,113.3,124.08,101.4,109.44000000000001,115.1,102.3
0022300801,UTA,CHA,116.05999999999999,122.67999999999999,101.6,111.68000000000002,112.06000000000002,98.3
0022300576,UTA,GSW,130.48,112.16,101.8,118.67999999999999,131.66,99.0
0022300788,UTA,LAL,117.67999999999999,121.28,100.8,120.9,113.7,100.4
0022300769,UTA,GSW,119.7,122.92,98.0,117.96,107.66,102.112
0022300739,UTA,PHX,119.28,125.88,98.3,124.34,112.67999999999999,101.3
0022300724,UTA,OKC,121.02000000000001,126.16,98.7,115.23999999999998,112.44000000000001,95.544
0022301132,LAC,CLE,115.28,108.74000000000001,96.9,111.94000000000001,121.75999999999999,97.7
0022301114,LAC,DEN,117.32000000000001,120.0,93.8,116.14000000000001,108.38,96.8
0022301079,LAC,CHA,118.43999999999998,122.17999999999999,94.0,104.7,125.9,93.3
0022301064,LAC,ORL,120.85999999999999,122.78,94.7,113.64000000000001,104.8,95.9
0022301052,LAC,PHI,117.85999999999999,123.67999999999999,94.5,107.6,110.17999999999999,95.2
0022300964,LAC,NOP,123.1,120.72,94.2,117.76000000000002,104.47999999999999,98.6
0022300897,LAC,HOU,114.03999999999999,113.92,97.1,103.82000000000001,107.36000000000001,103.9
0022300880,LAC,MIL,113.44000000000001,111.1,96.5,121.5,101.44,95.5
0022300873,LAC,MIN,115.08,117.5,98.4,109.08000000000001,105.35999999999999,98.76599999999999
0022300848,LAC,LAL,111.12,121.24000000000001,97.9,119.38,117.97999999999999,102.1
0022300807,LAC,MEM,110.22,119.28,100.5,110.17999999999999,112.46,97.8
0022300749,LAC,DET,124.5,118.4,99.3,121.47999999999999,123.21999999999998,97.91
0022300716,LAC,ATL,119.4,110.92,98.0,126.6,121.44000000000001,104.81200000000001
0022300708,LAC,MIA,122.85999999999999,112.1,99.2,114.17999999999999,123.24000000000001,96.4
0022300600,LAC,BKN,131.18,121.02000000000001,95.2,111.64000000000001,111.62,95.958
0022300568,LAC,OKC,124.25999999999999,117.97999999999999,96.2,123.38,107.02000000000001,100.4
0022300553,LAC,MIN,125.3,114.75999999999999,96.4,116.0,105.0,97.638
0022300526,LAC,TOR,125.46000000000001,112.58,96.0,123.88,120.24000000000001,102.5
0022300505,LAC,LAL,122.67999999999999,109.64000000000001,96.9,108.25999999999999,115.41999999999999,102.2
0022300473,LAC,PHX,115.97999999999999,119.55999999999999,99.1,121.17999999999999,112.47999999999999,98.8
0022300372,LAC,DAL,133.07999999999998,117.96,100.0,116.6,122.58,99.6
0022300235,LAC,SAS,107.08,109.47999999999999,97.934,107.24000000000001,127.04,100.3
0022300223,LAC,SAS,105.0,109.1,98.834,108.51999999999998,125.25999999999999,99.952
0022301072,UTA,HOU,106.8,121.14000000000001,101.1,127.5,111.08,100.27799999999999
0022301058,UTA,SAS,108.66000000000001,123.6,98.2,103.88,108.97999999999999,101.03399999999999
0022301024,UTA,HOU,107.34,118.44000000000001,99.2,122.4,110.55999999999999,100.6
0022301000,UTA,OKC,114.66,128.5,96.8,117.74000000000001,110.34,99.1
0022300987,UTA,MIN,116.17999999999999,129.04,97.5,113.34,110.12,97.276
0022300966,UTA,ATL,121.04,128.76,97.6,113.46000000000001,108.8,94.2
0022300867,UTA,MIA,109.16000000000001,117.25999999999999,102.8,111.5,105.38,96.6
0022300753,PHI,WAS,115.32000000000001,126.86000000000001,99.7,107.17999999999999,119.96,103.8
0022300673,PHI,GSW,113.76000000000002,118.24000000000001,98.9,124.42,118.72,101.52
0022301136,CHI,ORL,114.17999999999999,112.41999999999999,96.2,114.5,109.2,96.1
0022301088,DET,MEM,99.6,115.14000000000001,97.8,104.67999999999999,122.14000000000001,101.3
0022301065,DET,WAS,100.4,121.83999999999999,98.2,111.96,113.62,98.71799999999999
0022301056,DET,MIN,100.4,123.33999999999999,99.0,117.14000000000001,107.9,96.3
0022301011,DET,BOS,100.98,111.4,100.3,130.52,111.74000000000001,95.6
0022300997,DET,IND,104.22,107.28,99.4,114.55999999999999,108.0,99.606
0022300977,DET,MIA,108.64000000000001,108.35999999999999,103.8,107.44000000000001,110.14000000000001,95.4
0022300962,DET,MIA,112.42,111.16000000000001,103.2,110.24000000000001,113.92,94.8
0022300946,DET,TOR,110.46000000000001,115.47999999999999,100.7,108.88,120.8,100.59
0022300933,DET,CHA,107.62,117.9,100.8,109.5,114.96,95.1
0022300919,DET,DAL,107.17999999999999,112.08,97.8,118.85999999999999,125.3,100.2
0022300902,DET,BKN,107.4,113.66,96.5,113.8,111.63999999999999,93.5
0022300888,DET,MIA,107.67999999999999,112.9,96.1,114.78,108.98000000000002,96.6
0022300874,DET,ORL,110.8,114.42,97.6,114.96,108.3,94.9
0022300857,DET,CLE,108.78,113.1,99.9,112.02000000000001,114.28,96.94800000000001
0022300839,DET,CHI,107.62,116.9,102.0,115.28000000000002,117.74000000000001,97.50800000000001
0022300828,DET,NYK,104.84,115.1,103.5,115.38,122.96,91.5
0022300814,DET,ORL,105.78000000000002,114.04,104.00999999999999,124.28,117.02000000000001,93.10799999999999
0022300793,DET,IND,110.68000000000002,112.97999999999999,103.10999999999999,118.34,120.2,100.8
0022300787,DET,PHX,113.55999999999999,115.44000000000001,99.91,119.67999999999999,109.64000000000001,104.3
0022300776,DET,LAL,117.62,118.84,98.80999999999999,120.14000000000001,113.97999999999999,99.1
0022300749,DET,LAC,121.47999999999999,123.21999999999998,97.91,124.5,118.4,99.3
0022300741,DET,POR,121.84,121.42,98.3,118.38,117.97999999999999,94.1
0022300680,DAL,MIN,121.18000000000002,127.24000000000001,101.0,115.44000000000001,112.94000000000001,96.4
0022300666,DAL,ORL,114.52000000000001,121.78,101.4,113.43999999999998,115.36000000000001,93.9
0022300651,DAL,SAC,113.08,122.92,101.7,122.85999999999999,121.8,101.25800000000001
0022300577,DAL,LAL,119.84,121.7,96.8,115.24000000000001,116.38,101.9
0022300556,DAL,NOP,119.82000000000001,116.6,98.8,124.44000000000001,113.92,96.4
0022300547,DAL,NOP,120.58000000000001,109.6,101.2,123.94000000000001,113.24000000000001,96.6
0022300530,DAL,NYK,112.46,109.2,101.9,119.92,100.22,97.7
0022300515,DAL,MEM,117.58,109.36000000000001,102.3,109.12,110.97999999999999,101.9
0022300501,DAL,MIN,115.13999999999999,109.97999999999999,103.5,113.97999999999999,110.04,98.3
0022300487,DAL,POR,111.85999999999999,113.67999999999999,101.6,109.7,117.58,101.1
0022300472,DAL,POR,112.96,117.38,101.1,112.67999999999999,118.8,100.0
0022300423,DAL,MIN,115.21999999999998,114.46,102.7,112.72,114.9,99.4
0022300420,DAL,CLE,114.22,118.94000000000001,102.2,124.0,119.62,94.956
0022300405,DAL,PHX,114.08,119.66,102.7,112.04,120.44000000000001,98.9
0022300385,DAL,HOU,116.21999999999998,125.02000000000001,98.6,118.7,119.16000000000001,98.356
0022300356,DAL,DEN,118.46,119.96,100.9,120.16000000000001,114.08000000000001,100.1
0022300341,DAL,POR,113.25999999999999,119.38,99.1,115.1,116.54,97.318
0022300306,DAL,LAL,108.12,113.62,97.3,109.46,114.74000000000001,103.1
0022300299,DAL,MEM,106.93999999999998,117.67999999999999,96.9,104.34,109.02000000000001,97.5
0022301226,DAL,POR,112.84,106.35999999999999,100.2,100.66,114.52000000000001,97.0
0022301213,DAL,UTA,110.84,111.78,99.77799999999999,114.4,120.22,96.9
0022300287,DAL,OKC,107.9,118.6,97.0,127.25999999999999,109.47999999999999,98.49600000000001
0022300277,DAL,MEM,113.14000000000001,118.6,98.7,106.44000000000001,110.23999999999998,96.3
0022300059,DAL,HOU,121.16666666666667,127.83333333333333,100.66666666666667,103.73333333333333,99.60000000000001,98.66666666666667
0022300244,DAL,LAC,119.18000000000002,118.53999999999999,101.8,105.73999999999998,105.42,98.6
0022300238,DAL,LAL,119.16,122.14000000000001,103.6,105.17999999999999,113.62,101.2
0022300205,DAL,MIL,120.02000000000001,113.17999999999999,103.8,116.08000000000001,114.74000000000001,100.9
0022300192,DAL,WAS,118.78000000000002,112.78,102.1,109.94000000000001,114.04,105.8
0022300022,DAL,NOP,130.35,128.75,98.25,104.1,105.1,98.0
0022300183,DAL,NOP,118.1,111.17999999999999,101.0,110.58,119.74000000000001,100.7
0022300014,DAL,LAC,115.2,128.9,98.0,,,
0022300006,DAL,DEN,,,,,,
0022300124,DAL,CHI,118.58,116.04,102.6,103.78,115.3,98.144
0022300106,DAL,MEM,123.17999999999999,120.4,101.8,101.96,115.56000000000002,100.0
0022300084,DAL,BKN,121.46,122.66,101.1,116.74000000000001,113.46,97.1
0022300073,DAL,SAS,122.375,125.525,99.625,100.925,114.85,106.125
0022301182,GSW,NOP,120.3,110.08,98.1,117.44000000000001,114.16000000000001,97.6
0022301169,GSW,POR,122.2,112.67999999999999,99.6,104.47999999999999,108.28000000000002,97.0
0022301155,GSW,LAL,119.88,109.11999999999998,98.5,115.96000000000001,107.22,104.0
0022301097,GSW,DAL,115.42,105.6,96.3,120.04,104.05999999999999,98.2
0022301113,GSW,HOU,114.22,104.2,96.6,110.97999999999999,111.66,97.678
0022300589,GSW,DAL,121.78000000000002,131.14000000000001,100.0,117.17999999999999,124.1,98.1
0022301085,GSW,SAS,112.72,106.2,97.6,107.5,110.44000000000001,101.19000000000001
0022301062,GSW,CHA,117.04,110.42,97.6,105.14000000000001,124.88,93.1
0022301049,GSW,ORL,119.14000000000001,115.0,98.1,116.47999999999999,104.56000000000002,96.8
0022301044,GSW,MIA,121.78,120.42,98.6,110.7,107.64000000000001,92.6
0022301031,GSW,MIN,120.41999999999999,120.08,97.9,119.94000000000001,107.85999999999999,94.6
0022301016,GSW,IND,121.88,117.05999999999999,96.8,116.05999999999999,108.2,100.40599999999999
0022301001,GSW,MEM,115.72,117.6,97.9,104.6,113.35999999999999,98.244
0022300988,GSW,NYK,115.6,117.08,99.5,106.5,91.28,90.6
0022300973,GSW,LAL,113.42,109.7,100.6,117.5,116.6,100.1
0022300907,GSW,CHI,110.3,107.22,102.2,112.82000000000001,114.28,95.048
0022300899,GSW,MIL,106.33999999999999,113.68000000000002,101.7,121.46,101.24000000000001,95.6
0022300872,GSW,BOS,108.67999999999999,103.02000000000001,101.2,134.14000000000001,107.5,95.0
0022300860,GSW,TOR,111.42,104.6,100.4,120.74000000000001,115.74000000000001,103.4
0022300852,GSW,NYK,113.24000000000001,109.64000000000001,101.4,114.54,123.22,90.6
0022300834,GSW,WAS,114.62,108.47999999999999,101.4,104.2,119.08,106.4
0022300824,GSW,DEN,115.34,105.54,102.7,109.9,113.28,101.1
0022300811,GSW,CHA,121.94000000000001,110.54,102.8,110.3,108.54,98.8
0022300802,GSW,LAL,121.0,108.96,103.3,123.92,114.8,102.2
0022300576,GSW,UTA,118.67999999999999,131.66,99.0,130.48,112.16,101.8
0022300789,GSW,LAC,119.44000000000001,103.72,102.1,114.62,117.66000000000001,99.1
0022300769,GSW,UTA,117.96,107.66,102.112,119.7,122.92,98.0
0022300757,GSW,PHX,120.4,106.52000000000001,101.212,125.06000000000002,113.14000000000001,102.6
0022300733,GSW,IND,118.47999999999999,106.78,100.712,118.35999999999999,118.25999999999999,101.2
0022300727,GSW,PHI,116.5,109.42,101.13199999999999,114.42,127.61999999999998,98.1
0022300717,GSW,BKN,121.44000000000001,116.75999999999999,101.132,119.5,114.02000000000001,100.4
0022300699,GSW,ATL,124.88,114.84,100.22,124.67999999999999,124.88,103.9
0022300693,GSW,MEM,121.52000000000001,114.44000000000001,100.32000000000001,106.67999999999999,108.76000000000002,97.2
0022300673,GSW,PHI,124.42,118.72,101.52,113.76000000000002,118.24000000000001,98.9
0022300650,GSW,LAL,122.92,118.85999999999999,100.7,123.96,120.12,101.5
0022300632,GSW,SAC,119.34,117.84,100.9,114.9,117.72,100.958
0022300626,GSW,ATL,121.38000000000002,122.46,100.3,104.38,108.6,101.2
0022300560,GSW,MEM,120.32000000000001,130.48,98.7,115.75999999999999,112.96000000000001,100.3
0022300536,GSW,CHI,118.8,128.26000000000002,98.2,107.7,108.67999999999999,96.872
0022300525,GSW,NOP,122.2,125.92,98.4,122.7,107.34,95.3
0022300504,GSW,TOR,119.38,122.55999999999999,98.0,120.8,120.3,102.1
0022300490,GSW,DET,119.35999999999999,124.52000000000001,98.2,117.08000000000001,124.9,102.03
0022300478,GSW,DEN,118.35999999999999,118.5,98.9,114.66,106.55999999999999,98.8
0022300463,GSW,ORL,118.72,118.17999999999999,99.8,111.94000000000001,112.12,100.1
0022300444,GSW,DAL,118.75999999999999,115.6,99.172,113.38,112.55999999999999,104.0
0022300426,GSW,MIA,121.82000000000001,115.85999999999999,99.172,120.4,115.44000000000001,97.0
0022300402,GSW,DEN,124.08,116.1,98.97200000000001,120.76000000000002,112.16000000000001,96.4
0022300399,GSW,POR,122.16,119.94000000000001,98.372,115.62,119.64000000000001,99.3
0022300386,GSW,WAS,119.88,119.67999999999999,98.47200000000001,117.48000000000002,120.88,105.1
0022300362,GSW,BOS,117.62,118.72,99.1,121.84,111.16,98.7
0022300348,GSW,POR,118.56000000000002,119.22,98.7,116.46,120.58,97.21799999999999
0022300339,GSW,BKN,116.28,119.82000000000001,98.9,121.38,120.94000000000001,98.3
0022300325,GSW,LAC,118.47999999999999,118.75999999999999,98.7,123.91999999999999,116.44000000000001,98.7
0022300308,GSW,PHX,117.91999999999999,119.3,98.196,117.6,116.67999999999999,97.4
0022301222,GSW,OKC,116.67999999999999,110.74000000000001,98.7,115.1,96.2,104.1
0022301214,GSW,POR,119.04,112.46,98.0,100.86,117.1,97.1
0022300280,GSW,LAC,117.75999999999999,122.3,97.99600000000001,116.62,110.66000000000001,97.3
0022300273,GSW,LAC,114.5,121.02000000000001,99.196,116.91999999999999,105.4,98.4
0022300060,GSW,SAC,115.46666666666665,113.7,103.83333333333333,116.5,107.0,102.33333333333333
0022300051,GSW,SAS,118.05,118.2,102.25,99.66666666666667,116.36666666666667,105.83333333333333
0022300236,GSW,PHX,112.67999999999999,119.12,99.99600000000001,119.52000000000001,114.47999999999999,96.144
0022300224,GSW,HOU,108.58,116.96,100.49600000000001,118.38,102.32000000000001,95.8
0022300207,GSW,OKC,111.35999999999999,116.02000000000001,99.7,117.5,108.74000000000001,102.0
0022300186,GSW,MIN,108.78000000000002,110.84,99.5,114.88,103.17999999999999,99.306
0022300176,GSW,CLE,113.55999999999999,108.54,98.7,107.22,111.55999999999999,99.4
0022300169,GSW,DEN,114.24000000000001,106.5,98.2,119.25999999999999,106.43999999999998,98.2
0022300145,GSW,DET,112.96,105.73999999999998,99.7,111.02000000000001,115.74000000000001,100.2
0022300142,GSW,CLE,112.96,104.34,99.7,104.4,109.72,99.2
0022300005,GSW,OKC,,,,,,
0022300126,GSW,SAC,115.12,107.33999999999999,101.3,118.02000000000001,112.63999999999999,103.758
0022300108,GSW,NOP,111.43999999999998,107.88,102.6,111.73999999999998,101.17999999999999,102.0
0022300096,GSW,HOU,109.74000000000001,108.46000000000001,103.5,105.01999999999998,111.0,98.106
0022300087,GSW,SAC,112.88,113.22,103.7,118.28,109.12,103.5
0022300062,GSW,PHX,115.6,114.8,104.25,126.02499999999999,116.8,95.25
0022301123,NOP,SAS,110.83999999999999,117.8,95.7,111.22,110.75999999999999,100.29
0022301109,NOP,ORL,111.35999999999999,113.78,96.3,108.88,104.8,95.5
0022301092,NOP,PHX,112.67999999999999,107.17999999999999,95.3,118.28,114.64000000000001,96.0
0022301074,NOP,BOS,113.67999999999999,109.02000000000001,96.9,128.57999999999998,119.66,94.26599999999999
0022300659,NOP,BOS,117.05999999999999,118.6,101.8,118.75999999999999,112.25999999999999,97.0
0022300556,NOP,DAL,124.44000000000001,113.92,96.4,119.82000000000001,116.6,98.8
0022300525,NOP,GSW,122.7,107.34,95.3,122.2,125.92,98.4
0022300500,NOP,SAC,118.81999999999998,108.16,95.2,117.94000000000001,110.66,100.366
0022300278,NOP,SAS,117.82000000000001,109.02000000000001,98.8,109.7,120.46,102.9
0022300203,NOP,MIN,112.38000000000002,124.54,101.5,117.6,110.25999999999999,98.40599999999999
0022300034,NOP,DEN,115.05,103.94999999999999,101.75,123.5,114.45,96.25
0022300022,NOP,DAL,104.1,105.1,98.0,130.35,128.75,98.25
0022300183,NOP,DAL,110.58,119.74000000000001,100.7,118.1,111.17999999999999,101.0
0022300011,NOP,HOU,,,,,,
0022300166,NOP,MIN,111.17999999999999,122.02000000000001,100.2,112.83999999999999,101.74,98.40599999999999
0022300156,NOP,DEN,107.2,112.62,100.2,113.44000000000001,103.66,98.7
0022300135,NOP,ATL,106.88,106.72,101.8,117.62,112.25999999999999,104.5
0022300129,NOP,DET,105.32000000000001,104.52000000000001,101.8,108.17999999999999,106.75999999999999,101.0
0022300121,NOP,OKC,106.93999999999998,106.35999999999999,101.0,109.4,110.9,100.8
0022300108,NOP,GSW,111.73999999999998,101.17999999999999,102.0,111.43999999999998,107.88,102.6
0022300090,NOP,NYK,113.55999999999999,104.8,101.5,115.12,104.97999999999999,98.2
0022300071,NOP,MEM,115.0,106.0,101.0,107.625,122.4,97.09
0022301177,LAL,MEM,116.97999999999999,113.55999999999999,103.7,102.82000000000001,107.44000000000001,97.0
0022300869,LAL,DEN,115.61999999999998,119.82000000000001,100.49600000000001,119.05999999999999,103.55999999999999,100.2
0022300747,LAL,NOP,115.0,115.38,100.6,121.08,109.8,97.6
0022300443,LAL,MIN,117.1,118.75999999999999,101.5,112.97999999999999,114.64000000000001,100.1
0022300403,LAL,BOS,112.92,120.12,101.1,132.08,113.96,97.572
0022300397,LAL,OKC,109.3,117.28,103.3,120.84,110.82000000000001,103.9
0022300380,LAL,MIN,113.58,120.32000000000001,102.2,115.9,112.94000000000001,100.0
0022300359,LAL,NYK,113.16,118.48000000000002,102.5,126.5,123.97999999999999,99.7
0022300216,LAL,HOU,104.38,117.14000000000001,101.1,122.25999999999999,104.24000000000001,96.6
0022300015,LAL,PHX,,,,,,
0022300111,LAL,ORL,111.08,105.35999999999999,100.658,114.44000000000001,98.47999999999999,97.9
0022300100,LAL,SAC,116.42,103.84,99.6,119.0,112.78,104.5
0022300076,LAL,PHX,121.82000000000001,109.78,98.5,122.2,113.84,96.5
0022300179,LAC,MEM,108.05999999999999,103.17999999999999,100.23400000000001,105.78,112.7,102.3
0022301108,TOR,MIN,108.32000000000001,126.4,97.6,114.28,107.5,95.5
0022301179,OKC,MIL,111.58,112.78,102.6,113.8,113.92,95.1
0022301000,OKC,UTA,117.74000000000001,110.34,99.1,114.66,128.5,96.8
0022300772,OKC,ORL,120.64000000000001,119.52000000000001,98.94399999999999,114.0,112.35999999999999,95.40799999999999
0022300760,OKC,SAC,116.88,117.54,98.344,119.55999999999999,118.54,103.7
0022300748,OKC,DAL,117.9,112.75999999999999,95.744,114.4,115.24000000000001,98.4
0022300724,OKC,UTA,115.23999999999998,112.44000000000001,95.544,121.02000000000001,126.16,98.7
0022300710,OKC,TOR,111.14000000000001,105.46,97.8,109.88000000000002,119.67999999999999,100.9
0022300695,OKC,CHA,113.61999999999998,107.24000000000001,97.8,109.58,126.42,97.3
0022300682,OKC,DEN,113.73999999999998,108.2,98.7,111.33999999999999,114.42,95.9
0022300568,OKC,LAC,123.38,107.02000000000001,100.4,124.25999999999999,117.97999999999999,96.2
0022300565,OKC,LAL,125.16,108.96,100.7,114.32000000000001,120.28,102.6
0022300546,OKC,ORL,128.1,115.12,102.4,108.5,112.02000000000001,97.256
0022300529,OKC,POR,125.97999999999999,124.86000000000001,102.0,97.7,118.4,101.28200000000001
0022300397,OKC,LAL,120.84,110.82000000000001,103.9,109.3,117.28,103.3
0022300379,OKC,LAC,118.5,111.35999999999999,104.4,131.11999999999998,115.4,99.5
0022300355,OKC,MEM,122.2,114.02000000000001,104.1,106.47999999999999,110.25999999999999,99.6
0022300340,OKC,DEN,123.47999999999999,116.3,103.9,121.32000000000001,112.88,99.7
0022300324,OKC,SAC,125.6,114.08,101.1,114.42,118.93999999999998,101.6
0022300302,OKC,UTA,128.3,110.6,99.0,105.16,108.25999999999999,96.31800000000001
0022300058,OKC,MIN,115.8,106.7,103.66666666666667,108.43333333333334,110.23333333333333,101.66666666666667
0022300239,OKC,PHI,125.04,105.24000000000001,97.196,117.1,114.08,97.6
0022300185,OKC,PHX,112.2,114.78,102.8,112.96000000000001,114.28,99.34400000000001
0022300016,OKC,SAC,132.4,133.0,105.5,,,
0022300167,OKC,CLE,108.16000000000001,111.7,103.0,104.14000000000001,107.52000000000001,99.6
0022300155,OKC,ATL,109.18000000000002,110.85999999999999,101.6,122.35999999999999,111.84,102.8
0022300005,OKC,GSW,,,,,,
0022300121,OKC,NOP,109.4,110.9,100.8,106.93999999999998,106.35999999999999,101.0
0022300109,OKC,DET,108.76000000000002,105.58,101.3,110.6,111.7,98.5
0022300095,OKC,DEN,108.98000000000002,99.64,102.0,109.62,109.24000000000001,98.2
0022300081,OKC,CLE,114.88,106.24000000000001,102.1,115.05999999999999,109.14000000000001,100.152
0022300070,OKC,CHI,112.6,106.525,102.75,107.175,120.925,95.0
0022301161,DAL,MIA,119.92,105.58,101.27799999999999,113.78,109.12,95.572
0022301144,DAL,CHA,116.67999999999999,106.9,99.978,115.47999999999999,121.0,95.0
0022301131,DAL,HOU,116.3,101.82,99.9,108.2,121.24000000000001,97.4
0022301124,DAL,ATL,119.05999999999999,105.44000000000001,98.4,117.5,112.8,98.266
0022300589,DAL,GSW,117.17999999999999,124.1,98.1,121.78000000000002,131.14000000000001,100.0
0022301083,DAL,HOU,116.25999999999999,102.78,99.4,121.14000000000001,109.1,99.478
0022301073,DAL,SAC,116.02000000000001,102.74000000000001,99.7,111.64000000000001,110.16,96.6
0022301047,DAL,SAC,113.94000000000001,108.7,99.5,114.84,104.63999999999999,96.04400000000001
0022301041,DAL,UTA,112.46,107.24000000000001,99.7,106.58,123.67999999999999,99.0
0022301008,DAL,UTA,117.04,107.62,98.3,111.4,123.32000000000001,97.2
0022300994,DAL,SAS,121.12,109.38,99.6,110.9,111.92,98.234
0022300978,DAL,DEN,122.35999999999999,110.24000000000001,99.6,123.84,111.46000000000001,96.9
0022300952,DAL,GSW,124.0,116.46,99.7,110.25999999999999,114.92,101.5
0022300935,DAL,CHI,119.25999999999999,124.47999999999999,100.8,116.02000000000001,118.62,96.2
0022300919,DAL,DET,118.85999999999999,125.3,100.2,107.17999999999999,112.08,97.8
0022300904,DAL,MIA,119.38,127.5,100.6,117.76000000000002,112.34,96.3
0022300892,DAL,IND,116.32000000000001,125.72,101.6,114.85999999999999,117.96,101.9
0022300871,DAL,PHI,118.25999999999999,124.78000000000002,101.2,109.14000000000001,117.81999999999998,95.1
0022300859,DAL,BOS,118.55999999999999,115.24000000000001,101.9,131.11999999999998,108.42,94.2
0022300844,DAL,TOR,113.5,110.96000000000001,102.4,115.72,112.7,103.7
0022300832,DAL,CLE,116.75999999999999,106.96,104.1,114.17999999999999,114.94000000000001,96.3
0022300819,DAL,IND,121.24000000000001,104.35999999999999,102.1,116.25999999999999,116.1,102.0
0022300796,DAL,PHX,119.42,102.22,102.9,114.42,107.08,104.9
0022300785,DAL,SAS,121.7,105.2,101.5,107.12,115.62,101.1
0022300768,DAL,WAS,123.41999999999999,110.7,100.7,106.9,117.16,105.0
0022300748,DAL,OKC,114.4,115.24000000000001,98.4,117.9,112.75999999999999,95.744
0022300736,DAL,NYK,115.44000000000001,118.55999999999999,99.1,121.28,111.92,93.9
0022300720,DAL,BKN,114.64000000000001,121.16,99.1,119.06000000000002,115.64000000000001,101.5
0022300715,DAL,PHI,117.98000000000002,126.84,101.1,115.96,126.66,97.5
0022300702,DAL,MIL,117.7,128.92000000000002,99.9,115.25999999999999,113.0,102.2
0022300634,DAL,ATL,110.67999999999999,120.2,100.2,106.78,117.14000000000001,99.4
0022300625,DAL,PHX,112.35999999999999,119.2,98.7,121.58,113.97999999999999,99.1
0022300611,DAL,BOS,115.96,120.46,98.6,117.33999999999999,103.84,99.5
0022300457,DAL,UTA,121.9,114.35999999999999,102.4,118.42,113.94000000000001,100.4
0022300444,DAL,GSW,113.38,112.55999999999999,104.0,118.75999999999999,115.6,99.172
0022300398,DAL,SAS,107.66,121.58,101.0,108.72,119.47999999999999,105.3
0022300372,DAL,LAC,116.6,122.58,99.6,133.07999999999998,117.96,100.0
0022300321,DAL,MIN,112.4,118.83999999999999,97.4,114.84,107.32000000000001,97.8
0022300212,DAL,SAC,119.97999999999999,115.85999999999999,103.9,112.44000000000001,116.04,98.062
0022300168,DAL,TOR,120.98000000000002,110.28,100.3,113.02000000000001,113.0,95.652
0022300147,DAL,ORL,120.9,111.91999999999999,101.9,107.92,105.84,100.8
0022300143,DAL,CHA,122.02000000000001,112.94000000000001,100.5,112.54,117.4,103.4
0022301153,OKC,SAC,111.85999999999999,121.92,98.5,115.83999999999999,105.67999999999999,95.1
0022301135,OKC,CHA,113.32000000000001,119.06000000000002,98.4,111.35999999999999,120.02000000000001,94.8
0022301116,OKC,IND,114.08,117.72,98.27799999999999,119.9,113.85999999999999,97.8
0022301093,OKC,PHI,114.85999999999999,114.85999999999999,98.578,123.28000000000002,121.72,92.4
0022301082,OKC,NYK,114.98000000000002,111.55999999999999,100.078,124.58,111.33999999999999,94.28999999999999
0022301057,OKC,HOU,113.46,110.53999999999999,100.4,127.3,109.17999999999999,100.0
0022301046,OKC,NOP,114.62,111.72,100.6,118.28,106.66,95.0
0022301012,OKC,TOR,119.24000000000001,110.24000000000001,100.2,101.54,116.58,100.7
0022300972,OKC,MEM,118.51999999999998,111.02000000000001,100.0,105.97999999999999,112.05999999999999,95.9
0022300959,OKC,DAL,114.35999999999999,110.66,99.8,122.55999999999999,112.4,99.6
0022300941,OKC,IND,115.94000000000001,108.96,99.5,112.96,115.14000000000001,100.1
0022300914,OKC,MIA,113.92,113.4,101.5,115.55999999999999,113.42,96.0
0022300900,OKC,POR,113.17999999999999,111.25999999999999,101.5,106.64000000000001,105.17999999999999,95.462
0022300841,OKC,HOU,125.74000000000001,105.96,103.8,108.47999999999999,116.03999999999999,100.8
0022300822,OKC,HOU,122.8,112.34,104.3,108.84,115.4,101.1
0022300799,OKC,LAC,120.6,120.88,99.044,118.17999999999999,121.7,100.8
0022300664,OKC,MIN,113.04,105.24000000000001,99.5,112.47999999999999,112.24000000000001,97.2
0022300654,OKC,DET,117.33999999999999,105.08,101.0,113.34,118.44000000000001,102.8
0022300640,OKC,NOP,120.61999999999998,115.84,99.9,127.88,119.86000000000001,98.8
0022300622,OKC,SAS,114.43999999999998,116.34,99.2,111.84,120.1,102.2
0022300617,OKC,POR,115.54,114.96,98.6,111.68000000000002,121.67999999999999,97.5
0022300599,OKC,MIN,121.8,110.25999999999999,99.5,118.85999999999999,110.64000000000001,96.638
0022300522,OKC,MIA,124.94000000000001,122.08000000000001,102.3,109.5,113.42,98.8
0022300508,OKC,WAS,122.34,115.58000000000001,101.8,106.91999999999999,122.52000000000001,99.4
0022300481,OKC,BKN,125.1,114.78000000000002,101.8,105.97999999999999,122.91999999999999,97.9
0022300467,OKC,ATL,124.84,109.62,100.5,115.32000000000001,119.75999999999999,101.5
0022300462,OKC,BOS,123.92,110.58,100.4,128.71999999999997,111.6,99.352
0022300447,OKC,BKN,126.16,112.14000000000001,100.2,120.02000000000001,122.55999999999999,98.1
0022300435,OKC,DEN,124.24000000000001,111.84,101.4,121.92,110.46,97.6
0022300419,OKC,NYK,122.78,111.47999999999999,101.0,118.08,119.66,101.3
0022300411,OKC,MIN,119.8,113.97999999999999,102.6,117.17999999999999,111.16,99.2
0022301222,OKC,GSW,115.1,96.2,104.1,116.67999999999999,110.74000000000001,98.7
0022301212,OKC,HOU,119.67999999999999,98.3,103.7,118.24000000000001,114.97999999999999,100.478
0022300287,OKC,DAL,127.25999999999999,109.47999999999999,98.49600000000001,107.9,118.6,97.0
0022300271,OKC,LAL,127.28,110.54,97.49600000000001,109.75999999999999,113.26000000000002,100.6
0022300234,OKC,CHI,124.97999999999999,106.83999999999999,99.096,109.66,112.24000000000001,95.7
0022300215,OKC,POR,120.54,109.54,101.396,105.02000000000001,110.04,99.562
0022300207,OKC,GSW,117.5,108.74000000000001,102.0,111.35999999999999,116.02000000000001,99.7
0022300201,OKC,GSW,115.74000000000001,108.46,102.8,109.74000000000001,113.2,100.1
0022300021,OKC,SAS,115.7,119.0,102.5,104.8,111.4,105.0
0022301126,UTA,LAC,109.3,119.64000000000001,98.4,113.3,111.7,94.9
0022301100,UTA,CLE,110.5,123.24000000000001,98.4,113.38,122.22,93.7
0022301086,UTA,SAC,106.9,118.38,100.0,108.72,114.75999999999999,95.7
0022301008,UTA,DAL,111.4,123.32000000000001,97.2,117.04,107.62,98.3
0022300974,UTA,MIN,120.34,126.93999999999998,98.6,114.85999999999999,114.58,95.976
0022301166,DET,CHI,105.12,116.5,98.2,110.9,115.92,96.0
0022301145,DET,PHI,103.92,109.71999999999998,98.3,117.05999999999999,107.23999999999998,98.994
0022301121,DET,MEM,103.06000000000002,112.23999999999998,98.1,108.67999999999999,119.58000000000001,98.7
0022301104,DET,ATL,101.74,112.47999999999999,96.9,119.5,115.96,96.46600000000001
0022300984,DET,BOS,106.97999999999999,108.3,102.3,130.76,110.97999999999999,95.0
0022300453,HOU,DET,116.14000000000001,116.42,100.7,114.12,120.04,101.05199999999999
0022300434,HOU,PHI,115.88,116.47999999999999,101.0,116.47999999999999,109.84,98.9
0022300418,HOU,PHX,118.52000000000001,117.16,99.556,110.82000000000001,120.84,100.4
0022300382,PHI,TOR,123.48000000000002,101.0,100.3,119.67999999999999,120.8,98.7
0022300029,PHI,ATL,115.4,115.2,103.5,121.2,116.5,103.5
0022300194,PHI,BOS,120.6,109.08,101.8,114.72,106.35999999999999,97.306
0022300019,PHI,IND,116.3,108.2,98.0,118.6,112.6,102.5
0022300092,PHI,TOR,116.42,114.38,101.652,105.9,108.88,98.744
0022300075,PHI,MIL,117.39999999999999,114.875,100.94,122.675,111.8,102.125
0022301035,DET,NYK,102.28,120.43999999999998,97.8,112.14000000000001,107.42,93.8
0022301027,DET,NOP,101.04,118.97999999999999,97.9,118.35999999999999,108.16000000000001,94.4
0022300706,MEM,BOS,105.66,113.52000000000001,97.4,121.2,117.35999999999999,97.8
0022301181,DAL,DET,118.8,103.74000000000001,99.978,103.8,119.02000000000001,98.9
0022301097,DAL,GSW,120.04,104.05999999999999,98.2,115.42,105.6,96.3
0022300959,DAL,OKC,122.55999999999999,112.4,99.6,114.35999999999999,110.66,99.8
0022301197,DET,SAS,103.25999999999999,113.56000000000002,98.2,104.17999999999999,108.55999999999999,101.89399999999999
0022301181,DET,DAL,103.8,119.02000000000001,98.9,118.8,103.74000000000001,99.978
0022301128,DET,BKN,102.02000000000001,109.47999999999999,97.5,115.52000000000001,117.32000000000001,98.11800000000001
0022300067,CLE,BKN,115.025,108.175,100.315,117.675,113.025,96.5
0022301198,UTA,GSW,111.0,120.82000000000001,97.6,121.3,111.25999999999999,97.9
0022301184,UTA,LAC,111.16,124.14000000000001,98.1,111.16,105.34,101.8
0022301168,UTA,HOU,108.12,125.96,97.6,112.78,122.12,99.178
0022301154,UTA,DEN,109.4,123.64000000000001,97.6,116.0,106.33999999999999,99.7
0022301142,UTA,GSW,107.22,121.11999999999998,99.8,116.78000000000002,106.42,97.9
0022300257,LAC,DEN,108.75999999999999,101.44,97.8,116.16,117.9,97.9
0022300052,LAC,NOP,116.10000000000001,121.2,97.66666666666667,114.66666666666667,106.33333333333333,101.16666666666667
0022300037,LAC,HOU,121.15,131.8,96.5,105.1,104.1,98.0
0022300024,LAC,DEN,128.6,145.5,98.5,128.9,115.2,98.0
0022300160,LAC,BKN,112.67999999999999,106.55999999999999,100.73400000000001,116.66,118.47999999999999,102.5
0022300581,OKC,UTA,121.88,109.44000000000001,98.6,129.88000000000002,116.14000000000001,102.7
0022301193,MEM,DEN,102.96,109.6,98.7,120.14000000000001,108.82000000000001,98.2
0022301177,MEM,LAL,102.82000000000001,107.44000000000001,97.0,116.97999999999999,113.55999999999999,103.7
0022301121,MEM,DET,108.67999999999999,119.58000000000001,98.7,103.06000000000002,112.23999999999998,98.1
0022300950,MEM,CHA,109.28,112.25999999999999,94.4,103.1,110.5,97.3
0022301142,GSW,UTA,116.78000000000002,106.42,97.9,107.22,121.11999999999998,99.8
0022300936,GSW,SAS,110.72,114.72,102.4,120.5,115.26000000000002,100.6
0022300921,GSW,SAS,110.55999999999999,109.96,101.9,116.12,115.02000000000001,100.9
0022300025,GSW,MIN,133.0,132.4,105.5,111.4,104.8,105.0
0022301199,HOU,LAC,117.58000000000001,119.16,98.978,113.24000000000001,107.78,101.3
0022300534,HOU,DET,108.75999999999999,112.32000000000001,99.806,114.44000000000001,129.04000000000002,100.178
0022300523,HOU,CHI,113.22,111.72,100.6,108.17999999999999,107.24000000000001,95.166
0022300509,HOU,MIA,115.83999999999999,114.26000000000002,100.6,108.52000000000001,111.38000000000002,98.6
0022300496,HOU,MIL,116.03999999999999,118.42,100.6,122.16000000000001,119.17999999999999,103.5
0022300485,HOU,MIN,119.97999999999999,118.62,100.8,111.25999999999999,116.58,98.2
0022300469,HOU,BKN,119.44000000000001,120.54,99.9,108.92,122.25999999999999,98.4
0022301196,DAL,OKC,115.42,104.56000000000002,99.478,115.93999999999998,106.62,103.1
0022301188,IND,ATL,122.92,118.85999999999999,99.9,103.66,113.51999999999998,100.172
0022301174,IND,CLE,125.44000000000001,115.32000000000001,99.9,111.67999999999999,114.63999999999999,99.3
0022301146,IND,TOR,120.05999999999999,109.62,99.2,108.44000000000001,120.82000000000001,104.2
0022301133,IND,MIA,116.3,111.17999999999999,99.4,119.34,101.22,99.3
0022301116,IND,OKC,119.9,113.85999999999999,97.8,114.08,117.72,98.27799999999999
0022301106,IND,BKN,123.14000000000001,117.66,100.4,112.9,113.3,97.11800000000001
0022301089,IND,BKN,120.73999999999998,116.84,101.0,111.8,110.3,94.81800000000001
0022301063,IND,LAL,122.85999999999999,118.46,101.7,121.34,109.58,103.542
0022301054,IND,CHI,124.16,116.16,101.0,116.88,115.54,97.9
0022301043,IND,LAC,119.58,111.54,102.4,115.55999999999999,118.96,94.5
0022301032,IND,LAL,116.21999999999998,107.8,100.70599999999999,118.38000000000002,112.9,98.8
0022301016,IND,GSW,116.05999999999999,108.2,100.40599999999999,121.88,117.05999999999999,96.8
0022300997,IND,DET,114.55999999999999,108.0,99.606,104.22,107.28,99.4
0022300983,IND,CLE,115.05999999999999,107.12,100.90599999999999,111.28,113.12,95.976
0022300968,IND,BKN,118.46,111.32000000000001,100.70599999999999,115.2,115.55999999999999,95.3
0022300948,IND,CHI,116.22,111.17999999999999,100.5,114.96000000000001,121.58,96.2
0022300941,IND,OKC,112.96,115.14000000000001,100.1,115.94000000000001,108.96,99.5
0022300928,IND,ORL,114.9,118.12,100.5,110.54,106.2,93.6
0022300903,IND,MIN,116.64000000000001,121.02000000000001,100.9,111.9,108.9,96.166
0022300892,IND,DAL,114.85999999999999,117.96,101.9,116.32000000000001,125.72,101.6
0022300877,IND,SAS,118.44000000000001,116.02000000000001,103.1,114.14000000000001,117.82000000000001,103.3
0022300863,IND,NOP,122.4,114.52000000000001,103.8,112.78,108.8,99.0
0022300843,IND,NOP,118.43999999999998,114.14000000000001,103.6,115.78000000000002,108.9,99.5
0022300829,IND,TOR,119.8,110.84,103.1,110.44000000000001,114.4,102.0
0022300819,IND,DAL,116.25999999999999,116.1,102.0,121.24000000000001,104.35999999999999,102.1
0022300793,IND,DET,118.34,120.2,100.8,110.68000000000002,112.97999999999999,103.10999999999999
0022300782,IND,TOR,117.62,116.6,99.4,106.6,122.0,98.6
0022300761,IND,CHA,119.4,118.58,101.4,107.04,117.66,99.8
0022300755,IND,NYK,115.1,118.4,101.4,119.17999999999999,117.12,94.8
0022300733,IND,GSW,118.35999999999999,118.25999999999999,101.2,118.47999999999999,106.78,100.712
0022300719,IND,HOU,115.85999999999999,115.38000000000002,100.5,108.5,106.7,103.5
0022300707,IND,CHA,117.96,120.14000000000001,101.8,108.52000000000001,128.3,98.1
0022300691,IND,SAC,120.6,118.75999999999999,101.3,118.11999999999998,114.3,98.9
0022300685,IND,NYK,122.08,121.0,100.5,127.4,106.47999999999999,92.1
0022300670,IND,BOS,119.24000000000001,118.34,100.6,119.82000000000001,111.63999999999999,99.2
0022300590,IND,POR,114.73999999999998,115.94000000000001,100.6,99.08,123.92,96.3
0022300493,IND,BOS,130.0,113.7,103.6,121.66,108.75999999999999,102.05199999999999
0022300454,IND,MIL,119.54,117.28,99.3,124.2,115.41999999999999,101.9
0022300441,IND,NYK,121.17999999999999,115.38,98.7,116.32000000000001,117.86000000000001,101.6
0022300422,IND,CHI,121.6,123.62,99.5,114.14000000000001,108.6,97.7
0022300409,IND,HOU,119.28,126.34,99.0,119.85999999999999,118.9,98.856
0022300391,IND,ORL,118.31999999999998,125.9,102.4,109.28,116.5,97.5
0022301061,NOP,MIL,115.17999999999999,108.4,95.4,120.54,113.14000000000001,98.74199999999999
0022300843,NOP,IND,115.78000000000002,108.9,99.5,118.43999999999998,114.14000000000001,103.6
0022300837,NOP,NYK,110.78000000000002,106.8,100.4,116.72,120.8,90.8
0022300823,NOP,CHI,110.96,103.97999999999999,97.5,117.76000000000002,119.94000000000001,96.208
0022300652,IND,MEM,117.42,119.02000000000001,101.7,107.58,112.92,96.6
0022300636,IND,PHX,117.28,118.25999999999999,100.7,121.5,111.85999999999999,99.8
0022300627,IND,PHI,113.04,121.6,99.5,125.67999999999999,116.7,95.9
0022300614,IND,DEN,112.14000000000001,120.74000000000001,100.5,120.78,115.46,95.8
0022300604,IND,PHX,115.12,118.94000000000001,100.6,121.97999999999999,117.96,99.8
0022300583,IND,SAC,115.35999999999999,117.42,101.1,118.35999999999999,113.74000000000001,99.958
0022300564,IND,UTA,114.78,114.64000000000001,101.0,127.86000000000001,112.96,101.9
0022301158,MEM,CLE,106.28,107.5,96.4,109.82000000000001,120.97999999999999,99.4
0022300621,MEM,MIA,105.55999999999999,113.97999999999999,97.8,102.52000000000001,108.73999999999998,93.776
0022300544,MEM,NYK,118.12,114.05999999999999,101.2,121.88,103.74000000000001,98.3
0022301198,GSW,UTA,121.3,111.25999999999999,97.9,111.0,120.82000000000001,97.6
0022300952,GSW,DAL,110.25999999999999,114.92,101.5,124.0,116.46,99.7
0022300545,GSW,MIL,122.94000000000001,131.82000000000002,98.0,120.7,119.74000000000001,101.7
0022300201,GSW,OKC,109.74000000000001,113.2,100.1,115.74000000000001,108.46,102.8
0022300081,CLE,OKC,115.05999999999999,109.14000000000001,100.152,114.88,106.24000000000001,102.1
0022300120,CLE,NYK,109.67999999999999,111.55999999999999,100.5,109.06000000000002,101.84,99.2
0022301187,CHA,CLE,113.82000000000001,124.11999999999998,98.4,111.17999999999999,115.33999999999999,99.8
0022301102,CHA,POR,112.58000000000001,126.72,93.5,100.2,118.96,98.9
0022300354,CHA,TOR,107.2,124.26000000000002,97.4,118.75999999999999,123.47999999999999,99.0
0022401188,NYK,BKN,115.72,113.06000000000002,94.476,102.9,117.08,100.7
0022401175,NYK,CLE,115.88,115.63999999999999,94.976,119.88,114.04,99.5
0022401167,NYK,DET,115.2,110.14000000000001,95.376,109.04,117.02000000000001,100.0
0022401128,NYK,ATL,115.6,114.22,94.9,116.78,118.9,103.3
0022401103,NYK,CLE,118.83999999999999,110.6,96.1,121.6,113.62,101.0
0022401098,NYK,PHI,120.44000000000001,111.25999999999999,97.8,108.55999999999999,123.42,98.7
0022401082,NYK,POR,117.46,115.43999999999998,98.2,119.82000000000001,122.35999999999999,96.3
0022401070,NYK,MIL,115.17999999999999,118.17999999999999,98.2,115.7,112.38000000000002,95.1
0022401056,NYK,LAC,115.03999999999999,110.36000000000001,99.0,117.82000000000001,107.25999999999999,98.662
0022401048,NYK,DAL,109.7,109.28,97.3,116.82000000000001,120.54,102.0
0022401026,NYK,WAS,108.38,111.82000000000001,94.95599999999999,106.17999999999999,114.12,103.4
0022401010,NYK,CHA,114.55999999999999,108.66,95.756,117.4,122.5,96.9
0022401003,NYK,SAS,112.06000000000002,104.81999999999998,96.256,124.25999999999999,126.84,98.6
0022400984,NYK,MIA,108.46,106.97999999999999,95.974,102.96000000000001,117.85999999999999,96.4
0022400974,NYK,GSW,109.5,109.38,96.774,122.96,111.32000000000001,99.6
0022400953,NYK,POR,110.78,109.62,96.232,112.22,118.05999999999999,99.6
0022400939,NYK,SAC,106.32000000000001,111.2,96.632,120.91999999999999,111.38,94.532
0022400911,NYK,LAC,109.38,111.2,96.632,119.11999999999998,119.75999999999999,94.7
0022400885,NYK,GSW,109.8,118.35999999999999,98.014,121.73999999999998,107.22,100.5
0022400856,NYK,MEM,110.48000000000002,119.05999999999999,100.616,115.34,120.04,103.09200000000001
0022400838,NYK,PHI,113.64000000000001,120.17999999999999,101.216,104.58,117.24000000000001,98.5
0022400811,NYK,BOS,113.9,123.17999999999999,100.916,124.01999999999998,109.3,95.7
0022400797,NYK,CLE,119.0,119.82000000000001,99.316,122.22,108.7,101.5
0022400792,NYK,CHI,122.54,122.56000000000002,99.99199999999999,109.0,127.47999999999999,101.4
0022400773,NYK,ATL,119.92,123.12,98.5,116.58,111.6,104.4
0022400765,NYK,IND,118.96,123.2,98.1,111.5,115.58,101.6
0022400748,NYK,BOS,123.78,115.82000000000001,100.3,119.03999999999999,112.08000000000001,99.5
0022400713,NYK,TOR,125.8,114.9,102.0,109.4,100.97999999999999,101.6
0022400702,NYK,HOU,122.55999999999999,111.97999999999999,100.4,120.34,120.66000000000001,95.8
0022400692,NYK,LAL,123.74000000000001,108.55999999999999,100.4,120.13999999999999,107.46,97.6
0022400668,NYK,DEN,120.85999999999999,111.16,98.9,120.84,116.24000000000001,102.0
0022400653,NYK,MEM,119.66,115.5,95.36,126.85999999999999,111.64000000000001,101.6
0022400641,NYK,SAC,115.96,117.0,94.66,117.67999999999999,115.88,104.8
0022400606,NYK,BKN,123.12,118.41999999999999,95.56,104.25999999999999,119.1,95.848
0022400602,NYK,ATL,118.88,120.67999999999999,96.26,109.22,107.0,100.934
0022400578,NYK,MIN,120.7,116.1,96.96000000000001,117.43999999999998,110.74000000000001,96.7
0022400561,NYK,PHI,115.84,114.2,97.5,110.12,116.88,95.2
0022400549,NYK,DET,115.6,115.61999999999998,98.8,117.91999999999999,109.96,97.9
0022400539,NYK,MIL,109.0,117.6,98.9,113.96,107.32000000000001,99.7
0022400529,NYK,OKC,112.75999999999999,113.3,98.7,115.28,106.5,99.5
0022400511,NYK,TOR,113.88,113.85999999999999,99.9,102.82000000000001,122.47999999999999,99.2
0022400496,NYK,ORL,117.3,114.8,102.078,103.2,110.6,93.5
0022400482,NYK,CHI,116.47999999999999,106.47999999999999,99.77799999999999,106.46,112.0,104.05799999999999
0022400473,NYK,OKC,119.2,106.84,99.078,115.78,102.2,101.1
0022400458,NYK,UTA,122.12,110.02000000000001,99.978,114.96,117.71999999999998,99.4
0022400443,NYK,WAS,119.54,108.6,98.578,109.08,113.0,103.078
0022400429,NYK,WAS,121.28,106.0,98.7,106.23999999999998,114.6,104.4
0022400419,NYK,ORL,122.32000000000001,110.14000000000001,99.0,107.0,105.22,99.2
0022400405,NYK,SAS,120.4,109.9,99.9,112.44000000000001,113.24000000000001,101.812
0022400397,NYK,TOR,120.8,108.28000000000002,97.3,103.22,115.62,100.9
0022400384,NYK,NOP,122.04,105.67999999999999,98.5,112.34,120.9,102.7
0022400367,NYK,MIN,119.72,111.02000000000001,97.5,108.38,97.67999999999999,98.4
0022401227,NYK,ORL,110.46000000000001,114.02000000000001,95.476,113.46,108.78,98.0
0022401202,NYK,ATL,113.84,113.28,94.476,125.22,114.04,101.2
0022400359,NYK,TOR,124.94000000000001,112.33999999999999,98.3,109.26000000000002,111.32000000000001,100.9
0022400343,NYK,DET,123.52000000000001,112.32000000000001,98.6,107.78,119.0,98.0
0022400327,NYK,CHA,123.7,114.28,100.5,105.16,110.66,96.80999999999999
0022401193,HOU,DEN,118.3,115.68000000000002,101.3,113.82000000000001,115.24000000000001,100.8
0022401143,HOU,GSW,125.5,107.0,100.9,127.66,110.22,99.2
0022401123,HOU,OKC,124.5,107.82000000000001,100.9,122.38,102.84,104.9
0022401096,HOU,LAL,122.34,111.6,98.3,118.2,126.13999999999999,100.0
0022401088,HOU,PHX,117.75999999999999,113.1,96.8,118.7,124.44000000000001,95.7
0022401049,HOU,ATL,118.46,115.58,97.14399999999999,120.46,116.24000000000001,99.8
0022401035,HOU,DEN,120.4,109.28,99.14399999999999,114.44000000000001,119.75999999999999,101.7
0022401015,HOU,MIA,122.5,110.76000000000002,98.94399999999999,103.12,121.64000000000001,95.5
0022400999,HOU,ORL,119.2,106.96,98.044,110.55999999999999,111.66,97.9
0022400985,HOU,PHI,121.94000000000001,104.51999999999998,98.6,113.72,118.82000000000001,102.6
0022400970,HOU,CHI,121.46,102.16,97.6,114.2,112.14000000000001,104.1
0022400949,HOU,PHX,116.75999999999999,110.25999999999999,99.3,120.05999999999999,122.94000000000001,98.244
0022400934,HOU,ORL,117.14000000000001,115.58,100.1,109.72,120.8,94.8
0022400913,HOU,NOP,111.36000000000001,113.22,100.3,117.16000000000001,124.24000000000001,97.7
0022400902,HOU,NOP,109.32000000000001,112.82000000000001,100.6,118.54,122.2,98.6
0022400882,HOU,IND,110.82000000000001,113.42,101.6,120.92,113.36000000000001,99.9
0022400862,HOU,SAC,108.97999999999999,107.66,101.4,120.9,113.5,98.478
0022400844,HOU,SAS,109.4,109.5,100.9,104.75999999999999,112.64000000000001,101.7
0022400831,HOU,MIL,108.38,107.66,100.7,109.78,108.35999999999999,101.4
0022400801,HOU,MIN,108.68000000000002,112.1,97.6,112.64000000000001,108.93999999999998,100.3
0022400784,HOU,GSW,110.64000000000001,113.05999999999999,95.6,117.98000000000002,114.23999999999998,102.3
0022400779,HOU,PHX,110.0,114.72,96.2,113.22,123.17999999999999,98.418
0022400741,HOU,DAL,113.82000000000001,120.16,96.1,117.17999999999999,127.78,99.5
0022400711,HOU,BKN,120.32000000000001,122.24000000000001,97.3,104.64000000000001,107.52000000000001,93.9
0022400702,HOU,NYK,120.34,120.66000000000001,95.8,122.55999999999999,111.97999999999999,100.4
0022400689,HOU,BKN,118.24000000000001,118.17999999999999,97.4,100.97999999999999,107.05999999999999,94.4
0022400676,HOU,MEM,117.75999999999999,113.7,98.6,119.34,116.17999999999999,102.6
0022400650,HOU,BOS,117.7,115.26000000000002,100.7,113.92,108.02000000000001,96.616
0022400640,HOU,CLE,117.66,112.04,99.6,119.5,117.75999999999999,99.2
0022400615,HOU,CLE,118.96,113.14000000000001,100.4,115.34,113.4,100.0
0022400591,HOU,POR,118.64000000000001,112.9,100.6,109.66000000000001,119.9,97.3
0022400576,HOU,SAC,121.44000000000001,110.14000000000001,99.6,117.35999999999999,109.21999999999998,99.3
0022400568,HOU,DEN,119.52000000000001,112.16,99.4,119.52000000000001,107.28000000000002,98.1
0022400551,HOU,MEM,115.05999999999999,113.34,97.0,116.9,117.47999999999999,103.6
0022400520,HOU,MEM,115.66,113.85999999999999,94.9,111.78,115.96,104.8
0022400503,HOU,WAS,112.47999999999999,115.02000000000001,93.9,111.28,116.85999999999999,102.27799999999999
0022400491,HOU,LAL,111.5,111.58,96.1,120.66,115.34,97.9
0022400471,HOU,BOS,114.97999999999999,107.42,98.2,129.22,112.44000000000001,95.0
0022400460,HOU,DAL,114.25999999999999,108.17999999999999,99.6,111.82000000000001,109.14000000000001,98.4
0022400439,HOU,MIA,120.02000000000001,108.9,100.5,106.28,108.72,97.4
0022400422,HOU,MIN,120.84,107.43999999999998,100.6,107.52000000000001,117.58000000000001,97.8
0022400416,HOU,NOP,115.4,106.3,99.3,107.84,117.78,101.426
0022400391,HOU,CHA,115.94000000000001,108.88,99.7,110.42,121.6,95.7
0022400365,HOU,NOP,109.4,107.5,98.396,107.14000000000001,117.66,102.6
0022401230,HOU,OKC,108.47999999999999,118.16000000000001,98.6,125.66,107.35999999999999,101.8
0022400356,HOU,LAC,107.76000000000002,105.17999999999999,101.99600000000001,109.64000000000001,109.82000000000001,100.0
0022400332,HOU,GSW,108.78000000000002,105.16,102.396,107.12,109.85999999999999,100.5
0022400059,HOU,SAC,113.3,96.06666666666666,101.80333333333333,105.76666666666667,113.89999999999999,98.0
0022400310,HOU,OKC,110.28000000000002,100.9,104.99600000000001,116.4,105.7,97.9
0022400290,HOU,PHI,110.5,101.38,104.6,101.98,113.31999999999998,98.482
0022400031,HOU,POR,119.0,98.1,105.5,120.8,106.9,101.0
0022400248,HOU,MIL,110.52000000000001,103.08,102.5,114.04,114.96,96.572
0022400016,HOU,LAC,,,,,,
0022400213,HOU,WAS,112.75999999999999,109.32000000000001,98.18199999999999,105.66,119.71999999999998,102.3
0022400192,HOU,OKC,116.97999999999999,107.2,95.88199999999999,112.2,99.76,101.8
0022400161,HOU,NYK,114.67999999999999,109.4,97.58200000000001,121.52000000000001,113.78,95.8
0022400129,HOU,DAL,114.08,112.64000000000001,97.5,112.78,109.84,101.4
0022400109,HOU,SAS,112.7,112.1,98.282,109.58,109.8,100.1
0022401177,MIA,NOP,118.03999999999999,114.22,96.0,106.25999999999999,123.46,98.4
0022401160,MIA,CHI,119.11999999999998,108.62,96.7,115.88,118.46,106.3
0022401131,MIA,MIL,123.84,107.44000000000001,96.2,123.4,126.59999999999998,98.4
0022401114,MIA,MEM,126.9,103.9,94.6,117.38,119.04,102.6
0022401106,MIA,BOS,123.74000000000001,101.82000000000001,96.5,126.55999999999999,109.6,96.7
0022401092,MIA,WAS,121.74000000000001,105.34,94.4,107.42,122.92,102.0
0022401076,MIA,PHI,119.17999999999999,108.34,95.6,111.42,126.0,99.0
0022401062,MIA,ATL,113.6,109.64000000000001,95.4,123.44000000000001,115.3,100.3
0022401047,MIA,GSW,107.3,116.52000000000001,96.8,107.96000000000001,108.24000000000001,99.5
0022401032,MIA,CHA,101.4,117.04,96.1,116.92,127.34,99.0
0022401015,MIA,HOU,103.12,121.64000000000001,95.5,122.5,110.76000000000002,98.94399999999999
0022401000,MIA,DET,101.78,120.3,94.7,115.92,102.92,104.0
0022400984,MIA,NYK,102.96000000000001,117.85999999999999,96.4,108.46,106.97999999999999,95.974
0022400971,MIA,MEM,106.28,114.64000000000001,95.8,116.25999999999999,112.12,103.0
0022400958,MIA,BOS,108.12,114.85999999999999,97.2,123.4,114.78000000000002,95.6
0022400948,MIA,LAC,107.4,107.35999999999999,98.3,118.85999999999999,117.12,95.032
0022400931,MIA,CHA,108.32000000000001,108.46,97.414,109.9,117.62,97.8
0022400916,MIA,CHI,114.44000000000001,112.54,95.014,117.66,117.46,102.41599999999998
0022400907,MIA,MIN,120.42,113.17999999999999,94.914,118.48000000000002,110.58,99.0
0022400893,MIA,CLE,116.54,110.97999999999999,94.414,127.52000000000001,111.92,99.268
0022400877,MIA,WAS,117.96000000000001,117.35999999999999,94.314,105.67999999999999,108.02000000000001,100.4
0022400869,MIA,NYK,119.08,115.92,94.676,107.14000000000001,116.14000000000001,99.824
0022400854,MIA,IND,115.74000000000001,114.2,95.476,118.22,109.44000000000001,102.11600000000001
0022400841,MIA,ATL,108.9,114.71999999999998,95.976,115.02000000000001,113.64000000000001,102.992
0022400825,MIA,ATL,109.64000000000001,116.7,95.076,118.17999999999999,116.64000000000001,104.992
0022400817,MIA,MIL,104.88,113.66,94.376,111.0,110.43999999999998,102.4
0022400800,MIA,TOR,103.18000000000002,112.52000000000001,95.6,104.08,117.88,99.5
0022400778,MIA,OKC,104.34,111.32000000000001,97.1,127.51999999999998,104.97999999999999,101.1
0022400759,MIA,BOS,107.94000000000001,115.17999999999999,97.9,122.7,114.55999999999999,98.0
0022400737,MIA,BKN,112.16,114.74000000000001,97.556,110.85999999999999,110.3,92.0
0022400721,MIA,PHI,111.97999999999999,113.92,97.45599999999999,122.82000000000001,119.38000000000002,97.1
0022400714,MIA,CHI,107.05999999999999,113.6,96.65599999999999,108.75999999999999,113.52000000000001,103.6
0022400693,MIA,SAS,107.94000000000001,116.74000000000001,96.256,118.43999999999998,121.7,102.0
0022400667,MIA,CLE,111.46,111.88,97.056,121.47999999999999,114.84,97.6
0022400652,MIA,ORL,111.32000000000001,117.47999999999999,98.6,101.36,117.3,95.5
0022400636,MIA,BKN,112.42,122.32000000000001,98.0,94.46000000000001,117.9,95.1
0022400624,MIA,MIL,112.62,118.85999999999999,98.2,122.28,106.78,100.7
0022400607,MIA,POR,114.86000000000001,114.9,98.4,104.0,118.08,100.2
0022400592,MIA,SAS,109.46000000000001,112.46,97.7,114.02000000000001,122.74000000000001,100.0
0022400579,MIA,DEN,111.08,106.01999999999998,96.8,119.94000000000001,109.96,97.9
0022400570,MIA,LAL,108.67999999999999,102.58,97.0,110.85999999999999,119.14000000000001,96.6
0022400536,MIA,POR,107.67999999999999,113.4,97.6,114.58,113.64000000000001,97.1
0022400523,MIA,UTA,112.8,117.18000000000002,97.2,116.14000000000001,112.63999999999999,100.7
0022400508,MIA,GSW,110.46,117.6,97.3,113.3,112.78,99.9
0022400501,MIA,SAC,112.11999999999998,120.88,97.9,121.16,112.3,101.3
0022400481,MIA,UTA,111.24000000000001,112.86000000000001,96.5,114.55999999999999,122.66,99.4
0022400463,MIA,IND,110.67999999999999,106.42,96.1,112.04,119.67999999999999,100.8
0022400457,MIA,NOP,107.94000000000001,108.12,97.2,108.47999999999999,116.66,102.726
0022400439,MIA,HOU,106.28,108.72,97.4,120.02000000000001,108.9,100.5
0022400427,MIA,ATL,108.92,107.54,97.2,112.55999999999999,118.12,105.912
0022400411,MIA,ORL,115.85999999999999,112.76000000000002,96.9,108.44000000000001,108.16000000000001,99.0
0022400396,MIA,BKN,120.62,111.92,97.2,105.55999999999999,110.13999999999999,97.0
0022400377,MIA,ORL,116.4,109.97999999999999,96.5,107.64000000000001,107.02000000000001,95.6
0022400375,MIA,OKC,119.38,112.1,97.3,114.22,103.52000000000001,100.5
0022401221,MIA,DET,119.78,108.54,101.9,116.9,124.62,97.64399999999999
0022401206,MIA,TOR,118.9,110.78,100.9,109.9,109.22,104.3
0022400351,MIA,CLE,115.82000000000001,108.8,96.4,118.47999999999999,111.14000000000001,102.3
0022400346,MIA,PHX,112.5,106.7,97.506,115.52000000000001,122.14000000000001,99.2
0022400321,MIA,LAL,105.58000000000001,104.6,98.706,107.96000000000001,115.55999999999999,97.0
0022400316,MIA,BOS,110.88,107.42,98.10600000000001,124.44000000000001,113.92,95.542
0022400309,MIA,TOR,107.1,102.84,97.706,113.47999999999999,108.4,99.8
0022400046,MIA,TOR,116.8,115.83333333333333,95.31666666666666,90.85,98.55,99.75
0022400286,MIA,CHA,109.7,109.06000000000002,99.60600000000001,111.14000000000001,116.62,97.71
0022400036,MIA,MIL,117.35,113.5,98.725,111.45,98.55000000000001,102.0
0022400273,MIA,DAL,110.4,111.25999999999999,99.1,119.28,116.26000000000002,96.9
0022400245,MIA,PHI,112.8,118.38,97.2,108.67999999999999,114.34,96.482
0022400235,MIA,IND,112.05999999999999,112.08,99.1,112.47999999999999,113.05999999999999,98.4
0022400009,MIA,IND,113.1,116.0,96.45,,,
0022400002,MIA,DET,,,,,,
0022400206,MIA,MIN,115.38,117.78,98.2,120.72,110.04,98.9
0022400194,MIA,DEN,113.78,111.97999999999999,96.8,121.22,114.94000000000001,102.71
0022400178,MIA,PHX,114.17999999999999,110.16,96.8,114.31999999999998,108.25999999999999,99.6
0022400159,MIA,SAC,110.78,109.43999999999998,97.8,115.62,108.78,102.212
0022400147,MIA,WAS,113.05999999999999,113.54,96.4,106.97999999999999,116.96,104.7
0022400122,MIA,NYK,113.67999999999999,112.96,95.2,116.22,113.75999999999999,95.8
0022400105,MIA,DET,115.91999999999999,114.74000000000001,96.2,113.01999999999998,117.02000000000001,100.1
0022400088,MIA,CHA,115.28,116.3,95.89,113.6,114.54,96.5
0022400065,MIA,ORL,119.1,115.775,95.4875,112.75,100.3,98.125
0022401197,TOR,SAS,107.38,107.6,103.7,110.46,116.42,100.2
0022401178,TOR,DAL,110.46,110.1,103.7,106.05999999999999,120.08,98.4
0022401134,TOR,BKN,109.24000000000001,111.46,102.6,103.34,117.05999999999999,97.9
0022401116,TOR,POR,111.5,102.47999999999999,104.1,113.04,123.8,97.9
0022401087,TOR,PHI,104.88000000000002,102.3,102.9,111.85999999999999,124.52000000000001,97.7
0022401054,TOR,BKN,100.1,113.7,101.5,104.66,110.72,97.834
0022401039,TOR,WAS,101.25999999999999,115.34,102.7,102.14,114.22,102.7
0022401033,TOR,SAS,106.5,111.66,103.0,123.35999999999999,121.9,98.4
0022401005,TOR,GSW,108.4,110.17999999999999,102.1,115.74000000000001,107.66,100.2
0022400980,TOR,POR,114.7,106.2,104.4,109.32000000000001,118.5,99.256
0022400855,TOR,CHI,106.3,114.54,99.476,114.51999999999998,113.5,102.624
0022400837,TOR,IND,109.46000000000001,113.38,99.176,119.2,117.2,101.816
0022400829,TOR,BOS,106.17999999999999,109.67999999999999,99.476,123.6,104.47999999999999,95.8
0022400816,TOR,PHX,104.21999999999998,113.24000000000001,98.276,111.46,118.55999999999999,100.6
0022400800,TOR,MIA,104.08,117.88,99.5,103.18000000000002,112.52000000000001,95.6
0022400774,TOR,CLE,107.54,118.16000000000001,97.7,123.62,110.05999999999999,101.7
0022400764,TOR,PHI,110.5,120.26000000000002,96.7,115.5,121.78,98.6
0022400753,TOR,HOU,113.73999999999998,125.24000000000001,97.3,112.12,120.62,95.1
0022400739,TOR,OKC,112.43999999999998,117.38000000000002,97.5,124.82000000000001,106.1,101.8
0022400722,TOR,MEM,112.34,109.22,98.7,117.67999999999999,114.2,104.0
0022400713,TOR,NYK,109.4,100.97999999999999,101.6,125.8,114.9,102.0
0022400697,TOR,LAC,109.12,101.14,103.2,117.12,111.96,98.782
0022400682,TOR,CHI,111.82000000000001,96.97999999999999,101.5,107.54,115.38,101.0
0022400665,TOR,WAS,112.35999999999999,105.64000000000001,102.3,101.96000000000001,121.38,101.2
0022400654,TOR,NOP,114.24000000000001,106.28000000000002,100.2,112.74000000000001,119.82000000000001,101.168
0022400562,TOR,BOS,111.74000000000001,121.74000000000001,97.8,111.94000000000001,110.12,96.0
0022400550,TOR,GSW,111.42,123.82000000000001,96.9,106.92,116.1,97.6
0022400511,TOR,NYK,102.82000000000001,122.47999999999999,99.2,113.88,113.85999999999999,99.9
0022400497,TOR,MIL,104.92,125.05999999999999,101.2,107.0,109.54,102.1
0022400470,TOR,ORL,106.7,127.97999999999999,104.4,99.4,105.92,96.3
0022400459,TOR,BKN,100.72,126.4,106.1,103.17999999999999,108.35999999999999,95.3
0022400449,TOR,BOS,106.3,122.32000000000001,105.3,119.85999999999999,110.85999999999999,99.8
0022400438,TOR,ATL,108.7,121.38000000000002,102.7,116.3,113.75999999999999,104.31200000000001
0022400414,TOR,MEM,109.1,117.52000000000001,101.1,120.46,102.47999999999999,107.7
0022400397,TOR,NYK,103.22,115.62,100.9,120.8,108.28000000000002,97.3
0022400388,TOR,HOU,106.22,116.88,99.9,116.2,108.85999999999999,98.696
0022400364,TOR,BKN,109.55999999999999,113.16,101.7,108.66,112.46,98.3
0022401223,TOR,CHI,109.92,108.85999999999999,104.1,111.97999999999999,102.47999999999999,104.0
0022401206,TOR,MIA,109.9,109.22,104.3,118.9,110.78,100.9
0022400359,TOR,NYK,109.26000000000002,111.32000000000001,100.9,124.94000000000001,112.33999999999999,98.3
0022400344,TOR,DAL,107.54,111.66,100.4,123.7,108.86000000000001,103.0
0022400328,TOR,OKC,112.28,108.5,99.1,117.04,110.78,99.1
0022400054,TOR,IND,99.10000000000001,107.7,98.5,108.43333333333334,124.0,102.83333333333333
0022400309,TOR,MIA,113.47999999999999,108.4,99.8,107.1,102.84,97.706
0022400046,TOR,MIA,90.85,98.55,99.75,116.8,115.83333333333333,95.31666666666666
0022400295,TOR,NOP,115.28,115.35999999999999,97.342,105.0,117.35999999999999,95.5
0022400278,TOR,DET,116.17999999999999,120.16,97.142,115.32000000000001,116.4,96.482
0022400275,TOR,CLE,116.44000000000001,117.88000000000002,96.042,121.54,109.86000000000001,97.4
0022400261,TOR,MIN,116.75999999999999,122.14000000000001,95.342,115.35999999999999,108.7,99.5
0022400247,TOR,IND,115.1,122.98000000000002,94.942,112.52000000000001,112.52000000000001,96.0
0022400230,TOR,BOS,112.32000000000001,119.84,98.112,119.86000000000001,108.05999999999999,97.59400000000001
0022400011,TOR,DET,86.7,100.0,98.5,116.0,113.1,96.45
0022400005,TOR,MIL,,,,,,
0022400211,TOR,LAL,113.96,118.54,100.412,113.7,120.56000000000002,101.1
0022400200,TOR,LAC,118.54,123.7,101.612,113.0,110.16,96.1
0022400180,TOR,SAC,117.7,120.5,103.27000000000001,116.05999999999999,107.7,99.412
0022400166,TOR,DEN,114.8,118.96000000000001,102.87,118.66000000000001,114.32000000000001,100.168
0022400143,TOR,SAC,115.0,117.88,102.158,116.1,109.35999999999999,101.5
0022400137,TOR,LAL,111.3,119.38,101.958,114.6,116.84,100.8
0022400117,TOR,CHA,108.08,113.32000000000001,102.85799999999999,111.52000000000001,114.12,96.6
0022400107,TOR,DEN,109.28,116.04,101.5,107.02000000000001,109.25999999999999,102.8
0022400093,TOR,MIN,108.08,113.28,101.6,109.9,110.94000000000001,96.68199999999999
0022400078,TOR,PHI,102.64000000000001,112.3,101.0,108.32000000000001,111.72,95.6
0022400067,TOR,CLE,102.575,106.7,100.75,117.0,110.15,102.5
0022401180,MEM,DEN,116.1,114.74000000000001,102.1,115.25999999999999,118.64000000000001,99.168
0022401170,MEM,MIN,112.02000000000001,109.82000000000001,102.1,118.66,112.16000000000001,94.268
0022401146,MEM,CHA,111.62,115.38,103.0,107.28,117.62,98.6
0022401129,MEM,DET,110.66,119.62,103.0,117.17999999999999,113.36000000000001,99.3
0022401114,MEM,MIA,117.38,119.04,102.6,126.9,103.9,94.6
0022401100,MEM,GSW,115.62,119.88000000000002,101.1,114.9,109.25999999999999,97.4
0022401093,MEM,BOS,115.22,120.16000000000001,100.6,129.04,110.02000000000001,95.4
0022401078,MEM,LAL,114.02000000000001,119.78,100.7,115.96,122.66,99.7
0022401064,MEM,OKC,119.8,114.32000000000001,99.4,126.08,105.54,98.1
0022401050,MEM,UTA,113.4,117.25999999999999,102.0,98.78,117.42,100.262
0022401023,MEM,LAC,114.82000000000001,112.44000000000001,103.6,121.17999999999999,106.38,97.86200000000001
0022401008,MEM,POR,119.5,113.28,103.3,111.3,110.8,99.256
0022400906,MEM,DAL,118.81999999999998,121.46,103.292,104.6,118.55999999999999,100.2
0022400863,MEM,SAS,116.0,118.02000000000001,102.392,104.53999999999999,112.58000000000001,102.3
0022400856,MEM,NYK,115.34,120.04,103.09200000000001,110.48000000000002,119.05999999999999,100.616
0022400832,MEM,PHX,111.75999999999999,116.3,103.0,110.02000000000001,116.94000000000001,102.6
0022400819,MEM,CLE,109.54,115.75999999999999,102.9,126.44000000000001,106.08,102.0
0022400798,MEM,ORL,117.12,116.78,102.3,107.85999999999999,108.0,97.5
0022400788,MEM,IND,117.81999999999998,111.58,104.2,111.52000000000001,118.62,100.316
0022400783,MEM,LAC,121.74000000000001,110.76000000000002,103.6,113.72,115.28,98.6
0022400767,MEM,PHX,123.75999999999999,113.7,102.1,112.85999999999999,125.38,97.918
0022400746,MEM,OKC,121.34,115.41999999999999,103.4,124.66000000000001,106.3,102.1
0022400722,MEM,TOR,117.67999999999999,114.2,104.0,112.34,109.22,98.7
0022400703,MEM,SAS,122.9,119.93999999999998,101.5,118.05999999999999,117.52000000000001,101.6
0022400699,MEM,MIL,122.64000000000001,119.67999999999999,101.8,119.23999999999998,119.75999999999999,100.3
0022400676,MEM,HOU,119.34,116.17999999999999,102.6,117.75999999999999,113.7,98.6
0022400653,MEM,NYK,126.85999999999999,111.64000000000001,101.6,119.66,115.5,95.36
0022400616,MEM,CHA,122.2,114.04,101.6,110.94000000000001,116.08,100.0
0022400601,MEM,MIN,123.14000000000001,116.14000000000001,102.0,123.16,119.2,96.2
0022400582,MEM,SAS,118.3,113.58,102.8,113.2,117.16,100.4
0022400567,MEM,SAS,116.1,115.68000000000002,102.0,111.04,114.96,99.444
0022400551,MEM,HOU,116.9,117.47999999999999,103.6,115.05999999999999,113.34,97.0
0022400535,MEM,MIN,114.08,114.32000000000001,104.3,114.08,112.7,94.3
0022400520,MEM,HOU,111.78,115.96,104.8,115.66,113.85999999999999,94.9
0022400414,MEM,TOR,120.46,102.47999999999999,107.7,109.1,117.52000000000001,101.1
0022400399,MEM,LAC,121.4,101.94,107.6,107.1,113.1,98.3
0022400378,MEM,ATL,123.08,103.97999999999999,107.3,112.24000000000001,113.4,105.152
0022400366,MEM,GSW,120.38,107.03999999999999,107.6,103.38,106.72,98.4
0022401220,MEM,LAL,121.86000000000001,112.25999999999999,102.4,109.86000000000001,112.16,97.8
0022401211,MEM,BKN,117.34,109.6,102.0,104.75999999999999,117.31999999999998,101.9
0022400353,MEM,WAS,118.35999999999999,105.14000000000001,106.7,104.3,118.66,102.8
0022400345,MEM,BOS,122.42,108.14000000000001,105.7,118.66,105.7,98.8
0022400329,MEM,SAC,124.32000000000001,109.58,104.4,114.47999999999999,117.96,97.9
0022400056,MEM,DAL,106.63333333333333,109.16666666666667,108.5,121.23333333333333,108.16666666666667,102.16666666666667
0022400306,MEM,IND,121.0,105.74000000000001,102.1,114.1,113.97999999999999,102.8
0022400042,MEM,NOP,102.25,110.85,111.0,101.96666666666665,114.16666666666667,98.33333333333333
0022400293,MEM,DET,119.7,108.96,102.0,114.62,114.84,95.51
0022400282,MEM,POR,120.18000000000002,106.3,103.3,100.34,106.72,102.5
0022400266,MEM,CHI,116.97999999999999,100.9,103.6,112.2,120.35999999999999,102.6
0022400255,MEM,PHI,119.02000000000001,101.05999999999999,104.1,102.98000000000002,111.97999999999999,96.682
0022400023,MEM,DEN,106.3,112.8,110.0,100.0,109.8,93.0
0022400238,MEM,DEN,119.5,105.54,103.3,121.67999999999999,112.84,103.9
0022400019,MEM,GSW,,,,116.5,112.5,103.5
0022400225,MEM,LAL,120.88,103.0,102.1,119.47999999999999,117.67999999999999,98.4
0022400210,MEM,POR,119.97999999999999,106.04,100.8,109.38,118.2,98.7
0022400191,MEM,WAS,117.02000000000001,110.28,99.6,111.2,117.54,104.6
0022400174,MEM,LAL,115.23999999999998,111.92,100.0,113.54,119.7,101.9
0022400158,MEM,BKN,116.74000000000001,110.22,102.3,117.04,113.74000000000001,97.81
0022400142,MEM,PHI,111.94000000000001,112.08,104.1,108.75999999999999,113.4,97.152
0022400128,MEM,MIL,112.7,116.7,104.2,114.24000000000001,113.97999999999999,102.2
0022400124,MEM,BKN,113.16000000000001,115.05999999999999,105.8,112.35999999999999,119.66,99.21000000000001
0022400108,MEM,CHI,112.58,112.22,105.6,110.02000000000001,111.67999999999999,108.6
0022400092,MEM,ORL,108.6,112.66,107.1,114.75999999999999,103.02000000000001,97.6
0022400082,MEM,HOU,109.85999999999999,111.74000000000001,107.4,113.22,106.1,99.18199999999999
0022400070,MEM,UTA,107.325,109.875,108.125,115.35,128.525,98.0
0022401193,DEN,HOU,113.82000000000001,115.24000000000001,100.8,118.3,115.68000000000002,101.3
0022401125,DEN,GSW,118.58,113.32000000000001,100.56800000000001,122.47999999999999,113.66,97.8
0022401110,DEN,SAS,123.32000000000001,115.94000000000001,98.068,110.58,121.46,99.7
0022401073,DEN,UTA,117.78,123.5,98.2,104.22,125.28000000000002,97.562
0022400952,DEN,MIN,121.3,123.3,97.944,125.05999999999999,111.71999999999998,98.2
0022400920,DEN,OKC,118.72,117.47999999999999,100.644,122.35999999999999,108.7,105.2
0022400763,DEN,POR,125.32000000000001,108.42,97.7,112.67999999999999,105.62,98.556
0022400749,DEN,PHX,126.47999999999999,112.4,99.2,114.8,119.05999999999999,100.418
0022400730,DEN,ORL,126.47999999999999,118.67999999999999,99.3,107.94000000000001,116.35999999999999,95.256
0022400726,DEN,NOP,121.35999999999999,120.14000000000001,99.8,110.7,121.97999999999999,101.3
0022400568,DEN,HOU,119.52000000000001,107.28000000000002,98.1,119.52000000000001,112.16,99.4
0022400559,DEN,DAL,118.28,107.66,97.944,113.66,115.04,99.3
0022400515,DEN,LAC,118.8,113.83999999999999,100.54400000000001,107.0,112.97999999999999,100.2
0022400507,DEN,BOS,122.78,112.72,101.944,120.47999999999999,107.41999999999999,93.2
0022400402,DEN,PHX,115.85999999999999,113.84,105.826,115.67999999999999,122.1,100.6
0022400350,DEN,ATL,115.96,121.96,102.0,117.35999999999999,108.72,103.44000000000001
0022400298,DEN,UTA,117.92,118.55999999999999,100.2,116.0,117.02000000000001,99.5
0022400283,DEN,NYK,117.32000000000001,111.94000000000001,101.9,125.03999999999999,117.72,98.3
0022400270,DEN,LAL,115.9,115.04,102.1,122.01999999999998,114.44000000000001,96.3
0022400033,DEN,DAL,104.45,104.0,102.5,120.95,102.85,102.75
0022400023,DEN,MEM,100.0,109.8,93.0,106.3,112.8,110.0
0022400238,DEN,MEM,121.67999999999999,112.84,103.9,119.5,105.54,103.3
0022400148,DEN,UTA,111.9,115.7,98.668,97.78,114.71999999999998,101.4
0022400075,DEN,OKC,110.0,109.325,103.125,113.25,101.45,96.5
0022401195,MIN,UTA,121.82000000000001,110.17999999999999,95.0,112.16,132.68,103.992
0022401179,MIN,BKN,120.93999999999998,114.78000000000002,95.468,106.66000000000001,114.58,101.4
0022401170,MIN,MEM,118.66,112.16000000000001,94.268,112.02000000000001,109.82000000000001,102.1
0022401152,MIN,MIL,122.84,111.96000000000001,94.36800000000001,122.6,122.9,97.7
0022401130,MIN,PHI,118.84,111.9,96.06800000000001,106.2,121.34,98.3
0022401113,MIN,BKN,123.1,111.1,97.468,104.82000000000001,119.78,98.5
0022401102,MIN,DEN,122.0,111.0,98.2,121.64000000000001,118.04,98.4
0022401084,MIN,DET,119.24000000000001,112.7,99.55,126.5,117.82000000000001,98.9
0022401071,MIN,PHX,118.0,109.5,101.15,122.38,117.08,95.9
0022401037,MIN,IND,121.35999999999999,109.04,100.45,113.12,110.64000000000001,102.08399999999999
0022401016,MIN,NOP,118.5,109.85999999999999,99.85,111.05999999999999,119.67999999999999,98.3
0022401001,MIN,NOP,123.51999999999998,110.64000000000001,100.05,109.72,125.14000000000001,99.0
0022400986,MIN,IND,123.47999999999999,109.17999999999999,98.3,113.3,115.44000000000001,100.5
0022400981,MIN,UTA,124.66,112.1,97.0,107.56000000000002,114.2,106.3
0022400963,MIN,ORL,126.75999999999999,112.3,96.8,110.46,114.16000000000001,96.1
0022400952,MIN,DEN,125.05999999999999,111.71999999999998,98.2,121.3,123.3,97.944
0022400925,MIN,SAS,119.55999999999999,109.6,98.7,121.08000000000001,126.17999999999999,100.0
0022400907,MIN,MIA,118.48000000000002,110.58,99.0,120.42,113.17999999999999,94.914
0022400892,MIN,CHA,115.22,109.92,100.63,94.44000000000001,116.62,101.4
0022400887,MIN,PHI,114.35999999999999,113.55999999999999,100.72999999999999,110.2,120.42,98.9
0022400873,MIN,PHX,113.96000000000001,117.84,100.92999999999999,120.47999999999999,122.47999999999999,100.292
0022400858,MIN,UTA,114.66,115.72,100.13,113.32000000000001,117.88,101.3
0022400849,MIN,LAL,112.42,112.46,101.93,115.44000000000001,106.96000000000001,102.1
0022400826,MIN,OKC,110.82000000000001,115.54,101.3,123.4,110.3,99.3
0022400820,MIN,OKC,108.58000000000001,108.67999999999999,101.7,122.14000000000001,108.32000000000001,99.3
0022400801,MIN,HOU,112.64000000000001,108.93999999999998,100.3,108.68000000000002,112.1,97.6
0022400787,MIN,OKC,115.7,110.86000000000001,99.8,127.43999999999998,107.55999999999999,99.5
0022400776,MIN,MIL,120.72,115.4,97.8,111.26000000000002,117.46,101.3
0022400755,MIN,CLE,120.14000000000001,111.05999999999999,97.6,124.88000000000002,111.42,102.0
0022400747,MIN,POR,127.14000000000001,115.2,96.3,119.72,102.82000000000001,96.45599999999999
0022400729,MIN,HOU,125.9,114.5,96.5,114.32000000000001,117.8,95.6
0022400723,MIN,CHI,118.75999999999999,109.62,98.0,115.32000000000001,116.04,104.0
0022400704,MIN,SAC,121.35999999999999,106.67999999999999,98.7,111.72,123.72,101.7
0022400690,MIN,WAS,124.0,108.47999999999999,98.6,101.74000000000001,124.35999999999999,99.4
0022400677,MIN,UTA,115.42,106.12,100.0,112.04,119.1,100.1
0022400672,MIN,PHX,114.6,108.9,99.8,113.92,110.67999999999999,97.5
0022400656,MIN,ATL,120.22,112.8,97.6,103.44000000000001,111.02000000000001,103.83400000000002
0022400634,MIN,DEN,118.92,117.08,96.0,126.62,115.16,99.7
0022400614,MIN,DAL,119.44000000000001,115.47999999999999,96.2,107.1,113.14000000000001,98.4
0022400601,MIN,MEM,123.16,119.2,96.2,123.14000000000001,116.14000000000001,102.0
0022400590,MIN,CLE,121.64000000000001,112.5,95.4,117.94000000000001,120.88,100.7
0022400578,MIN,NYK,117.43999999999998,110.74000000000001,96.7,120.7,116.1,96.96000000000001
0022400565,MIN,GSW,114.38,107.55999999999999,97.7,103.96,115.61999999999998,96.5
0022400548,MIN,WAS,111.84,110.16,97.5,102.74000000000001,125.08,100.2
0022400535,MIN,MEM,114.08,112.7,94.3,114.08,114.32000000000001,104.3
0022400519,MIN,ORL,112.28,115.94000000000001,96.0,107.94000000000001,108.51999999999998,92.7
0022400505,MIN,NOP,114.35999999999999,118.61999999999998,95.8,116.64000000000001,116.8,100.4
0022400500,MIN,LAC,115.64000000000001,120.12,95.6,105.5,109.44000000000001,100.6
0022400479,MIN,DET,117.0,118.08,94.1,111.82000000000001,110.75999999999999,99.3
0022400464,MIN,BOS,110.66,113.58,97.3,121.78000000000002,106.28000000000002,98.7
0022400452,MIN,OKC,111.1,114.5,96.5,114.35999999999999,101.41999999999999,101.8
0022400441,MIN,SAS,108.98000000000002,117.64000000000001,97.6,110.97999999999999,105.9,98.912
0022400422,MIN,HOU,107.52000000000001,117.58000000000001,97.8,120.84,107.43999999999998,100.6
0022400406,MIN,DAL,106.34,114.0,99.3,118.72,107.62,101.0
0022400395,MIN,ATL,107.32000000000001,107.05999999999999,99.0,109.2,115.54,105.952
0022400383,MIN,GSW,108.55999999999999,100.26,99.0,101.46000000000001,113.14000000000001,99.1
0022400367,MIN,NYK,108.38,97.67999999999999,98.4,119.72,111.02000000000001,97.5
0022401218,MIN,SAS,118.52000000000001,106.46,97.0,116.03999999999999,118.72,98.5
0022401210,MIN,LAL,122.92,111.82000000000001,96.2,118.8,113.17999999999999,97.1
0022400355,MIN,GSW,109.4,97.7,97.3,103.85999999999999,110.25999999999999,99.1
0022400338,MIN,GSW,109.42,101.96000000000001,97.0,106.11999999999998,111.72,97.5
0022400324,MIN,LAC,113.04,110.34,96.1,115.54,107.62,99.1
0022400318,MIN,LAL,109.96,114.62,97.0,114.58,114.84,95.7
0022400044,MIN,LAC,111.03333333333335,116.36666666666667,97.96999999999998,101.05,103.5,102.75
0022400294,MIN,SAC,108.13999999999999,110.58,96.9,117.36000000000001,117.58,96.7
0022400037,MIN,HOU,114.2,120.4,98.5,115.8,91.75,104.25
0022400271,MIN,BOS,109.22,106.6,99.6,121.64000000000001,115.88,94.336
0022400261,MIN,TOR,115.35999999999999,108.7,99.5,116.75999999999999,122.14000000000001,95.342
0022400234,MIN,PHX,113.62,103.5,99.8,113.92,119.05999999999999,98.06800000000001
0022400020,MIN,SAC,106.9,120.8,101.0,,,
0022400226,MIN,POR,115.9,106.25999999999999,98.6,102.75999999999999,114.94000000000001,100.8
0022400008,MIN,POR,,,,,,
0022400206,MIN,MIA,120.72,110.04,98.9,115.38,117.78,98.2
0022400193,MIN,POR,119.8,114.72,97.7,111.9,116.12,96.9
0022400181,MIN,CHI,114.42,110.38,98.3,108.7,115.3,103.7
0022400162,MIN,CHA,114.32000000000001,113.74000000000001,99.1,115.22,121.24000000000001,100.1
0022400146,MIN,SAS,114.55999999999999,113.35999999999999,98.9,104.54,107.25999999999999,98.6
0022400139,MIN,DEN,110.34,109.96000000000001,97.7,111.38000000000002,113.4,99.86800000000001
0022400114,MIN,DAL,107.78000000000002,107.14000000000001,97.582,112.66000000000001,110.1,102.1
0022400093,MIN,TOR,109.9,110.94000000000001,96.68199999999999,108.08,113.28,101.6
0022400076,MIN,SAC,108.12,112.55999999999999,96.582,111.25,114.625,97.125
0022400062,MIN,LAL,107.75,111.75,97.10249999999999,110.925,117.425,98.25
0022401200,PHX,SAC,107.67999999999999,120.34,97.9,123.98000000000002,117.78,94.7
0022401182,PHX,SAS,109.42,127.47999999999999,97.7,111.97999999999999,112.74000000000001,101.6
0022401164,PHX,OKC,108.22,131.46,98.2,118.34,115.96000000000001,102.6
0022401154,PHX,GSW,112.6,131.73999999999998,96.7,123.9,111.86000000000001,99.8
0022401140,PHX,NYK,113.0,135.66,97.0,116.24000000000001,108.24000000000001,95.9
0022401120,PHX,BOS,114.32000000000001,132.77999999999997,96.6,122.47999999999999,113.22,95.5
0022401101,PHX,MIL,114.31999999999998,128.98,96.4,118.35999999999999,124.4,96.4
0022401088,PHX,HOU,118.7,124.44000000000001,95.7,117.75999999999999,113.1,96.8
0022401071,PHX,MIN,122.38,117.08,95.9,118.0,109.5,101.15
0022401058,PHX,BOS,121.34,112.34,95.6,125.24000000000001,112.56000000000002,92.9
0022401043,PHX,MIL,123.81999999999998,111.12,96.3,115.35999999999999,112.0,96.5
0022400935,PHX,MEM,122.82000000000001,121.44000000000001,97.344,116.4,117.03999999999999,101.7
0022400921,PHX,DAL,121.47999999999999,123.84,96.844,105.74000000000001,120.17999999999999,101.4
0022400909,PHX,DEN,120.67999999999999,122.53999999999999,98.292,115.42,113.7,101.8
0022400889,PHX,LAC,116.2,122.28,100.19200000000001,109.72,116.9,97.1
0022400873,PHX,MIN,120.47999999999999,122.47999999999999,100.292,113.96000000000001,117.84,100.92999999999999
0022400848,PHX,NOP,113.75999999999999,120.51999999999998,102.69199999999998,110.97999999999999,108.04,101.77799999999999
0022400832,PHX,MEM,110.02000000000001,116.94000000000001,102.6,111.75999999999999,116.3,103.0
0022400816,PHX,TOR,111.46,118.55999999999999,100.6,104.21999999999998,113.24000000000001,98.276
0022400806,PHX,CHI,112.96,119.35999999999999,99.56200000000001,103.6,123.7,100.724
0022400795,PHX,SAS,112.54,123.23999999999998,99.76200000000001,117.1,117.32000000000001,100.5
0022400767,PHX,MEM,112.85999999999999,125.38,97.918,123.75999999999999,113.7,102.1
0022400740,PHX,UTA,112.85999999999999,120.47999999999999,100.356,114.12,118.17999999999999,100.2
0022400724,PHX,OKC,115.25999999999999,116.0,98.756,120.17999999999999,108.85999999999999,101.5
0022400709,PHX,POR,116.2,114.52000000000001,99.9,120.88,108.7,96.4
0022400694,PHX,POR,117.96,107.54,98.3,117.25999999999999,104.52000000000001,94.8
0022400685,PHX,GSW,111.98000000000002,111.66,96.9,118.82000000000001,113.58,98.5
0022400672,PHX,MIN,113.92,110.67999999999999,97.5,114.6,108.9,99.8
0022400659,PHX,LAC,115.32000000000001,111.17999999999999,99.5,114.35999999999999,107.35999999999999,98.082
0022400645,PHX,WAS,114.22,112.84,100.2,104.82000000000001,120.2,102.4
0022400613,PHX,BKN,115.24000000000001,117.97999999999999,101.2,102.91999999999999,118.2,96.1
0022400603,PHX,CLE,120.72,116.22,100.5,118.23999999999998,120.6,99.9
0022400586,PHX,DET,121.33999999999999,115.97999999999999,99.7,114.2,110.83999999999999,98.9
0022400573,PHX,WAS,117.17999999999999,115.55999999999999,98.8,104.14000000000001,126.4,100.6
0022400556,PHX,ATL,116.93999999999998,112.71999999999998,97.4,106.6,117.05999999999999,101.8
0022400547,PHX,CHA,115.67999999999999,115.62,96.8,100.35999999999999,107.64000000000001,99.9
0022400533,PHX,UTA,112.75999999999999,115.14000000000001,99.1,110.9,106.7,99.9
0022400522,PHX,ATL,108.78,113.9,99.2,110.8,116.78,105.9
0022400502,PHX,CHA,107.32000000000001,112.42,97.5,99.08,105.88,101.158
0022400494,PHX,PHI,108.28,113.08,97.0,115.08000000000001,112.94000000000001,99.6
0022400480,PHX,IND,104.92,112.25999999999999,96.4,116.5,121.97999999999999,100.3
0022400387,PHX,DET,114.0,117.24000000000001,100.0,109.22,118.01999999999998,103.4
0022400369,PHX,IND,115.17999999999999,119.05999999999999,99.8,114.02000000000001,115.66,100.8
0022401219,PHX,POR,114.66,121.31999999999998,97.3,108.94000000000001,105.44000000000001,100.492
0022401214,PHX,UTA,107.3,118.38,97.2,113.0,128.84,102.992
0022400352,PHX,ORL,116.88,123.12,100.3,109.82000000000001,103.64000000000001,96.1
0022400346,PHX,MIA,115.52000000000001,122.14000000000001,99.2,112.5,106.7,97.506
0022400330,PHX,NOP,116.05999999999999,122.67999999999999,97.7,98.98,119.47999999999999,101.1
0022400057,PHX,SAS,112.03333333333335,106.43333333333332,97.83333333333333,118.43333333333334,113.53333333333335,99.5
0022400303,PHX,GSW,114.67999999999999,127.64000000000001,97.3,105.11999999999998,107.04,101.2
0022400297,PHX,BKN,112.62,125.22,97.36800000000001,118.51999999999998,122.54,94.7
0022400039,PHX,LAL,106.4,111.1,95.25,123.85,118.3,98.5
0022400257,PHX,NYK,113.47999999999999,122.72,95.36800000000001,126.32000000000001,116.74000000000001,96.1
0022400249,PHX,ORL,114.94000000000001,121.08000000000001,97.06800000000001,109.4,101.42,96.8
0022400234,PHX,MIN,113.92,119.05999999999999,98.06800000000001,113.62,103.5,99.8
0022400006,PHX,UTA,,,,,,
0022400209,PHX,SAC,116.35999999999999,113.21999999999998,98.8,115.8,112.92,98.712
0022400190,PHX,DAL,114.28,110.3,99.7,113.78000000000002,107.34,101.0
0022400178,PHX,MIA,114.31999999999998,108.25999999999999,99.6,114.17999999999999,110.16,96.8
0022400167,PHX,PHI,113.7,109.64000000000001,99.7,106.72,115.84,98.452
0022400149,PHX,POR,114.24000000000001,110.62,99.668,111.1,114.44000000000001,98.2
0022400131,PHX,LAC,110.5,105.6,99.36800000000001,114.62,107.12,97.668
0022400111,PHX,LAL,112.46,103.38,100.668,111.2,115.23999999999998,99.7
0022400071,PHX,LAC,110.3,103.3,98.125,109.5,104.75,98.0
0022401189,CLE,IND,117.3,113.88,99.0,117.66,111.78,101.8
0022401175,CLE,NYK,119.88,114.04,99.5,115.88,115.63999999999999,94.976
0022401168,CLE,IND,122.12,114.46,100.3,119.96,108.5,100.0
0022401147,CLE,CHI,119.32000000000001,119.05999999999999,100.1,116.17999999999999,114.0,107.4
0022401138,CLE,SAC,120.1,116.8,101.3,114.52000000000001,113.67999999999999,98.3
0022401124,CLE,SAS,123.16,117.52000000000001,100.2,108.22,124.2,100.2
0022401103,CLE,NYK,121.6,113.62,101.0,118.83999999999999,110.6,96.1
0022401081,CLE,LAC,120.52000000000001,115.78,99.4,122.7,108.22,97.56200000000001
0022401067,CLE,DET,121.12,114.8,98.5,125.82000000000001,110.33999999999999,98.4
0022401059,CLE,SAS,122.1,119.55999999999999,97.1,116.74000000000001,113.3,97.8
0022401051,CLE,POR,117.28,118.05999999999999,97.9,118.72,110.75999999999999,97.2
0022401030,CLE,UTA,117.46,122.61999999999998,99.8,101.66,115.52000000000001,102.86200000000001
0022401021,CLE,PHX,116.82000000000001,118.9,99.7,120.32000000000001,111.14000000000001,96.0
0022401009,CLE,SAC,114.94000000000001,113.74000000000001,100.1,111.28,125.47999999999999,97.332
0022400997,CLE,LAC,113.02000000000001,109.17999999999999,101.4,118.11999999999998,107.76000000000002,96.93199999999999
0022400979,CLE,ORL,115.04,109.42,101.1,111.17999999999999,115.16,97.4
0022400962,CLE,MEM,116.6,108.31999999999998,100.8,113.3,110.8,102.0
0022400940,CLE,BKN,117.44000000000001,109.25999999999999,102.168,111.8,120.9,96.1
0022400922,CLE,MIL,121.22,114.0,100.968,120.63999999999999,110.02000000000001,103.6
0022400904,CLE,CHA,124.6,108.7,99.06800000000001,99.58,116.4,100.8
0022400893,CLE,MIA,127.52000000000001,111.92,99.268,116.54,110.97999999999999,94.414
0022400886,CLE,CHI,129.36,110.64000000000001,98.268,118.71999999999998,115.21999999999998,101.416
0022400867,CLE,POR,127.6,107.0,98.0,117.34,102.28,103.8
0022400852,CLE,BOS,126.62,102.82000000000001,100.1,116.5,109.02000000000001,97.2
0022400830,CLE,ORL,125.44000000000001,106.35999999999999,101.8,109.67999999999999,101.64,98.1
0022400819,CLE,MEM,126.44000000000001,106.08,102.0,109.54,115.75999999999999,102.9
0022400797,CLE,NYK,122.22,108.7,101.5,119.0,119.82000000000001,99.316
0022400791,CLE,BKN,121.66,112.11999999999998,101.1,107.32000000000001,105.02000000000001,93.0
0022400774,CLE,TOR,123.62,110.05999999999999,101.7,107.54,118.16000000000001,97.7
0022400755,CLE,MIN,124.88000000000002,111.42,102.0,120.14000000000001,111.05999999999999,97.6
0022400735,CLE,WAS,124.6,108.94000000000001,101.0,106.4,113.3,98.8
0022400718,CLE,DET,124.16,105.1,100.0,115.32000000000001,117.44000000000001,101.2
0022400710,CLE,BOS,129.14000000000001,110.04,100.0,120.14000000000001,110.72,98.8
0022400696,CLE,DAL,127.52000000000001,117.74000000000001,98.7,119.92,119.78,99.6
0022400675,CLE,ATL,123.42,118.14000000000001,97.3,99.46000000000001,109.72,104.5
0022400667,CLE,MIA,121.47999999999999,114.84,97.6,111.46,111.88,97.056
0022400649,CLE,DET,124.4,119.8,97.8,108.24000000000001,108.72,102.6
0022400640,CLE,HOU,119.5,117.75999999999999,99.2,117.66,112.04,99.6
0022400631,CLE,PHI,118.85999999999999,114.51999999999998,99.4,111.35999999999999,128.62,95.35999999999999
0022400615,CLE,HOU,115.34,113.4,100.0,118.96,113.14000000000001,100.4
0022400603,CLE,PHX,118.23999999999998,120.6,99.9,120.72,116.22,100.5
0022400590,CLE,MIN,117.94000000000001,120.88,100.7,121.64000000000001,112.5,95.4
0022400574,CLE,OKC,119.64000000000001,116.58,99.4,120.26000000000002,102.82000000000001,100.9
0022400554,CLE,IND,120.5,116.88,99.9,119.16,104.05999999999999,97.9
0022400543,CLE,IND,125.91999999999999,117.05999999999999,100.2,124.0,108.8,97.5
0022400517,CLE,TOR,120.22,109.17999999999999,101.8,103.82000000000001,121.33999999999999,96.3
0022400509,CLE,OKC,122.8,110.5,102.8,115.4,100.78,100.7
0022400488,CLE,CHA,124.85999999999999,112.34,102.6,98.47999999999999,106.13999999999999,100.858
0022400474,CLE,DAL,125.35999999999999,109.3,101.1,105.74000000000001,109.97999999999999,98.0
0022400454,CLE,LAL,124.58,106.35999999999999,102.2,116.46,112.02000000000001,98.9
0022400446,CLE,GSW,126.35999999999999,112.9,100.8,109.94000000000001,110.12,97.1
0022400424,CLE,DEN,123.74000000000001,109.35999999999999,98.0,119.82000000000001,110.05999999999999,100.526
0022400392,CLE,UTA,121.8,107.22,100.1,112.32000000000001,110.56000000000002,101.5
0022400380,CLE,PHI,118.08,108.13999999999999,101.4,111.25999999999999,103.76000000000002,95.6
0022400374,CLE,MIL,117.85999999999999,114.8,101.4,116.4,116.3,99.2
0022401224,CLE,BKN,113.68000000000002,107.98000000000002,99.872,107.4,120.97999999999999,101.1
0022401208,CLE,WAS,113.98000000000002,111.56000000000002,99.37199999999999,100.84,118.94000000000001,99.0
0022400351,CLE,MIA,118.47999999999999,111.14000000000001,102.3,115.82000000000001,108.8,96.4
0022400340,CLE,CHA,120.22,110.02000000000001,102.9,103.92,114.5,96.2
0022400325,CLE,DEN,122.43999999999998,112.14000000000001,101.1,117.21999999999998,117.02000000000001,99.0
0022400051,CLE,WAS,117.8,118.96666666666665,102.16666666666667,98.89999999999999,112.23333333333333,108.0
0022400307,CLE,BOS,123.16,112.88,99.9,126.16,113.22,94.542
0022400041,CLE,ATL,127.65,121.65,101.75,114.36666666666667,115.53333333333335,107.0
0022400287,CLE,ATL,122.63999999999999,109.1,99.5,103.54,112.67999999999999,106.0
0022400275,CLE,TOR,121.54,109.86000000000001,97.4,116.44000000000001,117.88000000000002,96.042
0022400252,CLE,NOP,119.72,110.66,99.9,105.82000000000001,118.35999999999999,94.9
0022400021,CLE,BOS,132.1,115.6,109.0,117.2,117.0,99.5
0022400236,CLE,CHA,120.58,112.52000000000001,99.7,105.85999999999999,106.08,97.082
0022400013,CLE,CHI,,,,,,
0022400220,CLE,PHI,120.3,113.02000000000001,100.5,108.22,115.88,96.982
0022400212,CLE,CHI,121.17999999999999,114.62,99.0,113.28,121.1,102.9
0022400199,CLE,BKN,121.88,114.46000000000001,100.9,111.22,109.22,95.794
0022400188,CLE,GSW,121.97999999999999,113.55999999999999,100.5,120.55999999999999,108.72,97.18199999999999
0022400175,CLE,NOP,118.22,110.32000000000001,100.1,110.47999999999999,123.66,95.7
0022400154,CLE,MIL,120.71999999999998,110.04,100.9,107.34,118.2,101.7
0022400145,CLE,MIL,119.78,106.7,101.6,108.12,116.24000000000001,102.7
0022400133,CLE,ORL,123.2,105.7,101.7,111.92,106.8,100.6
0022400118,CLE,LAL,120.6,101.48,101.4,113.42,113.28,98.4
0022400106,CLE,NYK,117.78,102.54,102.6,119.35999999999999,116.22,96.2
0022400090,CLE,WAS,116.93999999999998,105.78,100.5,95.88,113.72,106.2
0022400080,CLE,DET,120.54,108.7,102.4,111.12,110.52000000000001,100.19
0022400067,CLE,TOR,117.0,110.15,102.5,102.575,106.7,100.75
0022401196,NOP,OKC,105.67999999999999,128.3,100.4,121.44000000000001,117.78,101.2
0022401177,NOP,MIA,106.25999999999999,123.46,98.4,118.03999999999999,114.22,96.0
0022401150,NOP,BKN,102.4,116.32000000000001,96.1,106.46,116.58,99.2
0022401126,NOP,LAL,109.6,114.2,97.3,119.7,118.91999999999999,98.8
0022401111,NOP,LAC,108.38000000000002,117.52000000000001,97.7,118.23999999999998,108.26000000000002,97.7
0022401085,NOP,CHA,113.64000000000001,122.72,96.7,110.03999999999999,120.58000000000001,96.0
0022401072,NOP,GSW,109.84,125.02000000000001,97.6,106.0,113.12,98.9
0022401041,NOP,PHI,109.25999999999999,127.75999999999999,98.7,117.47999999999999,128.1,101.144
0022401029,NOP,DET,108.38000000000002,124.0,99.0,115.54,108.08,102.9
0022401016,NOP,MIN,111.05999999999999,119.67999999999999,98.3,118.5,109.85999999999999,99.85
0022401001,NOP,MIN,109.72,125.14000000000001,99.0,123.51999999999998,110.64000000000001,100.05
0022400987,NOP,DET,113.52000000000001,121.72,98.6,111.22,108.42,105.2
0022400973,NOP,SAS,113.75999999999999,125.67999999999999,98.3,126.38,134.64000000000001,98.4
0022401141,NOP,ORL,105.54,112.54,96.8,110.17999999999999,103.92,94.3
0022400943,NOP,LAC,112.94000000000001,125.4,98.9,117.04,114.94000000000001,93.532
0022400923,NOP,MEM,114.25999999999999,129.24,98.7,116.02000000000001,117.52000000000001,103.1
0022400913,NOP,HOU,117.16000000000001,124.24000000000001,97.7,111.36000000000001,113.22,100.3
0022400902,NOP,HOU,118.54,122.2,98.6,109.32000000000001,112.82000000000001,100.6
0022400890,NOP,LAL,117.22,112.9,99.7,115.42,105.75999999999999,95.9
0022400872,NOP,UTA,111.92,110.74000000000001,100.0,111.05999999999999,118.2,100.7
0022400857,NOP,PHX,113.94000000000001,107.67999999999999,101.578,115.26000000000002,122.8,101.99199999999999
0022400848,NOP,PHX,110.97999999999999,108.04,101.77799999999999,113.75999999999999,120.51999999999998,102.69199999999998
0022400833,NOP,SAS,109.6,114.44000000000001,101.77799999999999,110.5,114.76000000000002,101.7
0022400818,NOP,SAS,108.94000000000001,118.14000000000001,103.178,114.92,115.94000000000001,100.3
0022400803,NOP,DAL,111.8,124.54,103.27799999999999,120.96,116.42,96.91600000000001
0022400785,NOP,SAC,110.58,127.6,101.8,113.83999999999999,116.54,100.41600000000001
0022400777,NOP,SAC,110.0,126.24000000000001,103.0,113.72,117.92,99.916
0022400761,NOP,OKC,116.4,125.97999999999999,103.3,128.08,105.94000000000001,101.8
0022400750,NOP,SAC,115.14000000000001,125.34,102.0,110.96,125.4,97.8
0022400706,NOP,DEN,112.11999999999998,123.46,102.3,115.97999999999999,123.22000000000003,100.6
0022400683,NOP,BOS,111.21999999999998,122.74000000000001,101.6,114.72,111.96,96.982
0022400670,NOP,DAL,106.58,117.46,101.36800000000001,116.53999999999999,115.17999999999999,99.0
0022400654,NOP,TOR,112.74000000000001,119.82000000000001,101.168,114.24000000000001,106.28000000000002,100.2
0022400637,NOP,CHA,117.62,117.74000000000001,101.668,113.62,114.12,100.2
0022400632,NOP,MEM,116.22,111.82000000000001,101.968,122.67999999999999,112.62,102.0
0022400605,NOP,UTA,121.71999999999998,115.78,101.3,109.32000000000001,115.12,97.748
0022400581,NOP,UTA,117.3,117.5,99.1,109.4,113.52000000000001,97.248
0022400566,NOP,DAL,114.2,116.0,98.1,110.0,113.12,98.4
0022400557,NOP,CHI,112.84,113.64000000000001,97.6,119.92,115.02000000000001,103.6
0022400542,NOP,BOS,114.92,113.63999999999999,97.8,115.62,113.3,93.0
0022400527,NOP,PHI,112.56000000000002,115.5,97.1,110.58,114.14000000000001,98.1
0022400514,NOP,POR,113.88,113.81999999999998,98.1,112.02000000000001,117.25999999999999,99.1
0022400505,NOP,MIN,116.64000000000001,116.8,100.4,114.35999999999999,118.61999999999998,95.8
0022400489,NOP,WAS,115.75999999999999,121.62,101.4,112.8,115.38,103.678
0022400472,NOP,WAS,111.43999999999998,119.85999999999999,102.826,108.85999999999999,112.94000000000001,104.478
0022400214,NOP,BKN,112.7,125.62,96.8,108.92,110.61999999999998,94.39399999999999
0022400186,NOP,ORL,113.3,124.02000000000001,96.3,98.16,109.42,100.3
0022400175,NOP,CLE,110.47999999999999,123.66,95.7,118.22,110.32000000000001,100.1
0022400164,NOP,POR,110.44000000000001,123.78000000000002,96.5,109.91999999999999,113.85999999999999,98.3
0022400152,NOP,ATL,108.35999999999999,118.26000000000002,97.3,111.62,120.2,104.2
0022400138,NOP,IND,105.62,114.74000000000001,99.3,109.17999999999999,115.4,100.716
0022400126,NOP,GSW,107.84,115.46,101.3,117.68000000000002,102.08000000000001,103.6
0022400116,NOP,GSW,107.14000000000001,112.24000000000001,102.1,114.46,101.38,104.4
0022400099,NOP,POR,103.74000000000001,112.34,103.1,102.6,118.24000000000001,100.7
0022400086,NOP,POR,105.12,112.14000000000001,101.3,106.55999999999999,119.04,100.5
0022400069,NOP,CHI,102.925,114.475,99.625,121.05,118.85,107.375
0022401190,MIA,WAS,117.8,109.88,100.1,99.3,120.24000000000001,96.4
0022401145,MIA,PHI,120.38,107.42,95.9,105.88,120.8,97.8
0022400786,MIA,DAL,103.96,114.01999999999998,96.8,121.3,117.98000000000002,96.41600000000001
0022400685,GSW,PHX,118.82000000000001,113.58,98.5,111.98000000000002,111.66,96.9
0022400673,GSW,OKC,113.74000000000001,118.04,97.4,117.64000000000001,111.53999999999999,98.7
0022400661,GSW,UTA,114.88000000000002,119.85999999999999,97.8,111.42,117.35999999999999,101.368
0022400550,GSW,TOR,106.92,116.1,97.6,111.42,123.82000000000001,96.9
0022400525,GSW,IND,115.2,115.28,97.9,122.51999999999998,111.02000000000001,99.8
0022400518,GSW,DET,111.24000000000001,115.13999999999999,99.6,113.08,103.67999999999999,97.9
0022400508,GSW,MIA,113.3,112.78,99.9,110.46,117.6,97.3
0022400492,GSW,SAC,112.05999999999999,107.8,99.6,117.96,114.9,101.5
0022400485,GSW,MEM,111.4,109.42,98.7,117.74000000000001,116.96,108.4
0022400467,GSW,PHI,104.74000000000001,110.4,98.7,117.22,111.46,98.2
0022400426,GSW,LAC,110.14000000000001,117.4,98.2,103.7,109.74000000000001,99.3
0022400383,GSW,MIN,101.46000000000001,113.14000000000001,99.1,108.55999999999999,100.26,99.0
0022400366,GSW,MEM,103.38,106.72,98.4,120.38,107.03999999999999,107.6
0022401204,GSW,HOU,112.78,106.9,97.22200000000001,113.2,120.56000000000002,100.5
0022400355,GSW,MIN,103.85999999999999,110.25999999999999,99.1,109.4,97.7,97.3
0022400338,GSW,MIN,106.11999999999998,111.72,97.5,109.42,101.96000000000001,97.0
0022400332,GSW,HOU,107.12,109.85999999999999,100.5,108.78000000000002,105.16,102.396
0022400058,GSW,DEN,114.13333333333333,108.56666666666666,104.5,109.23333333333333,109.93333333333334,102.0
0022400303,GSW,PHX,105.11999999999998,107.04,101.2,114.67999999999999,127.64000000000001,97.3
0022400299,GSW,OKC,110.98000000000002,109.47999999999999,100.8,121.67999999999999,111.0,98.1
0022400284,GSW,BKN,108.6,109.04,102.4,114.4,121.12,93.3
0022400269,GSW,SAS,112.74000000000001,109.52000000000001,103.3,113.0,109.92,102.9
0022400032,GSW,NOP,114.65,109.4,106.75,99.5,114.7,97.5
0022400258,GSW,ATL,115.35999999999999,113.93999999999998,101.6,112.22,114.43999999999998,102.3
0022400251,GSW,LAC,119.88,116.55999999999999,100.482,113.97999999999999,111.82000000000001,98.2
0022400019,GSW,MEM,116.5,112.5,103.5,,,
0022400207,GSW,OKC,116.58,112.05999999999999,99.38199999999999,115.43999999999998,101.94,102.5
0022400188,GSW,CLE,120.55999999999999,108.72,97.18199999999999,121.97999999999999,113.55999999999999,100.5
0022400172,GSW,BOS,115.97999999999999,107.12,98.68199999999999,117.9,104.7,101.964
0022400155,GSW,WAS,116.6,101.92,98.68199999999999,109.25999999999999,116.96,104.6
0022400144,GSW,HOU,118.54,98.56,101.0,113.94000000000001,108.58,97.4
0022400126,GSW,NOP,117.68000000000002,102.08000000000001,103.6,107.84,115.46,101.3
0022400116,GSW,NOP,114.46,101.38,104.4,107.14000000000001,112.24000000000001,102.1
0022400101,GSW,LAC,117.02000000000001,100.9,105.7,110.92,101.97999999999999,96.968
0022400084,GSW,UTA,115.66,106.85999999999999,105.7,116.12,126.82000000000001,99.3
0022400072,GSW,POR,112.475,109.5,105.0,109.125,116.7,98.5
0022401171,MIL,DET,125.05999999999999,113.52000000000001,98.0,111.84,113.97999999999999,99.6
0022401161,MIL,NOP,123.47999999999999,120.66,97.4,104.54,116.3,97.6
0022401152,MIL,MIN,122.6,122.9,97.7,122.84,111.96000000000001,94.36800000000001
0022401131,MIL,MIA,123.4,126.59999999999998,98.4,123.84,107.44000000000001,96.2
0022401115,MIL,PHI,120.44000000000001,126.54,97.5,103.72,118.66,98.0
0022401101,MIL,PHX,118.35999999999999,124.4,96.4,114.31999999999998,128.98,96.4
0022401083,MIL,ATL,113.9,118.17999999999999,94.8,123.72,116.05999999999999,99.7
0022401070,MIL,NYK,115.7,112.38000000000002,95.1,115.17999999999999,118.17999999999999,98.2
0022401043,MIL,PHX,115.35999999999999,112.0,96.5,123.81999999999998,111.12,96.3
0022401027,MIL,SAC,114.75999999999999,109.3,98.7,117.52000000000001,126.9,98.4
0022400996,MIL,LAL,114.3,115.14000000000001,99.7,112.74000000000001,117.1,97.6
0022401012,MIL,GSW,118.42,111.1,99.2,116.32000000000001,108.84,99.9
0022400982,MIL,OKC,115.6,113.8,99.2,118.14000000000001,110.28,100.3
0022400972,MIL,IND,116.74000000000001,110.58,100.0,113.34,115.28,100.3
0022400955,MIL,LAL,115.38000000000002,112.2,101.3,117.48000000000002,112.96000000000001,94.81800000000001
0022400942,MIL,IND,118.22,111.67999999999999,102.0,115.94000000000001,114.62,100.8
0022400922,MIL,CLE,120.63999999999999,110.02000000000001,103.6,121.22,114.0,100.968
0022400917,MIL,ORL,117.3,106.86000000000001,104.4,109.04,116.42,95.2
0022400897,MIL,DAL,115.94000000000001,109.34,103.0,104.42,117.16,99.5
0022400884,MIL,ATL,113.44000000000001,106.74000000000001,101.5,117.1,122.32000000000001,102.6
0022400865,MIL,DAL,111.24000000000001,106.02000000000001,100.8,106.03999999999999,108.66,100.5
0022400846,MIL,DEN,108.24000000000001,104.52000000000001,100.3,124.28,116.17999999999999,101.8
0022400831,MIL,HOU,109.78,108.35999999999999,101.4,108.38,107.66,100.7
0022400817,MIL,MIA,111.0,110.43999999999998,102.4,104.88,113.66,94.376
0022400799,MIL,WAS,111.76000000000002,113.17999999999999,102.6,117.82000000000001,122.36000000000001,100.516
0022400793,MIL,LAC,112.42,112.9,101.4,114.78,115.97999999999999,100.1
0022400699,MIL,MEM,119.23999999999998,119.75999999999999,100.3,122.64000000000001,119.67999999999999,101.8
0022400684,MIL,SAS,118.3,113.46,99.7,112.92,126.28000000000002,101.6
0022400662,MIL,POR,120.8,110.16,99.6,111.8,104.4,96.5
0022400658,MIL,UTA,121.28,110.12,100.0,113.08000000000001,118.26000000000002,102.268
0022400646,MIL,LAC,121.8,103.17999999999999,100.4,115.67999999999999,98.6,96.782
0022400624,MIL,MIA,122.28,106.78,100.7,112.62,118.85999999999999,98.2
0022400594,MIL,PHI,118.61999999999998,112.97999999999999,100.5,111.16,121.25999999999999,94.66
0022400580,MIL,TOR,117.08,112.02000000000001,100.2,114.94000000000001,117.52000000000001,96.0
0022400564,MIL,ORL,118.7,114.5,99.8,105.42,108.67999999999999,93.9
0022400558,MIL,SAC,113.16,112.5,99.8,120.4,107.88,100.7
0022400539,MIL,NYK,113.96,107.32000000000001,99.7,109.0,117.6,98.9
0022400526,MIL,ORL,113.5,105.8,102.2,103.9,107.9,93.7
0022400516,MIL,SAS,110.85999999999999,107.32000000000001,102.8,111.46000000000001,107.4,99.444
0022400497,MIL,TOR,107.0,109.54,102.1,104.92,125.05999999999999,101.2
0022400483,MIL,POR,108.75999999999999,106.55999999999999,102.3,113.8,122.85999999999999,99.5
0022400465,MIL,BKN,108.72,103.73999999999998,102.7,107.85999999999999,114.1,94.6
0022400450,MIL,IND,105.76000000000002,106.8,102.0,116.64000000000001,117.24000000000001,98.4
0022400374,MIL,CLE,116.4,116.3,99.2,117.85999999999999,114.8,101.4
0022401229,MIL,ATL,122.75999999999999,112.88,99.64399999999999,118.0,107.7,100.8
0022401201,MIL,ORL,122.34,112.55999999999999,99.14399999999999,116.28,105.96,96.5
0022400348,MIL,BKN,115.88,113.82000000000001,100.1,109.96,110.75999999999999,99.8
0022400335,MIL,BOS,114.17999999999999,110.4,101.0,118.81999999999998,106.94000000000001,97.9
0022400323,MIL,ATL,117.93999999999998,111.47999999999999,99.4,109.55999999999999,110.01999999999998,106.8
0022400052,MIL,DET,114.46666666666665,104.26666666666667,97.5,113.53333333333335,104.0,99.81666666666666
0022400302,MIL,WAS,116.91999999999999,111.75999999999999,98.47200000000001,106.67999999999999,124.94000000000001,101.2
0022400268,MIL,CHA,114.72,111.94000000000001,97.272,111.74000000000001,109.8,96.49199999999999
0022400029,MIL,IND,100.0,86.7,98.5,111.0,121.6,101.0
0022400253,MIL,CHI,109.08,114.53999999999999,96.97200000000001,114.16,116.25999999999999,104.4
0022400248,MIL,HOU,114.04,114.96,96.572,110.52000000000001,103.08,102.5
0022400229,MIL,CHA,112.85999999999999,113.98000000000002,97.572,103.14000000000001,105.62,97.282
0022400223,MIL,DET,113.1,115.1,97.3,110.84,105.85999999999999,99.0
0022400005,MIL,TOR,,,,,,
0022400202,MIL,BOS,110.47999999999999,115.28000000000002,98.5,116.5,106.2,97.694
0022400189,MIL,NYK,111.88,114.16,99.9,116.48000000000002,112.63999999999999,96.5
0022400182,MIL,UTA,107.12,116.78000000000002,100.3,103.05999999999999,114.85999999999999,101.6
0022400145,MIL,CLE,108.12,116.24000000000001,102.7,119.78,106.7,101.6
0022400128,MIL,MEM,114.24000000000001,113.97999999999999,102.2,112.7,116.7,104.2
0022400104,MIL,BOS,117.16000000000001,113.55999999999999,99.6,124.82000000000001,111.52000000000001,100.0
0022400098,MIL,BKN,121.14000000000001,112.4,100.9,108.12,119.92,98.1
0022400083,MIL,CHI,118.34,105.34,99.0,117.4,117.85999999999999,107.5
0022400066,MIL,PHI,117.525,104.42500000000001,98.5,108.15,109.25,94.25
0022401186,ORL,ATL,119.28,104.12,94.6,123.0,117.75999999999999,100.9
0022401172,ORL,IND,113.4,102.84,92.2,121.02000000000001,109.3,99.7
0022401156,ORL,BOS,117.24000000000001,104.52000000000001,93.6,123.76000000000002,114.13999999999999,92.876
0022401149,ORL,ATL,111.66,102.24,93.6,121.58,121.71999999999998,103.2
0022401112,ORL,WAS,112.17999999999999,105.16,94.6,109.53999999999999,123.58,100.7
0022400988,ORL,SAS,109.5,112.25999999999999,98.0,126.97999999999999,130.9,99.5
0022400979,ORL,CLE,111.17999999999999,115.16,97.4,115.04,109.42,101.1
0022400934,ORL,HOU,109.72,120.8,94.8,117.14000000000001,115.58,100.1
0022400917,ORL,MIL,109.04,116.42,95.2,117.3,106.86000000000001,104.4
0022400944,ORL,CHI,110.53999999999999,115.14000000000001,94.7,111.11999999999998,112.22,103.91599999999998
0022400870,ORL,TOR,107.92,112.96,97.1,106.25999999999999,112.05999999999999,98.692
0022400845,ORL,GSW,105.9,105.97999999999999,96.6,119.66,102.96,99.7
0022400830,ORL,CLE,109.67999999999999,101.64,98.1,125.44000000000001,106.35999999999999,101.8
0022400815,ORL,WAS,110.1,105.96,98.1,112.02000000000001,121.02000000000001,102.21600000000001
0022400798,ORL,MEM,107.85999999999999,108.0,97.5,117.12,116.78,102.3
0022400790,ORL,ATL,111.9,109.3,96.9,116.74000000000001,112.55999999999999,104.492
0022400770,ORL,CHA,110.58,112.7,97.4,109.97999999999999,117.32000000000001,95.4
0022400756,ORL,ATL,108.58,112.9,97.7,118.82000000000001,115.32000000000001,105.3
0022400743,ORL,SAS,105.04,116.46,96.5,115.66,114.94000000000001,103.4
0022400730,ORL,DEN,107.94000000000001,116.35999999999999,95.256,126.47999999999999,118.67999999999999,99.3
0022400727,ORL,SAC,104.35999999999999,115.62,96.45599999999999,113.72,124.2,98.5
0022400708,ORL,GSW,100.53999999999999,114.75999999999999,96.356,115.38,113.97999999999999,99.4
0022400687,ORL,UTA,101.11999999999999,116.08,94.556,113.44000000000001,124.8,98.4
0022400678,ORL,POR,101.96,112.94000000000001,95.856,114.98000000000002,107.25999999999999,95.8
0022400652,ORL,MIA,101.36,117.3,95.5,111.32000000000001,117.47999999999999,98.6
0022400638,ORL,DET,95.58,118.16000000000001,96.1,110.66,109.02000000000001,102.2
0022400593,ORL,DEN,102.2,116.72,95.3,121.34,111.32000000000001,98.2
0022400577,ORL,BOS,104.18000000000002,110.5,95.4,107.8,113.74000000000001,97.3
0022400564,ORL,MIL,105.42,108.67999999999999,93.9,118.7,114.5,99.8
0022400544,ORL,PHI,106.38,108.96,93.4,112.41999999999999,116.17999999999999,98.0
0022400526,ORL,MIL,103.9,107.9,93.7,113.5,105.8,102.2
0022400519,ORL,MIN,107.94000000000001,108.51999999999998,92.7,112.28,115.94000000000001,96.0
0022400496,ORL,NYK,103.2,110.6,93.5,117.3,114.8,102.078
0022400490,ORL,UTA,102.38000000000001,107.72,93.3,117.66,117.02000000000001,100.4
0022400470,ORL,TOR,99.4,105.92,96.3,106.7,127.97999999999999,104.4
0022400455,ORL,DET,104.24000000000001,107.08,96.7,118.32000000000001,119.38,102.4
0022400436,ORL,BKN,101.9,105.74000000000001,98.3,101.91999999999999,105.4,96.3
0022400419,ORL,NYK,107.0,105.22,99.2,122.32000000000001,110.14000000000001,99.0
0022400411,ORL,MIA,108.44000000000001,108.16000000000001,99.0,115.85999999999999,112.76000000000002,96.9
0022400393,ORL,BOS,111.67999999999999,110.82000000000001,96.0,117.72,112.24000000000001,100.9
0022400377,ORL,MIA,107.64000000000001,107.02000000000001,95.6,116.4,109.97999999999999,96.5
0022400361,ORL,OKC,112.38,107.8,97.4,118.88,104.92,101.0
0022401227,ORL,NYK,113.46,108.78,98.0,110.46000000000001,114.02000000000001,95.476
0022401201,ORL,MIL,116.28,105.96,96.5,122.34,112.55999999999999,99.14399999999999
0022400352,ORL,PHX,109.82000000000001,103.64000000000001,96.1,116.88,123.12,100.3
0022400333,ORL,PHI,114.38,104.14000000000001,95.3,108.47999999999999,114.64000000000001,97.096
0022400053,ORL,NYK,115.33333333333333,94.2,97.0,114.2,110.0,97.0
0022400305,ORL,BKN,113.88000000000002,108.68000000000002,96.5,120.9,123.38,96.1
0022400043,ORL,BKN,110.25,90.3,96.5,116.86666666666667,121.8,96.0
0022400289,ORL,CHI,112.8,108.02000000000001,93.5,115.46000000000001,125.05999999999999,102.6
0022400277,ORL,CHA,111.74000000000001,108.52000000000001,94.3,112.7,116.17999999999999,98.49199999999999
0022400265,ORL,DET,113.34,106.54,94.8,113.96,113.51999999999998,97.28200000000001
0022400263,ORL,LAL,112.75999999999999,100.8,94.5,120.3,115.34,97.3
0022400259,ORL,LAC,116.7,103.22,94.6,111.92,111.04,99.2
0022400249,ORL,PHX,109.4,101.42,96.8,114.94000000000001,121.08000000000001,97.06800000000001
0022400010,ORL,PHI,114.0,88.1,100.5,99.0,111.0,100.0
0022400217,ORL,IND,106.85999999999999,104.23999999999998,97.6,118.0,119.2,98.6
0022400003,ORL,CHA,,,,,,
0022400204,ORL,WAS,102.7,107.75999999999999,99.1,108.7,116.44000000000001,104.6
0022400186,ORL,NOP,98.16,109.42,100.3,113.3,124.02000000000001,96.3
0022400163,ORL,OKC,102.97999999999999,111.3,101.9,114.53999999999999,96.92,103.2
0022400153,ORL,DAL,109.82000000000001,110.32000000000001,101.4,111.86000000000001,111.17999999999999,98.8
0022400133,ORL,CLE,111.92,106.8,100.6,123.2,105.7,101.7
0022400102,ORL,IND,114.8,108.14000000000001,100.0,105.42,117.14000000000001,101.05199999999999
0022400092,ORL,MEM,114.75999999999999,103.02000000000001,97.6,108.6,112.66,107.1
0022400077,ORL,BKN,113.88,100.24,98.0,112.62,121.04,98.2
0022400065,ORL,MIA,112.75,100.3,98.125,119.1,115.775,95.4875
0022401151,NYK,BOS,115.66000000000001,106.58,95.7,125.9,114.32000000000001,93.5
0022401140,NYK,PHX,116.24000000000001,108.24000000000001,95.9,113.0,135.66,97.0
0022400903,NYK,LAL,110.46,114.04,96.914,118.08,108.16000000000001,96.2
0022400869,NYK,MIA,107.14000000000001,116.14000000000001,99.824,119.08,115.92,94.676
0022400053,NYK,ORL,114.2,110.0,97.0,115.33333333333333,94.2,97.0
0022400308,NYK,NOP,128.26,119.42,99.6,101.14,118.4,96.8
0022400040,NYK,CHA,117.5,111.75,99.5,103.35,116.2,99.0
0022400292,NYK,DAL,130.38,117.0,97.7,114.78,110.05999999999999,101.306
0022400283,NYK,DEN,125.03999999999999,117.72,98.3,117.32000000000001,111.94000000000001,101.9
0022400264,NYK,UTA,128.7,120.88,97.6,113.83999999999999,117.4,99.8
0022400257,NYK,PHX,126.32000000000001,116.74000000000001,96.1,113.47999999999999,122.72,95.36800000000001
0022400246,NYK,WAS,121.6,118.85999999999999,96.9,102.96,121.4,101.8
0022400240,NYK,BKN,117.05999999999999,118.4,97.8,111.4,117.08000000000001,93.69399999999999
0022400014,NYK,BKN,111.0,99.0,100.0,,,
0022400219,NYK,CHI,119.26000000000002,114.12,96.9,113.47999999999999,120.22,103.2
0022400004,NYK,PHI,,,,,,
0022400203,NYK,IND,119.5,109.97999999999999,96.0,113.84,117.32000000000001,100.264
0022400189,NYK,MIL,116.48000000000002,112.63999999999999,96.5,111.88,114.16,99.9
0022400171,NYK,ATL,118.64000000000001,108.2,96.1,110.47999999999999,117.88,103.8
0022400161,NYK,HOU,121.52000000000001,113.78,95.8,114.67999999999999,109.4,97.58200000000001
0022400134,NYK,DET,119.38,114.97999999999999,96.3,109.78,113.64000000000001,97.0
0022400122,NYK,MIA,116.22,113.75999999999999,95.8,113.67999999999999,112.96,95.2
0022400106,NYK,CLE,119.35999999999999,116.22,96.2,117.78,102.54,102.6
0022400081,NYK,IND,116.2,116.02000000000001,96.7,108.58,119.02000000000001,103.2
0022400061,NYK,BOS,115.3,108.75,98.125,120.025,114.35,100.5
0022401122,POR,CHI,110.0,116.16,99.7,117.28,116.44000000000001,106.2
0022401116,POR,TOR,113.04,123.8,97.9,111.5,102.47999999999999,104.1
0022401097,POR,ATL,116.6,125.96,95.1,124.52000000000001,119.08,100.8
0022401082,POR,NYK,119.82000000000001,122.35999999999999,96.3,117.46,115.43999999999998,98.2
0022401066,POR,SAC,120.38,115.35999999999999,96.8,113.32000000000001,122.76000000000002,96.8
0022401051,POR,CLE,118.72,110.75999999999999,97.2,117.28,118.05999999999999,97.9
0022401034,POR,BOS,115.66,104.64000000000001,97.45599999999999,120.12,111.63999999999999,92.7
0022401022,POR,DEN,112.75999999999999,107.94000000000001,98.356,111.54,117.32000000000001,101.6
0022401008,POR,MEM,111.3,110.8,99.256,119.5,113.28,103.3
0022400995,POR,WAS,105.96,112.38,99.856,106.58,115.42,104.0
0022400980,POR,TOR,109.32000000000001,118.5,99.256,114.7,106.2,104.4
0022400953,POR,NYK,112.22,118.05999999999999,99.6,110.78,109.62,96.232
0022400938,POR,GSW,111.3,115.6,99.968,116.62,111.35999999999999,100.7
0022400891,POR,BOS,118.58,109.38000000000002,101.56800000000001,116.05999999999999,114.42,95.6
0022400876,POR,PHI,120.38,104.66,103.56800000000001,110.38,121.2,99.1
0022400867,POR,CLE,117.34,102.28,103.8,127.6,107.0,98.0
0022400839,POR,WAS,115.22,113.97999999999999,103.3,107.8,114.2,99.21600000000001
0022400827,POR,UTA,112.25999999999999,114.38,103.2,113.64000000000001,121.84,102.9
0022400810,POR,CHA,107.66000000000001,118.43999999999998,101.7,106.74000000000001,116.13999999999999,95.4
0022400796,POR,LAL,110.72,115.64000000000001,100.5,121.05999999999999,111.22,102.2
0022400780,POR,DEN,110.96,113.84,98.15599999999999,132.9,110.55999999999999,98.0
0022400763,POR,DEN,112.67999999999999,105.62,98.556,125.32000000000001,108.42,97.7
0022400747,POR,MIN,119.72,102.82000000000001,96.45599999999999,127.14000000000001,115.2,96.3
0022400732,POR,SAC,123.24000000000001,104.85999999999999,96.45599999999999,113.54,123.78000000000002,97.0
0022400716,POR,IND,123.12,111.6,95.856,120.58000000000001,115.67999999999999,103.1
0022400709,POR,PHX,120.88,108.7,96.4,116.2,114.52000000000001,99.9
0022400694,POR,PHX,117.25999999999999,104.52000000000001,94.8,117.96,107.54,98.3
0022400678,POR,ORL,114.98000000000002,107.25999999999999,95.8,101.96,112.94000000000001,95.856
0022400662,POR,MIL,111.8,104.4,96.5,120.8,110.16,99.6
0022400647,POR,OKC,109.05999999999999,103.1,98.4,118.05999999999999,110.1,101.0
0022400630,POR,CHA,105.96,106.5,99.0,116.24000000000001,116.62,101.0
0022400622,POR,ORL,107.96,115.84,100.0,101.38000000000001,118.64000000000001,95.5
0022400607,POR,MIA,104.0,118.08,100.2,114.86000000000001,114.9,98.4
0022400597,POR,CHI,104.06000000000002,121.96,99.6,113.4,114.02000000000001,103.0
0022400536,POR,MIA,114.58,113.64000000000001,97.1,107.67999999999999,113.4,97.6
0022400521,POR,DAL,113.16,115.54,96.9,107.96,113.08,100.8
0022400514,POR,NOP,112.02000000000001,117.25999999999999,99.1,113.88,113.81999999999998,98.1
0022400493,POR,DET,113.2,117.17999999999999,99.4,111.74000000000001,108.94000000000001,99.5
0022400483,POR,MIL,113.8,122.85999999999999,99.5,108.75999999999999,106.55999999999999,102.3
0022400468,POR,LAL,111.12,122.62,99.7,116.94000000000001,117.38,97.9
0022400447,POR,PHI,115.08,121.9,100.2,113.72,114.96,96.7
0022400434,POR,DAL,110.82000000000001,120.28,99.0,112.1,107.4,95.9
0022400417,POR,UTA,105.22,122.9,100.1,113.02000000000001,113.04,102.6
0022400401,POR,DAL,109.3,123.62,100.4,119.44000000000001,111.7,101.3
0022400386,POR,SAS,114.38,126.66,99.4,116.97999999999999,123.55999999999999,103.112
0022400371,POR,DEN,108.02000000000001,125.25999999999999,100.3,118.96,113.7,103.3
0022401219,POR,PHX,108.94000000000001,105.44000000000001,100.492,114.66,121.31999999999998,97.3
0022401215,POR,SAS,105.9,102.78,102.792,112.1,116.97999999999999,100.6
0022400358,POR,LAL,108.84,123.21999999999998,100.6,106.42,117.1,97.14
0022400339,POR,UTA,109.8,118.38,99.5,108.97999999999999,114.58,98.9
0022400060,POR,LAC,107.46666666666665,109.60000000000001,100.66666666666667,100.0,101.63333333333333,100.0
0022400312,POR,DAL,106.47999999999999,113.14000000000001,99.5,117.2,110.38,101.106
0022400049,POR,SAC,103.1,109.75,102.0,104.0,112.75,98.0
0022400288,POR,IND,103.0,106.24000000000001,101.2,113.12,113.38,102.9
0022400282,POR,MEM,100.34,106.72,102.5,120.18000000000002,106.3,103.3
0022400267,POR,HOU,99.12,111.34,103.4,111.67999999999999,98.4,105.2
0022400031,POR,HOU,120.8,106.9,101.0,119.0,98.1,105.5
0022400256,POR,OKC,101.22,114.42,102.5,121.02000000000001,115.2,99.1
0022400239,POR,ATL,104.52000000000001,114.34,100.6,111.63999999999999,116.34,102.9
0022400226,POR,MIN,102.75999999999999,114.94000000000001,100.8,115.9,106.25999999999999,98.6
0022400008,POR,MIN,,,,,,
0022400210,POR,MEM,109.38,118.2,98.7,119.97999999999999,106.04,100.8
0022400193,POR,MIN,111.9,116.12,96.9,119.8,114.72,97.7
0022400183,POR,SAS,109.8,113.9,97.5,105.42,109.71999999999998,98.0
0022400164,POR,NOP,109.91999999999999,113.85999999999999,98.3,110.44000000000001,123.78000000000002,96.5
0022400149,POR,PHX,111.1,114.44000000000001,98.2,114.24000000000001,110.62,99.668
0022400140,POR,OKC,107.55999999999999,112.72,99.9,114.38,95.38,102.2
0022400127,POR,LAC,108.05999999999999,117.97999999999999,99.4,111.85999999999999,104.38,97.668
0022400112,POR,SAC,111.3,116.96000000000001,99.5,111.5,115.04,100.1
0022400099,POR,NOP,102.6,118.24000000000001,100.7,103.74000000000001,112.34,103.1
0022400086,POR,NOP,106.55999999999999,119.04,100.5,105.12,112.14000000000001,101.3
0022400072,POR,GSW,109.125,116.7,98.5,112.475,109.5,105.0
0022400575,POR,LAC,114.96,120.62,97.0,115.96,99.3,97.9
0022400560,POR,BKN,112.92,114.68000000000002,97.1,101.08,117.08,98.248
0022401191,PHI,CHI,113.14000000000001,118.97999999999999,98.6,115.52000000000001,108.94000000000001,103.9
0022401173,PHI,ATL,110.54,115.82000000000001,97.7,121.12,119.5,101.3
0022401157,PHI,WAS,107.08,119.54,98.6,103.4,118.28,96.2
0022401145,PHI,MIA,105.88,120.8,97.8,120.38,107.42,95.9
0022401130,PHI,MIN,106.2,121.34,98.3,118.84,111.9,96.06800000000001
0022401098,PHI,NYK,108.55999999999999,123.42,98.7,120.44000000000001,111.25999999999999,97.8
0022401087,PHI,TOR,111.85999999999999,124.52000000000001,97.7,104.88000000000002,102.3,102.9
0022401076,PHI,MIA,111.42,126.0,99.0,119.17999999999999,108.34,95.6
0022401053,PHI,WAS,113.54,127.64000000000001,99.244,97.34,111.96,103.1
0022401041,PHI,NOP,117.47999999999999,128.1,101.144,109.25999999999999,127.75999999999999,98.7
0022401194,MEM,DAL,113.9,112.4,101.3,106.96000000000001,116.16,100.1
0022400971,MEM,MIA,116.25999999999999,112.12,103.0,106.28,114.64000000000001,95.8
0022400962,MEM,CLE,113.3,110.8,102.0,116.6,108.31999999999998,100.8
0022400935,MEM,PHX,116.4,117.03999999999999,101.7,122.82000000000001,121.44000000000001,97.344
0022400895,MEM,OKC,123.85999999999999,124.14000000000001,102.392,126.58,118.6,104.63
0022400400,WAS,OKC,107.8,118.05999999999999,104.0,114.66,103.72,99.7
0022401217,WAS,BOS,102.25999999999999,114.38,100.8,111.67999999999999,101.56,94.576
0022401208,WAS,CLE,100.84,118.94000000000001,99.0,113.98000000000002,111.56000000000002,99.37199999999999
0022400353,WAS,MEM,104.3,118.66,102.8,118.35999999999999,105.14000000000001,106.7
0022400341,WAS,DEN,103.16,125.05999999999999,101.0,119.58,118.5,101.4
0022400326,WAS,DAL,104.52000000000001,123.51999999999998,100.2,118.85999999999999,111.78000000000002,102.106
0022400051,WAS,CLE,98.89999999999999,112.23333333333333,108.0,117.8,118.96666666666665,102.16666666666667
0022400302,WAS,MIL,106.67999999999999,124.94000000000001,101.2,116.91999999999999,111.75999999999999,98.47200000000001
0022400291,WAS,LAC,106.08,122.2,101.1,111.28,106.38,97.8
0022400035,WAS,CHI,98.35,109.0,108.25,120.75,122.0,108.75
0022400246,WAS,NYK,102.96,121.4,101.8,121.6,118.85999999999999,96.9
0022400237,WAS,DET,104.1,120.88,102.3,110.92,109.38,99.772
0022400213,WAS,HOU,105.66,119.71999999999998,102.3,112.75999999999999,109.32000000000001,98.18199999999999
0022400204,WAS,ORL,108.7,116.44000000000001,104.6,102.7,107.75999999999999,99.1
0022400147,WAS,MIA,106.97999999999999,116.96,104.7,113.05999999999999,113.54,96.4
0022400121,WAS,ATL,101.88000000000001,118.05999999999999,105.0,112.43999999999998,113.16,103.8
0022400103,WAS,ATL,97.47999999999999,116.35999999999999,104.6,112.35999999999999,115.3,104.4
0022400090,WAS,CLE,95.88,113.72,106.2,116.93999999999998,105.78,100.5
0022400073,WAS,BOS,95.1,112.825,106.875,125.04,115.44000000000001,98.6
0022401127,LAC,DAL,121.17999999999999,107.22,97.6,111.02000000000001,112.8,101.2
0022401111,LAC,NOP,118.23999999999998,108.26000000000002,97.7,108.38000000000002,117.52000000000001,97.7
0022400674,WAS,LAL,100.52,120.23999999999998,99.0,116.02000000000001,106.24000000000001,97.2
0022400665,WAS,TOR,101.96000000000001,121.38,101.2,112.35999999999999,105.64000000000001,102.3
0022400657,WAS,DAL,103.64000000000001,119.47999999999999,101.1,112.32000000000001,113.78,98.4
0022400548,WAS,MIN,102.74000000000001,125.08,100.2,111.84,110.16,97.5
0022400545,WAS,OKC,108.58,125.05999999999999,99.4,117.6,105.5,99.7
0022400530,WAS,CHI,111.52000000000001,118.78,100.0,110.66,112.34,104.458
0022400503,WAS,HOU,111.28,116.85999999999999,102.27799999999999,112.47999999999999,115.02000000000001,93.9
0022400472,WAS,NOP,108.85999999999999,112.94000000000001,104.478,111.43999999999998,119.85999999999999,102.826
0022400443,WAS,NYK,109.08,113.0,103.078,119.54,108.6,98.578
0022400191,WAS,MEM,111.2,117.54,104.6,117.02000000000001,110.28,99.6
0022401045,CHA,ORL,118.04,129.6,97.0,118.28,111.14000000000001,96.5
0022401032,CHA,MIA,116.92,127.34,99.0,101.4,117.04,96.1
0022401010,CHA,NYK,117.4,122.5,96.9,114.55999999999999,108.66,95.756
0022400538,CHA,LAC,101.52000000000001,103.16,100.658,104.1,115.38000000000002,100.4
0022400964,CHA,SAS,113.13999999999999,117.25999999999999,97.1,125.22,128.16000000000003,98.3
0022400945,CHA,ATL,112.0,116.5,96.8,122.97999999999999,119.94000000000001,102.6
0022400931,CHA,MIA,109.9,117.62,97.8,108.32000000000001,108.46,97.414
0022400904,CHA,CLE,99.58,116.4,100.8,124.6,108.7,99.06800000000001
0022400892,CHA,MIN,94.44000000000001,116.62,101.4,115.22,109.92,100.63
0022400875,CHA,GSW,91.58,120.82000000000001,101.6,126.3,110.1,99.0
0022400860,CHA,WAS,94.36,123.52000000000002,101.9,106.5,112.38,100.41600000000001
0022400828,CHA,SAC,99.12,119.08000000000001,97.1,115.94000000000001,119.41999999999999,101.394
0022400810,CHA,POR,106.74000000000001,116.13999999999999,95.4,107.66000000000001,118.43999999999998,101.7
0022400524,CHA,LAL,100.9,105.16,100.25800000000001,115.42,117.92,96.3
0022400758,CHA,BKN,111.64000000000001,118.3,96.6,111.91999999999999,105.2,92.1
0022400734,CHA,SAS,104.78,116.0,96.5,114.93999999999998,115.9,104.2
0022400648,CHA,LAL,115.05999999999999,110.16,100.1,115.54,106.7,95.4
0022400637,CHA,NOP,113.62,114.12,100.2,117.62,117.74000000000001,101.668
0022400616,CHA,MEM,110.94000000000001,116.08,100.0,122.2,114.04,101.6
0022400599,CHA,DAL,107.85999999999999,113.85999999999999,100.8,109.55999999999999,113.12,98.5
0022400584,CHA,CHI,106.13999999999999,110.58,100.5,111.46,115.05999999999999,102.9
0022400569,CHA,UTA,104.2,111.4,100.2,108.64000000000001,109.32000000000001,96.548
0022400547,CHA,PHX,100.35999999999999,107.64000000000001,99.9,115.67999999999999,115.62,96.8
0022400502,CHA,PHX,99.08,105.88,101.158,107.32000000000001,112.42,97.5
0022400488,CHA,CLE,98.47999999999999,106.13999999999999,100.858,124.85999999999999,112.34,102.6
0022400412,CHA,WAS,109.08000000000001,117.97999999999999,96.8,108.38,115.16,104.2
0022400391,CHA,HOU,110.42,121.6,95.7,115.94000000000001,108.88,99.7
0022400362,CHA,WAS,107.32000000000001,116.9,95.5,104.44000000000001,121.34,104.5
0022401222,CHA,PHI,95.03999999999999,117.44000000000001,99.1,107.55999999999999,115.96000000000001,101.5
0022400286,CHA,MIA,111.14000000000001,116.62,97.71,109.7,109.06000000000002,99.60600000000001
0022400277,CHA,ORL,112.7,116.17999999999999,98.49199999999999,111.74000000000001,108.52000000000001,94.3
0022400268,CHA,MIL,111.74000000000001,109.8,96.49199999999999,114.72,111.94000000000001,97.272
0022400260,CHA,DET,109.72,108.16,97.582,113.94000000000001,112.94000000000001,99.47200000000001
0022400022,CHA,BKN,88.1,114.0,100.5,124.5,124.0,99.0
0022400236,CHA,CLE,105.85999999999999,106.08,97.082,120.58,112.52000000000001,99.7
0022400229,CHA,MIL,103.14000000000001,105.62,97.282,112.85999999999999,113.98000000000002,97.572
0022400003,CHA,ORL,,,,,,
0022400205,CHA,PHI,105.75999999999999,110.67999999999999,97.6,108.88,119.08,96.0
0022400184,CHA,IND,110.64000000000001,118.84,99.4,118.96000000000001,119.2,101.564
0022400169,CHA,DET,111.1,120.7,98.8,108.84,109.4,95.8
0022400162,CHA,MIN,115.22,121.24000000000001,100.1,114.32000000000001,113.74000000000001,99.1
0022400141,CHA,BOS,116.9,119.82000000000001,99.9,119.93999999999998,110.04,101.664
0022400132,CHA,BOS,117.02000000000001,118.42,98.8,123.9,111.75999999999999,100.164
0022400117,CHA,TOR,111.52000000000001,114.12,96.6,108.08,113.32000000000001,102.85799999999999
0022400088,CHA,MIA,113.6,114.54,96.5,115.28,116.3,95.89
0022400079,CHA,ATL,107.92,113.54,95.8,114.2,111.04,105.8
0022400068,CHA,HOU,106.25,114.575,95.75,114.175,103.975,99.97749999999999
0022400855,CHI,TOR,114.51999999999998,113.5,102.624,106.3,114.54,99.476
0022400842,CHI,LAC,107.91999999999999,114.24000000000001,103.924,113.5,114.13999999999999,101.1
0022400823,CHI,PHI,103.58,120.46,102.324,109.53999999999999,116.66,97.4
0022400806,CHI,PHX,103.6,123.7,100.724,112.96,119.35999999999999,99.56200000000001
0022400792,CHI,NYK,109.0,127.47999999999999,101.4,122.54,122.56000000000002,99.99199999999999
0022400714,CHI,MIA,108.75999999999999,113.52000000000001,103.6,107.05999999999999,113.6,96.65599999999999
0022400695,CHI,DET,108.35999999999999,115.75999999999999,102.0,110.34,113.02000000000001,100.7
0022400682,CHI,TOR,107.54,115.38,101.0,111.82000000000001,96.97999999999999,101.5
0022400666,CHI,BOS,108.12,114.06000000000002,100.7,116.83999999999999,110.43999999999998,95.582
0022400655,CHI,DEN,107.88,115.72,99.9,124.85999999999999,114.5,100.7
0022400642,CHI,PHI,106.6,115.08,100.7,117.16,130.07999999999998,95.75999999999999
0022400628,CHI,GSW,107.12,112.67999999999999,101.1,113.16,121.58,95.6
0022400611,CHI,LAC,107.12,116.62,102.2,120.38,90.97999999999999,98.0
0022400584,CHI,CHA,111.46,115.05999999999999,102.9,106.13999999999999,110.58,100.5
0022400557,CHI,NOP,119.92,115.02000000000001,103.6,112.84,113.64000000000001,97.6
0022400541,CHI,SAC,116.58,113.4,104.9,118.9,106.16,100.1
0022400530,CHI,WAS,110.66,112.34,104.458,111.52000000000001,118.78,100.0
0022400510,CHI,IND,111.46,108.35999999999999,104.55799999999999,121.82000000000001,112.34,99.1
0022400498,CHI,SAS,114.66,113.6,105.05799999999999,110.32000000000001,103.96,97.644
0022400482,CHI,NYK,106.46,112.0,104.05799999999999,116.47999999999999,106.47999999999999,99.77799999999999
0022400456,CHI,WAS,105.67999999999999,113.17999999999999,102.85799999999999,105.92,115.12,103.078
0022400442,CHI,CHA,109.2,116.28,101.9,104.67999999999999,113.62,99.1
0022400430,CHI,MIL,105.88,115.7,102.0,110.13999999999999,108.61999999999998,99.8
0022400381,CHI,BOS,117.8,111.6,102.9,116.1,111.38,99.8
0022400363,CHI,BOS,116.58,115.14000000000001,104.2,115.4,110.04,100.8
0022401223,CHI,TOR,111.97999999999999,102.47999999999999,104.0,109.92,108.85999999999999,104.1
0022401212,CHI,CHA,116.66,106.88,103.7,99.44,122.12,98.8
0022400347,CHI,PHI,122.35999999999999,121.74000000000001,104.3,107.75999999999999,110.82000000000001,96.196
0022400336,CHI,IND,120.78,121.78,102.7,112.17999999999999,111.8,100.3
0022400317,CHI,BKN,114.04,126.97999999999999,102.8,116.17999999999999,115.12,96.3
0022400047,CHI,BOS,120.06666666666666,114.66666666666667,108.33333333333333,116.23333333333333,111.13333333333333,99.16666666666667
0022400289,CHI,ORL,115.46000000000001,125.05999999999999,102.6,112.8,108.02000000000001,93.5
0022400108,CHI,MEM,110.02000000000001,111.67999999999999,108.6,112.58,112.22,105.6
0022400091,CHI,OKC,118.67999999999999,114.24000000000001,107.3,111.42,98.74000000000001,96.9
0022400069,CHI,NOP,121.05,118.85,107.375,102.925,114.475,99.625
0022400659,LAC,PHX,114.35999999999999,107.35999999999999,98.082,115.32000000000001,111.17999999999999,99.5
0022400983,LAC,WAS,118.38,109.25999999999999,95.732,112.06000000000002,117.2,103.5
0022400620,LAC,BOS,116.16,96.54,97.4,118.21999999999998,107.35999999999999,96.03399999999999
0022400611,LAC,CHI,120.38,90.97999999999999,98.0,107.12,116.62,102.2
0022400596,LAC,LAL,117.24000000000001,94.96000000000001,98.6,112.28,112.82000000000001,96.7
0022400575,LAC,POR,115.96,99.3,97.9,114.96,120.62,97.0
0022400571,LAC,BKN,113.38,104.44000000000001,100.8,109.32000000000001,116.92,97.148
0022400553,LAC,MIA,111.38,108.52000000000001,100.5,108.5,106.94000000000001,97.7
0022400515,LAC,DEN,107.0,112.97999999999999,100.2,118.8,113.83999999999999,100.54400000000001
0022400466,LAC,OKC,103.6,111.0,99.3,115.3,102.22,102.6
0022400451,LAC,SAS,110.11999999999998,105.74000000000001,99.2,110.92,107.08,97.3
0022400444,LAC,NOP,108.52000000000001,107.32000000000001,98.7,107.8,119.34,103.326
0022400426,LAC,GSW,103.7,109.74000000000001,99.3,110.14000000000001,117.4,98.2
0022400399,LAC,MEM,107.1,113.1,98.3,121.4,101.94,107.6
0022400385,LAC,DAL,110.82000000000001,107.96,99.6,117.3,111.08,101.6
0022400368,LAC,DAL,105.92,114.04,99.7,124.23999999999998,110.5,101.5
0022401226,LAC,UTA,117.24000000000001,114.75999999999999,97.522,117.78,129.6,101.492
0022401213,LAC,DEN,125.74000000000001,113.14000000000001,96.222,119.08,116.38,99.5
0022400324,LAC,MIN,115.54,107.62,99.1,113.04,110.34,96.1
0022400060,LAC,POR,100.0,101.63333333333333,100.0,107.46666666666665,109.60000000000001,100.66666666666667
0022400314,LAC,DEN,110.84,102.92,99.2,117.93999999999998,116.55999999999999,98.4
0022400044,LAC,MIN,101.05,103.5,102.75,111.03333333333335,116.36666666666667,97.96999999999998
0022400291,LAC,WAS,111.28,106.38,97.8,106.08,122.2,101.1
0022400274,LAC,PHI,112.17999999999999,108.97999999999999,99.0,103.64000000000001,111.2,98.482
0022400034,LAC,SAC,98.1,119.0,105.5,120.0,121.5,96.0
0022400259,LAC,ORL,111.92,111.04,99.2,116.7,103.22,94.6
0022400251,LAC,GSW,113.97999999999999,111.82000000000001,98.2,119.88,116.55999999999999,100.482
0022400243,LAC,UTA,114.0,111.26000000000002,97.3,116.52000000000001,119.72,99.2
0022401091,ORL,LAC,117.47999999999999,105.74000000000001,95.9,123.93999999999998,111.16000000000001,98.8
0022401074,ORL,SAC,114.8,111.14000000000001,95.8,114.35999999999999,120.54,96.7
0022401060,ORL,DAL,120.25999999999999,112.66,95.3,120.12,119.8,101.9
0022401045,ORL,CHA,118.28,111.14000000000001,96.5,118.04,129.6,97.0
0022401038,ORL,LAL,114.47999999999999,111.46,98.3,111.5,118.7,100.2
0022401014,ORL,WAS,114.36000000000001,114.96,98.8,105.17999999999999,114.0,104.0
0022400999,ORL,HOU,110.55999999999999,111.66,97.9,119.2,106.96,98.044
0022400963,ORL,MIN,110.46,114.16000000000001,96.1,126.75999999999999,112.3,96.8
0022401141,ORL,NOP,110.17999999999999,103.92,94.3,105.54,112.54,96.8
0022400883,ORL,TOR,106.58,113.5,96.0,106.85999999999999,110.24000000000001,98.916
0022400622,ORL,POR,101.38000000000001,118.64000000000001,95.5,107.96,115.84,100.0
0022400608,ORL,TOR,103.46,117.42,96.3,116.48000000000002,119.68000000000002,97.2
0022400123,ORL,CHI,113.5,110.52000000000001,100.5,110.28,115.34,108.0
0022400992,MEM,SAC,118.8,109.55999999999999,101.5,112.64000000000001,125.22,95.43199999999999
0022400950,MEM,UTA,116.02000000000001,115.64000000000001,100.8,108.25999999999999,117.46,104.9
0022400923,MEM,NOP,116.02000000000001,117.52000000000001,103.1,114.25999999999999,129.24,98.7
0022400878,MEM,ATL,118.7,118.6,102.492,112.78,119.62000000000003,102.2
0022400643,MEM,UTA,127.16,113.58,102.0,114.85999999999999,116.92,102.16799999999999
0022400632,MEM,NOP,122.67999999999999,112.62,102.0,116.22,111.82000000000001,101.968
0022400485,MEM,GSW,117.74000000000001,116.96,108.4,111.4,109.42,98.7
0022400476,MEM,SAC,113.9,112.22,108.3,111.5,115.66,99.4
0022400453,MEM,PHX,115.1,111.24000000000001,109.2,108.08,116.26000000000002,95.7
0022400440,MEM,OKC,122.7,104.6,108.8,111.72,102.44000000000001,99.6
0022400423,MEM,NOP,124.38,102.58,108.6,108.02000000000001,118.84,101.826
0022401199,POR,LAL,104.12,105.38,104.792,127.1,111.96,97.9
0022401183,POR,GSW,110.35999999999999,105.72,106.39200000000001,119.6,111.64000000000001,96.7
0022401162,POR,UTA,108.6,106.38,104.0,109.24000000000001,132.24,100.9
0022401139,POR,SAS,108.24000000000001,112.4,102.0,109.74000000000001,120.32000000000001,102.0
0022400926,POR,DET,113.96000000000001,113.14000000000001,99.168,114.5,110.6,103.7
0022400853,POR,BKN,116.4,106.97999999999999,104.7,107.88,112.44000000000001,96.8
0022400591,POR,HOU,109.66000000000001,119.9,97.3,118.64000000000001,112.9,100.6
0022401186,ATL,ORL,123.0,117.75999999999999,100.9,119.28,104.12,94.6
0022401173,ATL,PHI,121.12,119.5,101.3,110.54,115.82000000000001,97.7
0022401169,ATL,BKN,116.8,122.42,101.8,110.2,112.58,99.4
0022401149,ATL,ORL,121.58,121.71999999999998,103.2,111.66,102.24,93.6
0022401128,ATL,NYK,116.78,118.9,103.3,115.6,114.22,94.9
0022401109,ATL,DAL,120.26000000000002,119.4,102.7,113.26000000000002,111.14000000000001,99.5
0022401097,ATL,POR,124.52000000000001,119.08,100.8,116.6,125.96,95.1
0022401083,ATL,MIL,123.72,116.05999999999999,99.7,113.9,118.17999999999999,94.8
0022401062,ATL,MIA,123.44000000000001,115.3,100.3,113.6,109.64000000000001,95.4
0022401049,ATL,HOU,120.46,116.24000000000001,99.8,118.46,115.58,97.14399999999999
0022401031,ATL,PHI,117.47999999999999,113.2,100.9,114.96000000000001,125.52000000000001,99.944
0022401025,ATL,GSW,118.55999999999999,114.53999999999999,101.2,111.98000000000002,104.46,99.0
0022400993,ATL,CHA,115.24000000000001,116.85999999999999,101.8,119.52000000000001,118.55999999999999,97.6
0022400978,ATL,BKN,117.46,116.3,101.6,117.4,121.08,91.9
0022400960,ATL,LAC,120.25999999999999,114.96,103.5,119.55999999999999,113.62,95.032
0022400945,ATL,CHA,122.97999999999999,119.94000000000001,102.6,112.0,116.5,96.8
0022400878,ATL,MEM,112.78,119.62000000000003,102.2,118.7,118.6,102.492
0022400851,ATL,OKC,116.04,120.1,101.792,121.14000000000001,116.24000000000001,100.42999999999999
0022400790,ATL,ORL,116.74000000000001,112.55999999999999,104.492,111.9,109.3,96.9
0022400773,ATL,NYK,116.58,111.6,104.4,119.92,123.12,98.5
0022400736,ATL,MIL,113.1,119.42,104.5,112.14000000000001,124.85999999999999,100.0
0022400719,ATL,SAS,107.2,117.13999999999999,104.9,110.6,119.42,103.1
0022400701,ATL,DET,104.72,116.3,104.6,113.17999999999999,115.8,100.5
0022400686,ATL,IND,99.56,112.28,105.3,119.42,110.33999999999999,101.3
0022400675,ATL,CLE,99.46000000000001,109.72,104.5,123.42,118.14000000000001,97.3
0022400656,ATL,MIN,103.44000000000001,111.02000000000001,103.83400000000002,120.22,112.8,97.6
0022400639,ATL,TOR,107.35999999999999,107.47999999999999,102.93400000000001,115.08,110.52000000000001,97.1
0022400623,ATL,TOR,108.38,106.74000000000001,102.63400000000001,114.2,112.46,96.3
0022400486,ATL,LAC,118.21999999999998,116.75999999999999,104.4,103.4,110.9,99.8
0022400477,ATL,LAL,120.75999999999999,112.88,105.0,119.42,118.82000000000001,97.8
0022400461,ATL,DEN,119.1,110.66000000000001,105.2,124.8,118.83999999999999,98.9
0022400438,ATL,TOR,116.3,113.75999999999999,104.31200000000001,108.7,121.38000000000002,102.7
0022400378,ATL,MEM,112.24000000000001,113.4,105.152,123.08,103.97999999999999,107.3
0022400157,ATL,BOS,113.54,119.55999999999999,103.0,119.78,111.47999999999999,100.364
0022400152,ATL,NOP,111.62,120.2,104.2,108.35999999999999,118.26000000000002,97.3
0022401197,SAS,TOR,110.46,116.42,100.2,107.38,107.6,103.7
0022401182,SAS,PHX,111.97999999999999,112.74000000000001,101.6,109.42,127.47999999999999,97.7
0022401163,SAS,GSW,107.66,117.58,103.8,121.52000000000001,110.47999999999999,99.2
0022401155,SAS,LAC,107.38,118.66000000000001,102.9,117.68000000000002,102.5,98.6
0022401139,SAS,POR,109.74000000000001,120.32000000000001,102.0,108.24000000000001,112.4,102.0
0022401124,SAS,CLE,108.22,124.2,100.2,123.16,117.52000000000001,100.2
0022401110,SAS,DEN,110.58,121.46,99.7,123.32000000000001,115.94000000000001,98.068
0022400988,SAS,ORL,126.97999999999999,130.9,99.5,109.5,112.25999999999999,98.0
0022401086,SAS,GSW,115.0,116.55999999999999,99.4,108.97999999999999,111.2,97.2
0022401080,SAS,BOS,117.14000000000001,112.96,99.4,125.67999999999999,107.54,95.0
0022401059,SAS,CLE,116.74000000000001,113.3,97.8,122.1,119.55999999999999,97.1
0022401046,SAS,DET,119.9,110.06000000000002,99.2,120.16,111.22,100.7
0022401033,SAS,TOR,123.35999999999999,121.9,98.4,106.5,111.66,103.0
0022401018,SAS,PHI,123.2,121.58,98.1,111.86000000000001,123.6,100.04400000000001
0022401003,SAS,NYK,124.25999999999999,126.84,98.6,112.06000000000002,104.81999999999998,96.256
0022400537,SAS,LAL,110.0,108.5,99.944,112.62,113.12,96.6
0022400973,SAS,NOP,126.38,134.64000000000001,98.4,113.75999999999999,125.67999999999999,98.3
0022400964,SAS,CHA,125.22,128.16000000000003,98.3,113.13999999999999,117.25999999999999,97.1
0022400951,SAS,DAL,126.64000000000001,133.8,98.3,113.38,126.88,100.0
0022400937,SAS,DAL,125.55999999999999,131.52,99.3,109.17999999999999,126.44000000000001,100.8
0022400925,SAS,MIN,121.08000000000001,126.17999999999999,100.0,119.55999999999999,109.6,98.7
0022400910,SAS,SAC,118.08000000000001,120.82000000000001,101.5,122.76000000000002,103.92,97.0
0022400888,SAS,BKN,110.35999999999999,119.91999999999999,102.7,105.5,116.55999999999999,98.8
0022400871,SAS,OKC,106.47999999999999,116.05999999999999,102.4,125.32000000000001,114.6,102.53
0022400863,SAS,MEM,104.53999999999999,112.58000000000001,102.3,116.0,118.02000000000001,102.392
0022400844,SAS,HOU,104.75999999999999,112.64000000000001,101.7,109.4,109.5,100.9
0022400833,SAS,NOP,110.5,114.76000000000002,101.7,109.6,114.44000000000001,101.77799999999999
0022400818,SAS,NOP,114.92,115.94000000000001,100.3,108.94000000000001,118.14000000000001,103.178
0022400802,SAS,DET,116.84,115.55999999999999,99.5,122.35999999999999,105.73999999999998,100.6
0022400795,SAS,PHX,117.1,117.32000000000001,100.5,112.54,123.23999999999998,99.76200000000001
0022400769,SAS,BOS,115.75999999999999,116.97999999999999,103.0,122.17999999999999,110.74000000000001,95.7
0022400757,SAS,WAS,110.83999999999999,114.9,102.2,115.97999999999999,115.24000000000001,100.5
0022400743,SAS,ORL,115.66,114.94000000000001,103.4,105.04,116.46,96.5
0022400734,SAS,CHA,114.93999999999998,115.9,104.2,104.78,116.0,96.5
0022400719,SAS,ATL,110.6,119.42,103.1,107.2,117.13999999999999,104.9
0022400703,SAS,MEM,118.05999999999999,117.52000000000001,101.6,122.9,119.93999999999998,101.5
0022400693,SAS,MIA,118.43999999999998,121.7,102.0,107.94000000000001,116.74000000000001,96.256
0022400684,SAS,MIL,112.92,126.28000000000002,101.6,118.3,113.46,99.7
0022400671,SAS,LAC,112.05999999999999,125.74000000000001,102.2,113.46,112.55999999999999,97.38199999999999
0022400633,SAS,IND,119.1,120.33999999999999,101.0,111.66,111.44000000000001,100.6
0022400621,SAS,IND,114.2,124.14000000000001,100.1,112.74000000000001,104.32000000000001,99.2
0022400592,SAS,MIA,114.02000000000001,122.74000000000001,100.0,109.46000000000001,112.46,97.7
0022400582,SAS,MEM,113.2,117.16,100.4,118.3,113.58,102.8
0022400567,SAS,MEM,111.04,114.96,99.444,116.1,115.68000000000002,102.0
0022400552,SAS,LAL,107.38,115.7,100.244,113.88000000000002,113.28,97.2
0022400516,SAS,MIL,111.46000000000001,107.4,99.444,110.85999999999999,107.32000000000001,102.8
0022400498,SAS,CHI,110.32000000000001,103.96,97.644,114.66,113.6,105.05799999999999
0022400484,SAS,DEN,113.9,105.47999999999999,97.2,125.9,120.66,103.3
0022400475,SAS,DEN,112.3,105.46,97.4,125.4,121.71999999999998,101.9
0022400451,SAS,LAC,110.92,107.08,97.3,110.11999999999998,105.74000000000001,99.2
0022400441,SAS,MIN,110.97999999999999,105.9,98.912,108.98000000000002,117.64000000000001,97.6
0022400421,SAS,BKN,114.25999999999999,110.18000000000002,100.512,107.78,111.12,95.8
0022400405,SAS,NYK,112.44000000000001,113.24000000000001,101.812,120.4,109.9,99.9
0022400394,SAS,PHI,114.84,117.48000000000002,102.81199999999998,109.02000000000001,110.62,95.2
0022400386,SAS,POR,116.97999999999999,123.55999999999999,103.112,114.38,126.66,99.4
0022400370,SAS,ATL,115.28000000000002,126.44000000000001,101.3,112.38,111.68000000000002,103.74000000000001
0022401218,SAS,MIN,116.03999999999999,118.72,98.5,118.52000000000001,106.46,97.0
0022401215,SAS,POR,112.1,116.97999999999999,100.6,105.9,102.78,102.792
0022400354,SAS,NOP,114.64000000000001,123.9,99.2,102.4,117.72,102.5
0022400337,SAS,SAC,116.03999999999999,118.78,100.1,113.41999999999999,116.97999999999999,99.6
0022400331,SAS,CHI,111.23999999999998,114.55999999999999,98.9,119.72,121.47999999999999,100.9
0022400057,SAS,PHX,118.43333333333334,113.53333333333335,99.5,112.03333333333335,106.43333333333332,97.83333333333333
0022400313,SAS,SAC,111.58,113.82000000000001,100.4,114.42,116.94000000000001,97.2
0022400296,SAS,LAL,114.7,109.02000000000001,100.4,118.1,117.5,97.3
0022400038,SAS,UTA,114.3,113.35,98.75,118.55,125.15,97.25
0022400269,SAS,GSW,113.0,109.92,102.9,112.74000000000001,109.52000000000001,103.3
0022400262,SAS,UTA,114.75999999999999,109.96,100.3,112.4,119.42,97.7
0022400025,SAS,OKC,118.6,123.7,97.0,103.1,86.5,96.0
0022400232,SAS,DAL,115.58,112.62,100.9,118.78,117.16,99.9
0022400015,SAS,LAL,,,,,,
0022400224,SAS,WAS,112.7,112.66000000000001,97.8,98.6,118.05999999999999,101.5
0022400216,SAS,SAC,112.08,114.34,97.7,114.62,111.67999999999999,98.38
0022400197,SAS,UTA,111.92,110.6,97.0,103.47999999999999,118.22,100.9
0022400183,SAS,POR,105.42,109.71999999999998,98.0,109.8,113.9,97.5
0022400173,SAS,HOU,107.47999999999999,108.1,96.0,114.64000000000001,110.47999999999999,94.38199999999999
0022400168,SAS,LAC,107.32000000000001,105.85999999999999,96.8,109.22,109.52000000000001,98.9
0022400146,SAS,MIN,104.54,107.25999999999999,98.6,114.55999999999999,113.35999999999999,98.9
0022400130,SAS,UTA,102.32000000000001,110.67999999999999,98.3,102.26,121.14000000000001,100.6
0022400125,SAS,OKC,109.05999999999999,112.24000000000001,98.6,115.11999999999998,96.56,100.9
0022400109,SAS,HOU,109.58,109.8,100.1,112.7,112.1,98.282
0022400094,SAS,HOU,110.6,112.22,100.4,112.9,106.47999999999999,99.782
0022400074,SAS,DAL,112.3,111.425,99.375,118.925,108.475,103.375
0022401158,TOR,CHA,109.02000000000001,111.28,105.1,109.22,123.66,97.8
0022401099,TOR,CHI,106.25999999999999,100.02000000000001,103.8,118.47999999999999,115.64000000000001,106.5
0022401069,TOR,CHA,101.58000000000001,109.17999999999999,102.5,110.85999999999999,125.62,96.2
0022400991,TOR,PHX,112.6,106.66,103.3,117.4,116.12,96.3
0022400966,TOR,UTA,116.1,108.17999999999999,101.3,109.93999999999998,115.9,104.6
0022400932,TOR,WAS,112.43999999999998,111.6,99.316,110.32000000000001,112.16,102.4
0022400915,TOR,WAS,107.34,109.8,99.51599999999999,109.47999999999999,109.83999999999999,101.2
0022400905,TOR,UTA,105.46,111.92,98.01599999999999,110.35999999999999,120.78,102.8
0022400883,TOR,ORL,106.85999999999999,110.24000000000001,98.916,106.58,113.5,96.0
0022400870,TOR,ORL,106.25999999999999,112.05999999999999,98.692,107.92,112.96,97.1
0022400639,TOR,ATL,115.08,110.52000000000001,97.1,107.35999999999999,107.47999999999999,102.93400000000001
0022400623,TOR,ATL,114.2,112.46,96.3,108.38,106.74000000000001,102.63400000000001
0022400608,TOR,ORL,116.48000000000002,119.68000000000002,97.2,103.46,117.42,96.3
0022400580,TOR,MIL,114.94000000000001,117.52000000000001,96.0,117.08,112.02000000000001,100.2
0022400534,TOR,DET,115.16,122.52000000000001,96.4,113.31999999999998,106.14000000000001,97.6
0022400517,TOR,CLE,103.82000000000001,121.33999999999999,96.3,120.22,109.17999999999999,101.8
0022401121,TOR,DET,110.96,105.22,102.9,122.0,119.58000000000001,98.4
0022400947,TOR,PHI,115.75999999999999,109.67999999999999,99.2,113.92,125.24000000000001,99.6
0022401166,LAC,HOU,118.62,101.48,97.8,122.44000000000001,103.92,101.0
0022401155,LAC,SAS,117.68000000000002,102.5,98.6,107.38,118.66000000000001,102.9
0022401132,LAC,DAL,116.81999999999998,101.3,98.9,107.46,110.5,100.6
0022401091,LAC,ORL,123.93999999999998,111.16000000000001,98.8,117.47999999999999,105.74000000000001,95.9
0022401081,LAC,CLE,122.7,108.22,97.56200000000001,120.52000000000001,115.78,99.4
0022401068,LAC,BKN,124.05999999999999,113.67999999999999,96.36200000000001,96.96000000000001,110.44000000000001,98.434
0022401056,LAC,NYK,117.82000000000001,107.25999999999999,98.662,115.03999999999999,110.36000000000001,99.0
0022401036,LAC,OKC,121.44000000000001,105.62,99.162,126.47999999999999,107.64000000000001,98.9
0022401023,LAC,MEM,121.17999999999999,106.38,97.86200000000001,114.82000000000001,112.44000000000001,103.6
0022400997,LAC,CLE,118.11999999999998,107.76000000000002,96.93199999999999,113.02000000000001,109.17999999999999,101.4
0022400538,LAC,CHA,104.1,115.38000000000002,100.4,101.52000000000001,103.16,100.658
0022400960,LAC,ATL,119.55999999999999,113.62,95.032,120.25999999999999,114.96,103.5
0022400948,LAC,MIA,118.85999999999999,117.12,95.032,107.4,107.35999999999999,98.3
0022400943,LAC,NOP,117.04,114.94000000000001,93.532,112.94000000000001,125.4,98.9
0022400927,LAC,SAC,115.63999999999999,115.02000000000001,94.8,123.24000000000001,109.34,96.1
0022400911,LAC,NYK,119.11999999999998,119.75999999999999,94.7,109.38,111.2,96.632
0022400898,LAC,DET,112.9,117.22,95.4,114.88,102.67999999999999,102.8
0022400889,LAC,PHX,109.72,116.9,97.1,116.2,122.28,100.19200000000001
0022400874,LAC,LAL,109.75999999999999,116.83999999999999,98.5,112.84,103.38,98.3
0022400859,LAC,LAL,112.66,116.47999999999999,100.4,113.42,107.32000000000001,100.0
0022400842,LAC,CHI,113.5,114.13999999999999,101.1,107.91999999999999,114.24000000000001,103.924
0022400821,LAC,DET,116.28,115.82000000000001,101.6,125.08,107.72,103.1
0022400813,LAC,IND,114.5,115.7,100.6,117.82000000000001,117.92,101.316
0022400793,LAC,MIL,114.78,115.97999999999999,100.1,112.42,112.9,101.4
0022401004,LAC,UTA,122.96,110.82000000000001,98.1,102.9,114.16,105.2
0022400783,LAC,MEM,113.72,115.28,98.6,121.74000000000001,110.76000000000002,103.6
0022400751,LAC,UTA,113.32000000000001,116.7,98.5,115.96,119.67999999999999,100.562
0022400733,LAC,IND,113.84,116.96,97.2,117.97999999999999,111.61999999999998,101.7
0022400715,LAC,LAL,118.3,114.25999999999999,98.6,121.1,109.9,98.5
0022400697,LAC,TOR,117.12,111.96,98.782,109.12,101.14,103.2
0022400671,LAC,SAS,113.46,112.55999999999999,97.38199999999999,112.05999999999999,125.74000000000001,102.2
0022400646,LAC,MIL,115.67999999999999,98.6,96.782,121.8,103.17999999999999,100.4
0022400500,LAC,MIN,105.5,109.44000000000001,100.6,115.64000000000001,120.12,95.6
0022400486,LAC,ATL,103.4,110.9,99.8,118.21999999999998,116.75999999999999,104.4
0022400356,LAC,HOU,109.64000000000001,109.82000000000001,100.0,107.76000000000002,105.17999999999999,101.99600000000001
0022400281,LAC,BOS,113.11999999999998,103.12,97.9,122.08000000000001,114.64000000000001,93.136
0022400016,LAC,HOU,,,,,,
0022400222,LAC,HOU,117.54,111.92,95.8,111.12,103.62,99.2
0022400215,LAC,OKC,110.84,106.64000000000001,95.4,111.47999999999999,104.8,102.3
0022400200,LAC,TOR,113.0,110.16,96.1,118.54,123.7,101.612
0022400196,LAC,SAC,113.28,112.47999999999999,95.5,118.85999999999999,110.46,98.812
0022400179,LAC,PHI,110.84,110.93999999999998,98.0,107.9,114.88,98.452
0022400168,LAC,SAS,109.22,109.52000000000001,98.9,107.32000000000001,105.85999999999999,96.8
0022400150,LAC,OKC,110.82000000000001,109.05999999999999,99.36800000000001,114.35999999999999,96.1,102.9
0022400131,LAC,PHX,114.62,107.12,97.668,110.5,105.6,99.36800000000001
0022400127,LAC,POR,111.85999999999999,104.38,97.668,108.05999999999999,117.97999999999999,99.4
0022400101,LAC,GSW,110.92,101.97999999999999,96.968,117.02000000000001,100.9,105.7
0022400087,LAC,DEN,107.6,104.34,98.86800000000001,105.58,108.28,102.2
0022400071,LAC,PHX,109.5,104.75,98.0,110.3,103.3,98.125
0022401187,CHA,BOS,101.58,127.24000000000001,100.1,120.16,105.0,93.176
0022401174,CHA,BOS,104.88,126.3,99.1,118.12,115.03999999999999,90.376
0022401158,CHA,TOR,109.22,123.66,97.8,109.02000000000001,111.28,105.1
0022401104,CHA,IND,105.42,112.42,97.1,122.82000000000001,112.72,101.6
0022400993,CHA,ATL,119.52000000000001,118.55999999999999,97.6,115.24000000000001,116.85999999999999,101.8
0022400912,CHA,BKN,104.47999999999999,114.44000000000001,100.8,109.66,123.5,99.9
0022400847,CHA,DAL,93.86,125.46,100.1,108.46,111.5,99.8
0022400834,CHA,GSW,94.96000000000001,121.0,98.4,118.6,106.05999999999999,100.2
0022400794,CHA,DEN,105.9,115.17999999999999,93.6,131.2,110.04,100.1
0022400770,CHA,ORL,109.97999999999999,117.32000000000001,95.4,110.58,112.7,97.4
0022400977,PHX,LAL,123.06000000000002,120.7,97.14399999999999,111.72,117.44000000000001,97.718
0022400967,PHX,SAC,122.96,123.78,96.64399999999999,113.0,122.46,96.232
0022400949,PHX,HOU,120.05999999999999,122.94000000000001,98.244,116.75999999999999,110.25999999999999,99.3
0022400453,PHX,MEM,108.08,116.26000000000002,95.7,115.1,111.24000000000001,109.2
0022400431,PHX,GSW,108.2,116.85999999999999,96.9,105.34,115.9,98.6
0022400425,PHX,DAL,111.28,118.55999999999999,98.3,114.38,110.96000000000001,98.4
0022400409,PHX,DEN,110.97999999999999,122.54,98.7,119.83999999999999,109.85999999999999,102.826
0022400402,PHX,DEN,115.67999999999999,122.1,100.6,115.85999999999999,113.84,105.826
0022400085,PHX,LAL,108.78,102.64000000000001,98.968,111.9,115.85999999999999,97.5
0022401192,DET,MIL,115.64000000000001,115.88,99.0,122.92,111.7,98.6
0022401171,DET,MIL,111.84,113.97999999999999,99.6,125.05999999999999,113.52000000000001,98.0
0022401167,DET,NYK,109.04,117.02000000000001,100.0,115.2,110.14000000000001,95.376
0022401144,DET,SAC,110.74000000000001,113.67999999999999,101.5,113.12,114.92,98.2
0022401129,DET,MEM,117.17999999999999,113.36000000000001,99.3,110.66,119.62,103.0
0022401121,DET,TOR,122.0,119.58000000000001,98.4,110.96,105.22,102.9
0022401108,DET,OKC,124.71999999999998,120.35999999999999,98.4,120.52000000000001,103.66000000000001,103.7
0022401084,DET,MIN,126.5,117.82000000000001,98.9,119.24000000000001,112.7,99.55
0022401067,DET,CLE,125.82000000000001,110.33999999999999,98.4,121.12,114.8,98.5
0022401046,DET,SAS,120.16,111.22,100.7,119.9,110.06000000000002,99.2
0022401029,DET,NOP,115.54,108.08,102.9,108.38000000000002,124.0,99.0
0022401019,DET,DAL,116.7,104.2,102.9,117.51999999999998,127.34,102.5
0022401000,DET,MIA,115.92,102.92,104.0,101.78,120.3,94.7
0022400987,DET,NOP,111.22,108.42,105.2,113.52000000000001,121.72,98.6
0022400969,DET,OKC,114.6,112.51999999999998,103.5,119.47999999999999,109.5,100.3
0022400954,DET,WAS,116.04,108.47999999999999,103.5,106.32000000000001,115.96,101.3
0022400941,DET,WAS,114.28,106.38,103.8,108.92,112.08,100.7
0022400926,DET,POR,114.5,110.6,103.7,113.96000000000001,113.14000000000001,99.168
0022400919,DET,GSW,117.42,108.9,102.1,120.4,114.35999999999999,98.7
0022400898,DET,LAC,114.88,102.67999999999999,102.8,112.9,117.22,95.4
0022400881,DET,UTA,116.25999999999999,108.35999999999999,103.8,113.8,117.3,100.9
0022400861,DET,BKN,118.9,112.46,103.0,106.8,116.21999999999998,98.1
0022400850,DET,DEN,120.4,107.66,103.2,115.82000000000001,115.85999999999999,103.1
0022400836,DET,BOS,122.16,105.17999999999999,104.5,118.9,103.62,96.1
0022400821,DET,LAC,125.08,107.72,103.1,116.28,115.82000000000001,101.6
0022400814,DET,ATL,124.12,104.38,100.6,115.42,112.04,102.792
0022400802,DET,SAS,122.35999999999999,105.73999999999998,100.6,116.84,115.55999999999999,99.5
0022400775,DET,CHI,122.5,109.91999999999999,100.7,110.08,127.05999999999999,101.8
0022400766,DET,CHI,120.82000000000001,114.44000000000001,101.3,116.72,122.41999999999999,101.2
0022400752,DET,CHA,120.6,113.76000000000002,102.1,110.72,117.05999999999999,97.7
0022400738,DET,PHI,119.16,117.88,102.2,119.84,120.4,96.8
0022400718,DET,CLE,115.32000000000001,117.44000000000001,101.2,124.16,105.1,100.0
0022400701,DET,ATL,113.17999999999999,115.8,100.5,104.72,116.3,104.6
0022400695,DET,CHI,110.34,113.02000000000001,100.7,108.35999999999999,115.75999999999999,102.0
0022400680,DET,DAL,107.4,110.96,101.5,121.46,118.9,100.2
0022400664,DET,IND,107.8,109.88,101.3,116.5,111.67999999999999,101.3
0022400649,DET,CLE,108.24000000000001,108.72,102.6,124.4,119.8,97.8
0022400638,DET,ORL,110.66,109.02000000000001,102.2,95.58,118.16000000000001,96.1
0022400612,DET,ATL,114.14000000000001,112.55999999999999,100.6,107.94000000000001,105.42,101.334
0022400600,DET,HOU,114.62,115.42,99.8,119.55999999999999,110.78,100.6
0022400586,DET,PHX,114.2,110.83999999999999,98.9,121.33999999999999,115.97999999999999,99.7
0022400572,DET,IND,118.91999999999999,112.54,98.0,116.6,106.46,98.8
0022400549,DET,NYK,117.91999999999999,109.96,97.9,115.6,115.61999999999998,98.8
0022400534,DET,TOR,113.31999999999998,106.14000000000001,97.6,115.16,122.52000000000001,96.4
0022400518,DET,GSW,113.08,103.67999999999999,97.9,111.24000000000001,115.13999999999999,99.6
0022400513,DET,BKN,113.25999999999999,109.8,99.0,108.08,119.17999999999999,96.8
0022400493,DET,POR,111.74000000000001,108.94000000000001,99.5,113.2,117.17999999999999,99.4
0022400479,DET,MIN,111.82000000000001,110.75999999999999,99.3,117.0,118.08,94.1
0022400469,DET,CHA,117.9,116.28,100.0,101.04,109.62,99.458
0022400455,DET,ORL,118.32000000000001,119.38,102.4,104.24000000000001,107.08,96.7
0022400432,DET,DEN,118.12,115.04,102.3,119.17999999999999,117.44000000000001,100.226
0022400418,DET,SAC,118.84,118.17999999999999,102.6,114.7,109.24000000000001,100.3
0022400404,DET,LAL,114.35999999999999,117.8,102.6,106.92,110.88,99.94
0022400387,DET,PHX,109.22,118.01999999999998,103.4,114.0,117.24000000000001,100.0
0022400360,DET,UTA,109.32000000000001,117.05999999999999,99.9,109.88,117.97999999999999,97.6
0022401221,DET,MIA,116.9,124.62,97.64399999999999,119.78,108.54,101.9
0022401205,DET,BOS,117.1,120.98000000000002,98.344,114.64000000000001,101.96000000000001,92.476
0022400343,DET,NYK,107.78,119.0,98.0,123.52000000000001,112.32000000000001,98.6
0022400319,DET,BOS,107.3,116.46,96.81,118.28,108.78,95.44200000000001
0022400052,DET,MIL,113.53333333333335,104.0,99.81666666666666,114.46666666666665,104.26666666666667,97.5
0022400301,DET,PHI,111.0,118.96,96.51,102.52000000000001,115.67999999999999,99.296
0022400045,DET,IND,106.55,104.05,98.725,110.7,122.25,103.25
0022400293,DET,MEM,114.62,114.84,95.51,119.7,108.96,102.0
0022400278,DET,TOR,115.32000000000001,116.4,96.482,116.17999999999999,120.16,97.142
0022400265,DET,ORL,113.96,113.51999999999998,97.28200000000001,113.34,106.54,94.8
0022400260,DET,CHA,113.94000000000001,112.94000000000001,99.47200000000001,109.72,108.16,97.582
0022400244,DET,CHI,112.24000000000001,108.96,100.272,113.54,120.72,104.5
0022400237,DET,WAS,110.92,109.38,99.772,104.1,120.88,102.3
0022400011,DET,TOR,116.0,113.1,96.45,86.7,100.0,98.5
0022400223,DET,MIL,110.84,105.85999999999999,99.0,113.1,115.1,97.3
0022400002,DET,MIA,,,,,,
0022400201,DET,HOU,110.02000000000001,110.46000000000001,99.7,114.72,110.18000000000002,97.88199999999999
0022400185,DET,ATL,109.81999999999998,108.5,96.8,112.46,118.03999999999999,102.6
0022400169,DET,CHA,108.84,109.4,95.8,111.1,120.7,98.8
0022400156,DET,LAL,109.91999999999999,113.68000000000002,95.6,116.88,119.2,102.5
0022400151,DET,BKN,107.55999999999999,116.72,96.8,117.66,114.85999999999999,98.81
0022400134,DET,NYK,109.78,113.64000000000001,97.0,119.38,114.97999999999999,96.3
0022400120,DET,PHI,107.93999999999998,118.32000000000001,98.9,112.66,112.12,97.05199999999999
0022400105,DET,MIA,113.01999999999998,117.02000000000001,100.1,115.91999999999999,114.74000000000001,96.2
0022400089,DET,BOS,108.12,110.72,100.8,125.06000000000002,111.84,99.4
0022400080,DET,CLE,111.12,110.52000000000001,100.19,120.54,108.7,102.4
0022400063,DET,IND,111.375,109.675,100.2375,107.25,121.25,104.0
0022400717,MIL,CHA,113.05999999999999,125.14000000000001,101.3,105.14000000000001,115.24000000000001,97.1
0022400705,MIL,OKC,117.32000000000001,126.0,101.0,120.04,112.54,101.3
0022400398,MIL,CHI,109.28,114.67999999999999,99.3,112.4,115.92,102.6
0022400382,MIL,WAS,111.42,117.03999999999999,99.5,110.16,120.2,104.2
0022400036,MIL,MIA,111.45,98.55000000000001,102.0,117.35,113.5,98.725
0022401179,BKN,MIN,106.66000000000001,114.58,101.4,120.93999999999998,114.78000000000002,95.468
0022401169,BKN,ATL,110.2,112.58,99.4,116.8,122.42,101.8
0022401150,BKN,NOP,106.46,116.58,99.2,102.4,116.32000000000001,96.1
0022401134,BKN,TOR,103.34,117.05999999999999,97.9,109.24000000000001,111.46,102.6
0022401113,BKN,MIN,104.82000000000001,119.78,98.5,123.1,111.1,97.468
0022401068,BKN,LAC,96.96000000000001,110.44000000000001,98.434,124.05999999999999,113.67999999999999,96.36200000000001
0022400978,BKN,ATL,117.4,121.08,91.9,117.46,116.3,101.6
0022400968,BKN,BOS,115.66000000000001,119.22,94.1,118.85999999999999,109.97999999999999,94.9
0022400930,BKN,LAL,108.64000000000001,122.12,97.3,116.58,110.85999999999999,95.11800000000001
0022400861,BKN,DET,106.8,116.21999999999998,98.1,118.9,112.46,103.0
0022400853,BKN,POR,107.88,112.44000000000001,96.8,116.4,106.97999999999999,104.7
0022400840,BKN,OKC,104.32000000000001,105.78,95.5,119.05999999999999,113.08000000000001,99.72999999999999
0022400824,BKN,WAS,105.4,101.56,95.2,106.02000000000001,117.16,101.41600000000001
0022400807,BKN,PHI,104.75999999999999,105.24000000000001,95.1,109.58,119.08,98.9
0022400772,BKN,PHI,109.7,105.9,92.7,113.22,118.2,99.5
0022400758,BKN,CHA,111.91999999999999,105.2,92.1,111.64000000000001,118.3,96.6
0022400720,BKN,WAS,108.72,106.33999999999999,93.0,102.62,117.9,99.9
0022400711,BKN,HOU,104.64000000000001,107.52000000000001,93.9,120.32000000000001,122.24000000000001,97.3
0022400663,BKN,CHA,98.74000000000001,114.53999999999999,95.9,112.85999999999999,109.85999999999999,98.7
0022400651,BKN,SAC,100.3,113.55999999999999,95.4,117.97999999999999,117.64000000000001,105.4
0022400613,BKN,PHX,102.91999999999999,118.2,96.1,115.24000000000001,117.97999999999999,101.2
0022400595,BKN,OKC,104.22,117.74000000000001,96.548,120.38,101.94,101.6
0022400571,BKN,LAC,109.32000000000001,116.92,97.148,113.38,104.44000000000001,100.8
0022400560,BKN,POR,101.08,117.08,98.248,112.92,114.68000000000002,97.1
0022400546,BKN,UTA,102.55999999999999,117.55999999999999,99.3,113.05999999999999,107.4,98.5
0022400531,BKN,DEN,105.28,119.54,98.5,118.12,110.66,100.144
0022400513,BKN,DET,108.08,119.17999999999999,96.8,113.25999999999999,109.8,99.0
0022400495,BKN,IND,105.94000000000001,115.35999999999999,96.7,119.42,120.47999999999999,99.7
0022400478,BKN,PHI,110.46,113.16,95.5,116.46,118.54,97.8
0022400459,BKN,TOR,103.17999999999999,108.35999999999999,95.3,100.72,126.4,106.1
0022400421,BKN,SAS,107.78,111.12,95.8,114.25999999999999,110.18000000000002,100.512
0022400415,BKN,MIL,105.97999999999999,108.67999999999999,95.2,111.23999999999998,109.82000000000001,98.8
0022400396,BKN,MIA,105.55999999999999,110.13999999999999,97.0,120.62,111.92,97.2
0022400364,BKN,TOR,108.66,112.46,98.3,109.55999999999999,113.16,101.7
0022400322,ORL,PHI,115.1,105.56000000000002,96.9,103.1,111.82000000000001,99.596
0022400170,ORL,IND,98.84,107.88,101.1,115.75999999999999,117.74000000000001,101.916
0022401198,LAC,GSW,123.72,107.72,98.0,113.05999999999999,103.28,98.7
0022401184,LAC,SAC,125.28,106.42,98.9,124.68000000000002,119.02000000000001,96.2
0022400612,ATL,DET,107.94000000000001,105.42,101.334,114.14000000000001,112.55999999999999,100.6
0022400602,ATL,NYK,109.22,107.0,100.934,118.88,120.67999999999999,96.26
0022400587,ATL,BOS,111.94000000000001,110.05999999999999,101.3,115.72,112.97999999999999,95.9
0022400563,ATL,CHI,109.88,115.72,102.5,115.85999999999999,115.25999999999999,102.5
0022400556,ATL,PHX,106.6,117.05999999999999,101.8,116.93999999999998,112.71999999999998,97.4
0022400522,ATL,PHX,110.8,116.78,105.9,108.78,113.9,99.2
0022400506,ATL,UTA,110.71999999999998,114.82000000000001,105.5,114.83999999999999,111.34,100.1
0022400370,ATL,SAS,112.38,111.68000000000002,103.74000000000001,115.28000000000002,126.44000000000001,101.3
0022401229,ATL,MIL,118.0,107.7,100.8,122.75999999999999,112.88,99.64399999999999
0022401202,ATL,NYK,125.22,114.04,101.2,113.84,113.28,94.476
0022400334,ATL,LAL,115.12,108.6,105.2,103.25999999999999,118.94000000000001,96.7
0022400323,ATL,MIL,109.55999999999999,110.01999999999998,106.8,117.93999999999998,111.47999999999999,99.4
0022400315,ATL,NOP,108.64000000000001,110.7,105.2,99.6,119.2,98.0
0022400041,ATL,CLE,114.36666666666667,115.53333333333335,107.0,127.65,121.65,101.75
0022400287,ATL,CLE,103.54,112.67999999999999,106.0,122.63999999999999,109.1,99.5
0022400280,ATL,DAL,105.1,112.66,104.8,115.97999999999999,113.64000000000001,98.606
0022400030,ATL,CHI,115.6,110.35,106.25,115.6,132.1,109.0
0022400258,ATL,GSW,112.22,114.43999999999998,102.3,115.35999999999999,113.93999999999998,101.6
0022400250,ATL,SAC,107.28,116.04,103.8,113.85999999999999,112.92,97.768
0022400064,ATL,BKN,114.175,111.175,106.0,113.15,122.725,96.5
0022400991,PHX,TOR,117.4,116.12,96.3,112.6,106.66,103.3
0022400857,PHX,NOP,115.26000000000002,122.8,101.99199999999999,113.94000000000001,107.67999999999999,101.578
0022400779,PHX,HOU,113.22,123.17999999999999,98.418,110.0,114.72,96.2
0022400749,PHX,DEN,114.8,119.05999999999999,100.418,126.47999999999999,112.4,99.2
0022400018,PHX,OKC,126.3,119.1,94.5,,,
0022400227,PHX,SAC,112.47999999999999,111.9,99.16799999999999,112.55999999999999,113.25999999999999,96.56800000000001
0022401115,PHI,MIL,103.72,118.66,98.0,120.44000000000001,126.54,97.5
0022400959,PHI,IND,112.64000000000001,122.88000000000002,101.4,113.47999999999999,115.03999999999999,100.8
0022400947,PHI,TOR,113.92,125.24000000000001,99.6,115.75999999999999,109.67999999999999,99.2
0022400928,PHI,ATL,115.0,123.16,99.2,119.13999999999999,120.82000000000001,103.8
0022400924,PHI,UTA,113.3,123.21999999999998,97.0,110.5,119.38,104.1
0022400900,PHI,BOS,110.9,123.3,100.0,118.42,117.35999999999999,95.4
0022400887,PHI,MIN,110.2,120.42,98.9,114.35999999999999,113.55999999999999,100.72999999999999
0022400876,PHI,POR,110.38,121.2,99.1,120.38,104.66,103.56800000000001
0022400838,PHI,NYK,104.58,117.24000000000001,98.5,113.64000000000001,120.17999999999999,101.216
0022400823,PHI,CHI,109.53999999999999,116.66,97.4,103.58,120.46,102.324
0022400789,PHI,BOS,108.54,115.05999999999999,99.4,120.8,108.86000000000001,96.3
0022400772,PHI,BKN,113.22,118.2,99.5,109.7,105.9,92.7
0022400738,PHI,DET,119.84,120.4,96.8,119.16,117.88,102.2
0022400721,PHI,MIA,122.82000000000001,119.38000000000002,97.1,111.97999999999999,113.92,97.45599999999999
0022400712,PHI,DAL,119.52000000000001,113.97999999999999,98.4,114.9,124.4,100.6
0022400698,PHI,BOS,123.24000000000001,114.94000000000001,99.2,115.97999999999999,112.94000000000001,98.3
0022400681,PHI,DEN,119.14000000000001,116.96000000000001,98.6,120.16,120.47999999999999,102.3
0022400669,PHI,SAC,116.97999999999999,120.42,99.0,116.0,114.08,103.2
0022400660,PHI,LAL,114.42,123.58,98.3,116.7,106.8,96.3
0022400642,PHI,CHI,117.16,130.07999999999998,95.75999999999999,106.6,115.08,100.7
0022400631,PHI,CLE,111.35999999999999,128.62,95.35999999999999,118.85999999999999,114.51999999999998,99.4
0022400609,PHI,DEN,110.17999999999999,121.52000000000001,94.46,120.08000000000001,111.14000000000001,97.4
0022400594,PHI,MIL,111.16,121.25999999999999,94.66,118.61999999999998,112.97999999999999,100.5
0022400588,PHI,IND,113.82000000000001,119.7,93.75999999999999,114.32000000000001,105.22,100.3
0022400561,PHI,NYK,110.12,116.88,95.2,115.84,114.2,97.5
0022400555,PHI,OKC,112.72,110.7,96.6,119.58000000000001,103.62,101.2
0022400544,PHI,ORL,112.41999999999999,116.17999999999999,98.0,106.38,108.96,93.4
0022400527,PHI,NOP,110.58,114.14000000000001,98.1,112.56000000000002,115.5,97.1
0022400512,PHI,WAS,112.66000000000001,112.97999999999999,99.1,110.32000000000001,119.78,101.8
0022400494,PHI,PHX,115.08000000000001,112.94000000000001,99.6,108.28,113.08,97.0
0022400478,PHI,BKN,116.46,118.54,97.8,110.46,113.16,95.5
0022400467,PHI,GSW,117.22,111.46,98.2,104.74000000000001,110.4,98.7
0022400447,PHI,POR,113.72,114.96,96.7,115.08,121.9,100.2
0022400380,PHI,CLE,111.25999999999999,103.76000000000002,95.6,118.08,108.13999999999999,101.4
0022400322,PHI,ORL,103.1,111.82000000000001,99.596,115.1,105.56000000000002,96.9
0022400050,PHI,CHA,104.76666666666667,108.39999999999999,94.66666666666667,104.39999999999999,113.33333333333333,96.66666666666667
0022400301,PHI,DET,102.52000000000001,115.67999999999999,99.296,111.0,118.96,96.51
0022400274,PHI,LAC,103.64000000000001,111.2,98.482,112.17999999999999,108.97999999999999,99.0
0022400245,PHI,MIA,108.67999999999999,114.34,96.482,112.8,118.38,97.2
0022400010,PHI,ORL,99.0,111.0,100.0,114.0,88.1,100.5
0022400220,PHI,CLE,108.22,115.88,96.982,120.3,113.02000000000001,100.5
0022400004,PHI,NYK,,,,,,
0022400195,PHI,LAL,108.46,116.28,96.352,111.42,121.18000000000002,101.1
0022400179,PHI,LAC,107.9,114.88,98.452,110.84,110.93999999999998,98.0
0022400142,PHI,MEM,108.75999999999999,113.4,97.152,111.94000000000001,112.08,104.1
0022400120,PHI,DET,112.66,112.12,97.05199999999999,107.93999999999998,118.32000000000001,98.9
0022400078,PHI,TOR,108.32000000000001,111.72,95.6,102.64000000000001,112.3,101.0
0022400066,PHI,MIL,108.15,109.25,94.25,117.525,104.42500000000001,98.5
0022401021,PHX,CLE,120.32000000000001,111.14000000000001,96.0,116.82000000000001,118.9,99.7
0022401007,PHX,CHI,119.02000000000001,111.42,95.6,114.32000000000001,106.84,103.0
0022400095,PHX,DAL,106.25999999999999,103.17999999999999,100.36800000000001,118.22,107.54,103.6
0022400457,NOP,MIA,108.47999999999999,116.66,102.726,107.94000000000001,108.12,97.2
0022400444,NOP,LAC,107.8,119.34,103.326,108.52000000000001,107.32000000000001,98.7
0022400423,NOP,MEM,108.02000000000001,118.84,101.826,124.38,102.58,108.6
0022400416,NOP,HOU,107.84,117.78,101.426,115.4,106.3,99.3
0022400390,NOP,DEN,110.97999999999999,119.62,100.3,117.78,117.22,104.4
0022400384,NOP,NYK,112.34,120.9,102.7,122.04,105.67999999999999,98.5
0022400365,NOP,HOU,107.14000000000001,117.66,102.6,109.4,107.5,98.396
0022401216,NOP,IND,104.53999999999999,123.02000000000001,102.9,110.67999999999999,108.05999999999999,100.772
0022401207,NOP,SAC,102.74000000000001,125.2,101.5,122.42,118.3,93.4
0022400354,NOP,SAS,102.4,117.72,102.5,114.64000000000001,123.9,99.2
0022400342,NOP,OKC,102.38000000000001,116.08,102.9,117.33999999999999,103.54,100.5
0022400330,NOP,PHX,98.98,119.47999999999999,101.1,116.05999999999999,122.67999999999999,97.7
0022400315,NOP,ATL,99.6,119.2,98.0,108.64000000000001,110.7,105.2
0022400308,NOP,NYK,101.14,118.4,96.8,128.26,119.42,99.6
0022400042,NOP,MEM,101.96666666666665,114.16666666666667,98.33333333333333,102.25,110.85,111.0
0022400295,NOP,TOR,105.0,117.35999999999999,95.5,115.28,115.35999999999999,97.342
0022400279,NOP,IND,101.97999999999999,119.4,94.0,109.75999999999999,111.4,101.6
0022400032,NOP,GSW,99.5,114.7,97.5,114.65,109.4,106.75
0022400252,NOP,CLE,105.82000000000001,118.35999999999999,94.9,119.72,110.66,99.9
0022400024,NOP,DAL,109.8,100.0,93.0,112.5,116.5,103.5
0022400231,NOP,LAL,105.34,120.9,95.4,118.19999999999997,116.82000000000001,98.9
0022400017,NOP,DEN,,,,,,
0022400221,NOP,OKC,109.28,124.06000000000002,96.2,116.75999999999999,111.5,102.7
0022401192,MIL,DET,122.92,111.7,98.6,115.64000000000001,115.88,99.0
0022401189,IND,CLE,117.66,111.78,101.8,117.3,113.88,99.0
0022401172,IND,ORL,121.02000000000001,109.3,99.7,113.4,102.84,92.2
0022401142,IND,DEN,127.4,111.56000000000002,101.3,116.46000000000001,111.85999999999999,99.86800000000001
0022401119,IND,UTA,125.0,114.82000000000001,99.9,104.88,129.82,98.9
0022401090,IND,SAC,122.22,111.54,101.6,109.43999999999998,119.08,96.6
0022401079,IND,OKC,120.17999999999999,104.31999999999998,100.53399999999999,125.42,103.9,99.4
0022401061,IND,WAS,113.9,108.08,101.13399999999999,104.0,114.05999999999999,101.8
0022400998,IND,DAL,113.52000000000001,114.28000000000002,100.85,116.24000000000001,127.12,101.1
0022400986,IND,MIN,113.3,115.44000000000001,100.5,123.47999999999999,109.17999999999999,98.3
0022400959,IND,PHI,113.47999999999999,115.03999999999999,100.8,112.64000000000001,122.88000000000002,101.4
0022400942,IND,MIL,115.94000000000001,114.62,100.8,118.22,111.67999999999999,102.0
0022400933,IND,CHI,122.66,119.1,97.8,112.83999999999999,118.03999999999999,101.816
0022400882,IND,HOU,120.92,113.36000000000001,99.9,110.82000000000001,113.42,101.6
0022400868,IND,CHI,119.66,112.9,100.7,116.28,109.84,101.64
0022401180,DEN,MEM,115.25999999999999,118.64000000000001,99.168,116.1,114.74000000000001,102.1
0022401165,DEN,SAC,113.92,112.02000000000001,100.968,121.38,114.62,97.7
0022401142,DEN,IND,116.46000000000001,111.85999999999999,99.86800000000001,127.4,111.56000000000002,101.3
0022401102,DEN,MIN,121.64000000000001,118.04,98.4,122.0,111.0,98.2
0022401057,DEN,MIL,114.3,120.24000000000001,99.0,113.7,111.68000000000002,94.7
0022401042,DEN,CHI,113.94000000000001,118.94000000000001,99.8,121.64000000000001,111.92,102.2
0022401035,DEN,HOU,114.44000000000001,119.75999999999999,101.7,120.4,109.28,99.14399999999999
0022401022,DEN,POR,111.54,117.32000000000001,101.6,112.75999999999999,107.94000000000001,98.356
0022401006,DEN,LAL,118.63999999999999,119.46,101.0,109.84,117.8,98.1
0022400975,DEN,WAS,121.66000000000001,126.38,98.84400000000001,111.62,117.46,103.4
0022400965,DEN,LAL,119.42,123.85999999999999,98.244,114.52000000000001,115.24000000000001,97.018
0022400936,DEN,OKC,118.78,120.52000000000001,98.944,123.02000000000001,107.46000000000001,103.4
0022400909,DEN,PHX,115.42,113.7,101.8,120.67999999999999,122.53999999999999,98.292
0022400896,DEN,SAC,113.05999999999999,116.35999999999999,101.4,122.82000000000001,107.93999999999998,96.5
0022400866,DEN,BOS,116.67999999999999,115.48000000000002,102.9,118.24000000000001,114.4,96.0
0022400850,DEN,DET,115.82000000000001,115.85999999999999,103.1,120.4,107.66,103.2
0022400846,DEN,MIL,124.28,116.17999999999999,101.8,108.24000000000001,104.52000000000001,100.3
0022400822,DEN,IND,126.75999999999999,116.9,99.3,120.25999999999999,117.72,101.11600000000001
0022400808,DEN,LAL,128.54000000000002,110.16,99.6,116.8,110.82000000000001,103.7
0022400794,DEN,CHA,131.2,110.04,100.1,105.9,115.17999999999999,93.6
0022400780,DEN,POR,132.9,110.55999999999999,98.0,110.96,113.84,98.15599999999999
0022400706,DEN,NOP,115.97999999999999,123.22000000000003,100.6,112.11999999999998,123.46,102.3
0022400688,DEN,CHA,118.14000000000001,124.58000000000001,102.9,106.55999999999999,109.02000000000001,96.1
0022400681,DEN,PHI,120.16,120.47999999999999,102.3,119.14000000000001,116.96000000000001,98.6
0022400668,DEN,NYK,120.84,116.24000000000001,102.0,120.85999999999999,111.16,98.9
0022400655,DEN,CHI,124.85999999999999,114.5,100.7,107.88,115.72,99.9
0022400634,DEN,MIN,126.62,115.16,99.7,118.92,117.08,96.0
0022400626,DEN,SAC,126.68000000000002,112.8,97.4,120.08,115.43999999999998,102.9
0022400609,DEN,PHI,120.08000000000001,111.14000000000001,97.4,110.17999999999999,121.52000000000001,94.46
0022400593,DEN,ORL,121.34,111.32000000000001,98.2,102.2,116.72,95.3
0022400579,DEN,MIA,119.94000000000001,109.96,97.9,111.08,106.01999999999998,96.8
0022400540,DEN,DAL,117.17999999999999,109.22,98.644,112.42,114.38,99.8
0022400531,DEN,BKN,118.12,110.66,100.144,105.28,119.54,98.5
0022400484,DEN,SAS,125.9,120.66,103.3,113.9,105.47999999999999,97.2
0022400475,DEN,SAS,125.4,121.71999999999998,101.9,112.3,105.46,97.4
0022400461,DEN,ATL,124.8,118.83999999999999,98.9,119.1,110.66000000000001,105.2
0022400445,DEN,UTA,120.66,115.96,100.626,113.46,113.42,101.3
0022400432,DEN,DET,119.17999999999999,117.44000000000001,100.226,118.12,115.04,102.3
0022400424,DEN,CLE,119.82000000000001,110.05999999999999,100.526,123.74000000000001,109.35999999999999,98.0
0022400409,DEN,PHX,119.83999999999999,109.85999999999999,102.826,110.97999999999999,122.54,98.7
0022400390,DEN,NOP,117.78,117.22,104.4,110.97999999999999,119.62,100.3
0022400371,DEN,POR,118.96,113.7,103.3,108.02000000000001,125.25999999999999,100.3
0022401213,DEN,LAC,119.08,116.38,99.5,125.74000000000001,113.14000000000001,96.222
0022400341,DEN,WAS,119.58,118.5,101.4,103.16,125.05999999999999,101.0
0022400325,DEN,CLE,117.21999999999998,117.02000000000001,99.0,122.43999999999998,112.14000000000001,101.1
0022400058,DEN,GSW,109.23333333333333,109.93333333333334,102.0,114.13333333333333,108.56666666666666,104.5
0022400314,DEN,LAC,117.93999999999998,116.55999999999999,98.4,110.84,102.92,99.2
0022400017,DEN,NOP,,,,,,
0022400208,DEN,DAL,120.02000000000001,112.4,104.2,113.85999999999999,108.62,99.9
0022400194,DEN,MIA,121.22,114.94000000000001,102.71,113.78,111.97999999999999,96.8
0022400177,DEN,OKC,120.94000000000001,114.47999999999999,101.468,114.92,97.6,100.3
0022400166,DEN,TOR,118.66000000000001,114.32000000000001,100.168,114.8,118.96000000000001,102.87
0022400139,DEN,MIN,111.38000000000002,113.4,99.86800000000001,110.34,109.96000000000001,97.7
0022400113,DEN,BKN,107.72,111.54,100.958,107.68000000000002,116.8,98.4
0022400107,DEN,TOR,107.02000000000001,109.25999999999999,102.8,109.28,116.04,101.5
0022400087,DEN,LAC,105.58,108.28,102.2,107.6,104.34,98.86800000000001
0022401146,CHA,MEM,107.28,117.62,98.6,111.62,115.38,103.0
0022401133,CHA,CHI,104.78,114.21999999999998,97.4,113.4,114.0,107.6
0022401118,CHA,SAC,105.64000000000001,111.8,97.0,109.74000000000001,116.62,99.0
0022401089,CHA,UTA,104.34,119.17999999999999,97.4,100.8,128.1,98.6
0022401085,CHA,NOP,110.03999999999999,120.58000000000001,96.0,113.64000000000001,122.72,96.7
0022401069,CHA,TOR,110.85999999999999,125.62,96.2,101.58000000000001,109.17999999999999,102.5
0022401017,CHA,OKC,116.94000000000001,119.74000000000001,98.7,123.05999999999999,113.84,99.4
0022400752,CHA,DET,110.72,117.05999999999999,97.7,120.6,113.76000000000002,102.1
0022400717,CHA,MIL,105.14000000000001,115.24000000000001,97.1,113.05999999999999,125.14000000000001,101.3
0022400700,CHA,WAS,107.16,109.38,96.8,100.55999999999999,119.35999999999999,99.3
0022400688,CHA,DEN,106.55999999999999,109.02000000000001,96.1,118.14000000000001,124.58000000000001,102.9
0022400679,CHA,LAC,108.62,111.3,97.3,114.64000000000001,114.28,98.38199999999999
0022400663,CHA,BKN,112.85999999999999,109.85999999999999,98.7,98.74000000000001,114.53999999999999,95.9
0022400469,CHA,DET,101.04,109.62,99.458,117.9,116.28,100.0
0022400442,CHA,CHI,104.67999999999999,113.62,99.1,109.2,116.28,101.9
0022400428,CHA,OKC,107.85999999999999,113.8,99.6,114.08000000000001,104.84,100.0
0022400373,CHA,PHI,109.9,120.17999999999999,97.0,108.32000000000001,104.2,97.49600000000001
0022401212,CHA,CHI,99.44,122.12,98.8,116.66,106.88,103.7
0022401031,PHI,ATL,114.96000000000001,125.52000000000001,99.944,117.47999999999999,113.2,100.9
0022401018,PHI,SAS,111.86000000000001,123.6,100.04400000000001,123.2,121.58,98.1
0022401002,PHI,OKC,115.97999999999999,122.62,100.54400000000001,121.85999999999999,114.64000000000001,99.3
0022400985,PHI,HOU,113.72,118.82000000000001,102.6,121.94000000000001,104.51999999999998,98.6
0022400976,PHI,DAL,111.3,121.24000000000001,100.4,113.34,125.35999999999999,101.3
0022400771,WAS,IND,118.47999999999999,120.58,100.9,108.9,116.75999999999999,100.9
0022400757,WAS,SAS,115.97999999999999,115.24000000000001,100.5,110.83999999999999,114.9,102.2
0022400744,WAS,ATL,113.88,118.2,99.6,117.78,121.17999999999999,104.5
0022400720,WAS,BKN,102.62,117.9,99.9,108.72,106.33999999999999,93.0
0022400700,WAS,CHA,100.55999999999999,119.35999999999999,99.3,107.16,109.38,96.8
0022400690,WAS,MIN,101.74000000000001,124.35999999999999,99.4,124.0,108.47999999999999,98.6
0022400489,WAS,NOP,112.8,115.38,103.678,115.75999999999999,121.62,101.4
0022400456,WAS,CHI,105.92,115.12,103.078,105.67999999999999,113.17999999999999,102.85799999999999
0022400429,WAS,NYK,106.23999999999998,114.6,104.4,121.28,106.0,98.7
0022400412,WAS,CHA,108.38,115.16,104.2,109.08000000000001,117.97999999999999,96.8
0022400382,WAS,MIL,110.16,120.2,104.2,111.42,117.03999999999999,99.5
0022400362,WAS,CHA,104.44000000000001,121.34,104.5,107.32000000000001,116.9,95.5
0022400272,WAS,IND,105.47999999999999,124.94000000000001,99.9,113.42,115.24000000000001,101.4
0022400028,WAS,BOS,103.5,114.2,113.0,122.45,120.1,97.0
0022401107,HOU,UTA,120.88000000000002,112.17999999999999,98.9,102.5,126.05999999999999,98.4
0022401065,HOU,UTA,119.23999999999998,115.8,97.044,100.02000000000001,121.72,99.062
0022400961,HOU,DAL,116.42,107.47999999999999,96.4,115.28000000000002,125.38,101.7
0022400809,HOU,UTA,108.42,108.04,99.0,112.6,124.3,102.162
0022400753,HOU,TOR,112.12,120.62,95.1,113.73999999999998,125.24000000000001,97.3
0022400729,HOU,MIN,114.32000000000001,117.8,95.6,125.9,114.5,96.5
0022400532,HOU,ATL,117.7,114.32000000000001,96.5,109.8,122.75999999999999,103.3
0022400600,HOU,DET,119.55999999999999,110.78,100.6,114.62,115.42,99.8
0022400388,HOU,TOR,116.2,108.85999999999999,98.696,106.22,116.88,99.9
0022401204,HOU,GSW,113.2,120.56000000000002,100.5,112.78,106.9,97.22200000000001
0022400037,HOU,MIN,115.8,91.75,104.25,114.2,120.4,98.5
0022400267,HOU,POR,111.67999999999999,98.4,105.2,99.12,111.34,103.4
0022400254,HOU,IND,109.94000000000001,99.02000000000001,101.7,111.08,114.16,97.6
0022400241,HOU,CHI,109.88,103.55999999999999,100.5,113.1,117.66,103.3
0022400222,HOU,LAC,111.12,103.62,99.2,117.54,111.92,95.8
0022400201,HOU,DET,114.72,110.18000000000002,97.88199999999999,110.02000000000001,110.46000000000001,99.7
0022400173,HOU,SAS,114.64000000000001,110.47999999999999,94.38199999999999,107.47999999999999,108.1,96.0
0022400144,HOU,GSW,113.94000000000001,108.58,97.4,118.54,98.56,101.0
0022400094,HOU,SAS,112.9,106.47999999999999,99.782,110.6,112.22,100.4
0022400082,HOU,MEM,113.22,106.1,99.18199999999999,109.85999999999999,111.74000000000001,107.4
0022400068,HOU,CHA,114.175,103.975,99.97749999999999,106.25,114.575,95.75
0022401161,NOP,MIL,104.54,116.3,97.6,123.47999999999999,120.66,97.4
0022400617,NOP,MIL,118.38,113.38000000000002,102.168,121.5,113.38,100.6
0022400726,NOP,DEN,110.7,121.97999999999999,101.3,121.35999999999999,120.14000000000001,99.8
0022401151,BOS,NYK,125.9,114.32000000000001,93.5,115.66000000000001,106.58,95.7
0022401137,BOS,WAS,125.84,115.58,94.7,106.8,124.54,99.1
0022401120,BOS,PHX,122.47999999999999,113.22,95.5,114.32000000000001,132.77999999999997,96.6
0022401106,BOS,MIA,126.55999999999999,109.6,96.7,123.74000000000001,101.82000000000001,96.5
0022401080,BOS,SAS,125.67999999999999,107.54,95.0,117.14000000000001,112.96,99.4
0022401058,BOS,PHX,125.24000000000001,112.56000000000002,92.9,121.34,112.34,95.6
0022401044,BOS,SAC,124.82000000000001,112.54,91.8,119.97999999999999,125.16000000000001,97.1
0022400968,BOS,BKN,118.85999999999999,109.97999999999999,94.9,115.66000000000001,119.22,94.1
0022400946,BOS,OKC,123.72,112.14000000000001,95.1,120.05999999999999,109.85999999999999,102.8
0022400929,BOS,UTA,125.62,116.28000000000002,94.1,109.93999999999998,119.52000000000001,105.6
0022400918,BOS,LAL,122.0,118.9,94.7,118.2,108.72,95.418
0022400891,BOS,POR,116.05999999999999,114.42,95.6,118.58,109.38000000000002,101.56800000000001
0022400866,BOS,DEN,118.24000000000001,114.4,96.0,116.67999999999999,115.48000000000002,102.9
0022400852,BOS,CLE,116.5,109.02000000000001,97.2,126.62,102.82000000000001,100.1
0022400829,BOS,TOR,123.6,104.47999999999999,95.8,106.17999999999999,109.67999999999999,99.476
0022400811,BOS,NYK,124.01999999999998,109.3,95.7,113.9,123.17999999999999,100.916
0022400789,BOS,PHI,120.8,108.86000000000001,96.3,108.54,115.05999999999999,99.4
0022400748,BOS,NYK,119.03999999999999,112.08000000000001,99.5,123.78,115.82000000000001,100.3
0022400728,BOS,DAL,117.85999999999999,109.88,99.1,117.25999999999999,124.6,100.0
0022400710,BOS,CLE,120.14000000000001,110.72,98.8,129.14000000000001,110.04,100.0
0022400698,BOS,PHI,115.97999999999999,112.94000000000001,98.3,123.24000000000001,114.94000000000001,99.2
0022400683,BOS,NOP,114.72,111.96,96.982,111.21999999999998,122.74000000000001,101.6
0022400666,BOS,CHI,116.83999999999999,110.43999999999998,95.582,108.12,114.06000000000002,100.7
0022400650,BOS,HOU,113.92,108.02000000000001,96.616,117.7,115.26000000000002,100.7
0022400635,BOS,DAL,115.9,106.62,95.216,112.78,111.97999999999999,99.5
0022400629,BOS,LAL,116.12,105.12,95.216,112.22,112.78,95.5
0022400620,BOS,LAC,118.21999999999998,107.35999999999999,96.03399999999999,116.16,96.54,97.4
0022400604,BOS,GSW,111.78,112.25999999999999,96.83399999999999,113.47999999999999,114.88,95.3
0022400587,BOS,ATL,115.72,112.97999999999999,95.9,111.94000000000001,110.05999999999999,101.3
0022400577,BOS,ORL,107.8,113.74000000000001,97.3,104.18000000000002,110.5,95.4
0022400562,BOS,TOR,111.94000000000001,110.12,96.0,111.74000000000001,121.74000000000001,97.8
0022400542,BOS,NOP,115.62,113.3,93.0,114.92,113.63999999999999,97.8
0022400528,BOS,SAC,122.05999999999999,105.13999999999999,92.4,117.46,105.97999999999999,100.8
0022400507,BOS,DEN,120.47999999999999,107.41999999999999,93.2,122.78,112.72,101.944
0022400487,BOS,OKC,130.5,107.64000000000001,93.2,115.17999999999999,100.8,101.1
0022400449,BOS,TOR,119.85999999999999,110.85999999999999,99.8,106.3,122.32000000000001,105.3
0022400437,BOS,IND,118.64000000000001,109.9,99.7,114.88,115.74000000000001,99.3
0022400420,BOS,IND,111.85999999999999,111.78,101.9,114.62,108.92,100.2
0022400407,BOS,PHI,111.97999999999999,109.3,101.5,108.34,107.8,97.5
0022400393,BOS,ORL,117.72,112.24000000000001,100.9,111.67999999999999,110.82000000000001,96.0
0022400381,BOS,CHI,116.1,111.38,99.8,117.8,111.6,102.9
0022400363,BOS,CHI,115.4,110.04,100.8,116.58,115.14000000000001,104.2
0022401217,BOS,WAS,111.67999999999999,101.56,94.576,102.25999999999999,114.38,100.8
0022401205,BOS,DET,114.64000000000001,101.96000000000001,92.476,117.1,120.98000000000002,98.344
0022400345,BOS,MEM,118.66,105.7,98.8,122.42,108.14000000000001,105.7
0022400335,BOS,MIL,118.81999999999998,106.94000000000001,97.9,114.17999999999999,110.4,101.0
0022400319,BOS,DET,118.28,108.78,95.44200000000001,107.3,116.46,96.81
0022400316,BOS,MIA,124.44000000000001,113.92,95.542,110.88,107.42,98.10600000000001
0022400047,BOS,CHI,116.23333333333333,111.13333333333333,99.16666666666667,120.06666666666666,114.66666666666667,108.33333333333333
0022400281,BOS,LAC,122.08000000000001,114.64000000000001,93.136,113.11999999999998,103.12,97.9
0022400271,BOS,MIN,121.64000000000001,115.88,94.336,109.22,106.6,99.6
0022400028,BOS,WAS,122.45,120.1,97.0,103.5,114.2,113.0
0022400021,BOS,CLE,117.2,117.0,99.5,132.1,115.6,109.0
0022400230,BOS,TOR,119.86000000000001,108.05999999999999,97.59400000000001,112.32000000000001,119.84,98.112
0022400218,BOS,BKN,114.5,105.8,97.59400000000001,107.68000000000002,110.97999999999999,92.994
0022400001,BOS,ATL,,,,,,
0022400202,BOS,MIL,116.5,106.2,97.694,110.47999999999999,115.28000000000002,98.5
0022400132,BOS,CHA,123.9,111.75999999999999,100.164,117.02000000000001,118.42,98.8
0022400119,BOS,IND,127.62,114.05999999999999,99.6,107.42,115.44000000000001,100.752
0022400104,BOS,MIL,124.82000000000001,111.52000000000001,100.0,117.16000000000001,113.55999999999999,99.6
0022400089,BOS,DET,125.06000000000002,111.84,99.4,108.12,110.72,100.8
0022400073,BOS,WAS,125.04,115.44000000000001,98.6,95.1,112.825,106.875
0022400061,BOS,NYK,120.025,114.35,100.5,115.3,108.75,98.125
0022400679,LAC,CHA,114.64000000000001,114.28,98.38199999999999,108.62,111.3,97.3
0022400865,DAL,MIL,106.03999999999999,108.66,100.5,111.24000000000001,106.02000000000001,100.8
0022400847,DAL,CHA,108.46,111.5,99.8,93.86,125.46,100.1
0022400812,DAL,GSW,116.05999999999999,111.22,98.41600000000001,120.3,107.85999999999999,100.0
0022400803,DAL,NOP,120.96,116.42,96.91600000000001,111.8,124.54,103.27799999999999
0022400320,IND,BKN,113.61999999999998,114.17999999999999,103.6,112.08,114.11999999999998,99.4
0022400054,IND,TOR,108.43333333333334,124.0,102.83333333333333,99.10000000000001,107.7,98.5
0022400306,IND,MEM,114.1,113.97999999999999,102.8,121.0,105.74000000000001,102.1
0022400045,IND,DET,110.7,122.25,103.25,106.55,104.05,98.725
0022400288,IND,POR,113.12,113.38,102.9,103.0,106.24000000000001,101.2
0022400279,IND,NOP,109.75999999999999,111.4,101.6,101.97999999999999,119.4,94.0
0022400272,IND,WAS,113.42,115.24000000000001,101.4,105.47999999999999,124.94000000000001,99.9
0022400029,IND,MIL,111.0,121.6,101.0,100.0,86.7,98.5
0022400254,IND,HOU,111.08,114.16,97.6,109.94000000000001,99.02000000000001,101.7
0022401168,IND,CLE,119.96,108.5,100.0,122.12,114.46,100.3
0022401148,IND,WAS,119.44000000000001,113.46,101.7,105.84,120.34,96.5
0022401104,IND,CHA,122.82000000000001,112.72,101.6,105.42,112.42,97.1
0022401055,IND,LAL,112.2,105.67999999999999,102.684,109.58,119.47999999999999,98.0
0022401037,IND,MIN,113.12,110.64000000000001,102.08399999999999,121.35999999999999,109.04,100.45
0022401024,IND,BKN,115.55999999999999,111.72,100.58399999999999,112.16,114.78,95.134
0022401011,IND,BKN,119.92,116.6,100.45,115.9,118.38,94.4
0022400972,IND,MIL,113.34,115.28,100.3,116.74000000000001,110.58,100.0
0022400914,IND,ATL,121.08,113.17999999999999,98.0,118.58,125.56000000000002,102.3
0022400899,IND,ATL,119.33999999999999,112.42,99.0,114.2,119.46,101.7
0022400854,IND,MIA,118.22,109.44000000000001,102.11600000000001,115.74000000000001,114.2,95.476
0022400837,IND,TOR,119.2,117.2,101.816,109.46000000000001,113.38,99.176
0022400822,IND,DEN,120.25999999999999,117.72,101.11600000000001,126.75999999999999,116.9,99.3
0022400813,IND,LAC,117.82000000000001,117.92,101.316,114.5,115.7,100.6
0022400788,IND,MEM,111.52000000000001,118.62,100.316,117.81999999999998,111.58,104.2
0022400771,IND,WAS,108.9,116.75999999999999,100.9,118.47999999999999,120.58,100.9
0022400765,IND,NYK,111.5,115.58,101.6,118.96,123.2,98.1
0022400742,IND,LAL,114.42,114.58,101.7,122.14000000000001,106.83999999999999,99.9
0022400733,IND,LAC,117.97999999999999,111.61999999999998,101.7,113.84,116.96,97.2
0022400716,IND,POR,120.58000000000001,115.67999999999999,103.1,123.12,111.6,95.856
0022400707,IND,UTA,122.8,115.16,101.8,110.22,122.04,98.6
0022400686,IND,ATL,119.42,110.33999999999999,101.3,99.56,112.28,105.3
0022400664,IND,DET,116.5,111.67999999999999,101.3,107.8,109.88,101.3
0022400633,IND,SAS,111.66,111.44000000000001,100.6,119.1,120.33999999999999,101.0
0022400621,IND,SAS,112.74000000000001,104.32000000000001,99.2,114.2,124.14000000000001,100.1
0022400588,IND,PHI,114.32000000000001,105.22,100.3,113.82000000000001,119.7,93.75999999999999
0022400572,IND,DET,116.6,106.46,98.8,118.91999999999999,112.54,98.0
0022400554,IND,CLE,119.16,104.05999999999999,97.9,120.5,116.88,99.9
0022400543,IND,CLE,124.0,108.8,97.5,125.91999999999999,117.05999999999999,100.2
0022400525,IND,GSW,122.51999999999998,111.02000000000001,99.8,115.2,115.28,97.9
0022400510,IND,CHI,121.82000000000001,112.34,99.1,111.46,108.35999999999999,104.55799999999999
0022400495,IND,BKN,119.42,120.47999999999999,99.7,105.94000000000001,115.35999999999999,96.7
0022400480,IND,PHX,116.5,121.97999999999999,100.3,104.92,112.25999999999999,96.4
0022400463,IND,MIA,112.04,119.67999999999999,100.8,110.67999999999999,106.42,96.1
0022400450,IND,MIL,116.64000000000001,117.24000000000001,98.4,105.76000000000002,106.8,102.0
0022400437,IND,BOS,114.88,115.74000000000001,99.3,118.64000000000001,109.9,99.7
0022400420,IND,BOS,114.62,108.92,100.2,111.85999999999999,111.78,101.9
0022400410,IND,OKC,117.2,108.58,101.0,114.66,99.74,100.9
0022400403,IND,GSW,113.55999999999999,107.78,100.5,103.54,111.55999999999999,98.7
0022400389,IND,SAC,110.8,113.16,102.8,115.88,105.58,102.2
0022400369,IND,PHX,114.02000000000001,115.66,100.8,115.17999999999999,119.05999999999999,99.8
0022401216,IND,NOP,110.67999999999999,108.05999999999999,100.772,104.53999999999999,123.02000000000001,102.9
0022400350,ATL,DEN,117.35999999999999,108.72,103.44000000000001,115.96,121.96,102.0
0022400300,ATL,CHA,107.93999999999998,112.04,106.1,107.17999999999999,113.94000000000001,97.21
0022400553,MIA,LAC,108.5,106.94000000000001,97.7,111.38,108.52000000000001,100.5
0022400764,PHI,TOR,115.5,121.78,98.6,110.5,120.26000000000002,96.7
0022400754,PHI,MIL,117.16,123.5,98.0,110.64000000000001,121.62,101.0
0022400598,WAS,SAC,105.82000000000001,125.1,103.0,116.94000000000001,113.21999999999998,100.4
0022400573,WAS,PHX,104.14000000000001,126.4,100.6,117.17999999999999,115.55999999999999,98.8
0022400512,WAS,PHI,110.32000000000001,119.78,101.8,112.66000000000001,112.97999999999999,99.1
0022400155,WAS,GSW,109.25999999999999,116.96,104.6,116.6,101.92,98.68199999999999
0022401198,GSW,LAC,113.05999999999999,103.28,98.7,123.72,107.72,98.0
0022401183,GSW,POR,119.6,111.64000000000001,96.7,110.35999999999999,105.72,106.39200000000001
0022401163,GSW,SAS,121.52000000000001,110.47999999999999,99.2,107.66,117.58,103.8
0022401154,GSW,PHX,123.9,111.86000000000001,99.8,112.6,131.73999999999998,96.7
0022401143,GSW,HOU,127.66,110.22,99.2,125.5,107.0,100.9
0022401125,GSW,DEN,122.47999999999999,113.66,97.8,118.58,113.32000000000001,100.56800000000001
0022401117,GSW,LAL,118.52000000000001,113.24000000000001,99.5,117.52000000000001,118.4,98.6
0022401100,GSW,MEM,114.9,109.25999999999999,97.4,115.62,119.88000000000002,101.1
0022401086,GSW,SAS,108.97999999999999,111.2,97.2,115.0,116.55999999999999,99.4
0022401072,GSW,NOP,106.0,113.12,98.9,109.84,125.02000000000001,97.6
0022401047,GSW,MIA,107.96000000000001,108.24000000000001,99.5,107.3,116.52000000000001,96.8
0022401025,GSW,ATL,111.98000000000002,104.46,99.0,118.55999999999999,114.53999999999999,101.2
0022401005,GSW,TOR,115.74000000000001,107.66,100.2,108.4,110.17999999999999,102.1
0022401012,GSW,MIL,116.32000000000001,108.84,99.9,118.42,111.1,99.2
0022400990,GSW,DEN,120.56000000000002,110.28,98.8,117.52000000000001,124.74000000000001,100.1
0022400974,GSW,NYK,122.96,111.32000000000001,99.6,109.5,109.38,96.774
0022400957,GSW,SAC,118.82000000000001,109.92,100.8,117.94000000000001,116.74000000000001,95.332
0022400938,GSW,POR,116.62,111.35999999999999,100.7,111.3,115.6,99.968
0022400919,GSW,DET,120.4,114.35999999999999,98.7,117.42,108.9,102.1
0022400901,GSW,BKN,120.3,107.85999999999999,99.8,105.74000000000001,120.81999999999998,99.7
0022400885,GSW,NYK,121.73999999999998,107.22,100.5,109.8,118.35999999999999,98.014
0022400875,GSW,CHA,126.3,110.1,99.0,91.58,120.82000000000001,101.6
0022400845,GSW,ORL,119.66,102.96,99.7,105.9,105.97999999999999,96.6
0022400834,GSW,CHA,118.6,106.05999999999999,100.2,94.96000000000001,121.0,98.4
0022400812,GSW,DAL,120.3,107.85999999999999,100.0,116.05999999999999,111.22,98.41600000000001
0022400805,GSW,SAC,114.62,108.88,101.3,114.25999999999999,114.46,101.59400000000001
0022400784,GSW,HOU,117.98000000000002,114.23999999999998,102.3,110.64000000000001,113.05999999999999,95.6
0022400782,GSW,DAL,118.04,112.44000000000001,101.7,117.58000000000001,123.3,98.11600000000001
0022400760,GSW,MIL,114.2,116.05999999999999,101.7,113.46,119.05999999999999,100.9
0022400745,GSW,CHI,110.78,115.44000000000001,101.9,113.94000000000001,119.94000000000001,101.7
0022401191,CHI,PHI,115.52000000000001,108.94000000000001,103.9,113.14000000000001,118.97999999999999,98.6
0022401176,CHI,WAS,118.52000000000001,114.35999999999999,104.2,105.46,119.1,95.8
0022401160,CHI,MIA,115.88,118.46,106.3,119.11999999999998,108.62,96.7
0022401147,CHI,CLE,116.17999999999999,114.0,107.4,119.32000000000001,119.05999999999999,100.1
0022401133,CHI,CHA,113.4,114.0,107.6,104.78,114.21999999999998,97.4
0022401122,CHI,POR,117.28,116.44000000000001,106.2,110.0,116.16,99.7
0022401099,CHI,TOR,118.47999999999999,115.64000000000001,106.5,106.25999999999999,100.02000000000001,103.8
0022401094,CHI,OKC,124.17999999999999,113.66,103.4,123.94000000000001,105.04,100.4
0022401077,CHI,DAL,126.33999999999999,116.78,101.8,116.9,113.75999999999999,100.5
0022401063,CHI,LAL,124.82000000000001,112.75999999999999,101.9,111.82000000000001,124.32000000000001,98.2
0022401042,CHI,DEN,121.64000000000001,111.92,102.2,113.94000000000001,118.94000000000001,99.8
0022401028,CHI,LAL,118.01999999999998,112.7,100.5,110.38,115.62,99.6
0022401013,CHI,SAC,116.12,112.9,101.5,114.64000000000001,127.1,98.9
0022401007,CHI,PHX,114.32000000000001,106.84,103.0,119.02000000000001,111.42,95.6
0022400989,CHI,UTA,114.9,109.12,103.0,106.8,116.14000000000001,106.0
0022400970,CHI,HOU,114.2,112.14000000000001,104.1,121.46,102.16,97.6
0022400956,CHI,BKN,112.9,115.38,104.4,115.8,121.47999999999999,94.3
0022400933,CHI,IND,112.83999999999999,118.03999999999999,101.816,122.66,119.1,97.8
0022400916,CHI,MIA,117.66,117.46,102.41599999999998,114.44000000000001,112.54,95.014
0022400944,CHI,ORL,111.11999999999998,112.22,103.91599999999998,110.53999999999999,115.14000000000001,94.7
0022400886,CHI,CLE,118.71999999999998,115.21999999999998,101.416,129.36,110.64000000000001,98.268
0022400868,CHI,IND,116.28,109.84,101.64,119.66,112.9,100.7
0022400775,CHI,DET,110.08,127.05999999999999,101.8,122.5,109.91999999999999,100.7
0022400766,CHI,DET,116.72,122.41999999999999,101.2,120.82000000000001,114.44000000000001,101.3
0022400745,CHI,GSW,113.94000000000001,119.94000000000001,101.7,110.78,115.44000000000001,101.9
0022400723,CHI,MIN,115.32000000000001,116.04,104.0,118.75999999999999,109.62,98.0
0022400597,CHI,POR,113.4,114.02000000000001,103.0,104.06000000000002,121.96,99.6
0022400563,CHI,ATL,115.85999999999999,115.25999999999999,102.5,109.88,115.72,102.5
0022400398,CHI,MIL,112.4,115.92,102.6,109.28,114.67999999999999,99.3
0022400331,CHI,SAS,119.72,121.47999999999999,100.9,111.23999999999998,114.55999999999999,98.9
0022400035,CHI,WAS,120.75,122.0,108.75,98.35,109.0,108.25
0022400266,CHI,MEM,112.2,120.35999999999999,102.6,116.97999999999999,100.9,103.6
0022400030,CHI,ATL,115.6,132.1,109.0,115.6,110.35,106.25
0022400253,CHI,MIL,114.16,116.25999999999999,104.4,109.08,114.53999999999999,96.97200000000001
0022400244,CHI,DET,113.54,120.72,104.5,112.24000000000001,108.96,100.272
0022400241,CHI,HOU,113.1,117.66,103.3,109.88,103.55999999999999,100.5
0022400013,CHI,CLE,,,,,,
0022400219,CHI,NYK,113.47999999999999,120.22,103.2,119.26000000000002,114.12,96.9
0022400212,CHI,CLE,113.28,121.1,102.9,121.17999999999999,114.62,99.0
0022400198,CHI,ATL,109.23999999999998,119.2,102.3,112.44000000000001,115.96,102.7
0022400181,CHI,MIN,108.7,115.3,103.7,114.42,110.38,98.3
0022400176,CHI,DAL,106.72,112.88,105.3,113.54,109.04,99.7
0022400160,CHI,UTA,106.66,109.46,106.3,93.38,115.05999999999999,101.7
0022400123,CHI,ORL,110.28,115.34,108.0,113.5,110.52000000000001,100.5
0022400083,CHI,MIL,117.4,117.85999999999999,107.5,118.34,105.34,99.0
0022400908,POR,OKC,120.8,114.35999999999999,100.268,127.18000000000002,115.62,104.7
0022400928,ATL,PHI,119.13999999999999,120.82000000000001,103.8,115.0,123.16,99.2
0022400914,ATL,IND,118.58,125.56000000000002,102.3,121.08,113.17999999999999,98.0
0022400899,ATL,IND,114.2,119.46,101.7,119.33999999999999,112.42,99.0
0022400884,ATL,MIL,117.1,122.32000000000001,102.6,113.44000000000001,106.74000000000001,101.5
0022400841,ATL,MIA,115.02000000000001,113.64000000000001,102.992,108.9,114.71999999999998,95.976
0022400825,ATL,MIA,118.17999999999999,116.64000000000001,104.992,109.64000000000001,116.7,95.076
0022400814,ATL,DET,115.42,112.04,102.792,124.12,104.38,100.6
0022400427,ATL,MIA,112.55999999999999,118.12,105.912,108.92,107.54,97.2
0022400413,ATL,CHI,109.25999999999999,115.94000000000001,105.55199999999999,104.2,114.48000000000002,101.7
0022400395,ATL,MIN,109.2,115.54,105.952,107.32000000000001,107.05999999999999,99.0
0022400239,ATL,POR,111.63999999999999,116.34,102.9,104.52000000000001,114.34,100.6
0022400012,ATL,WAS,117.0,117.2,99.5,,,
0022400001,ATL,BOS,,,,,,
0022400198,ATL,CHI,112.44000000000001,115.96,102.7,109.23999999999998,119.2,102.3
0022400185,ATL,DET,112.46,118.03999999999999,102.6,109.81999999999998,108.5,96.8
0022400171,ATL,NYK,110.47999999999999,117.88,103.8,118.64000000000001,108.2,96.1
0022400135,ATL,SAC,112.35999999999999,118.64000000000001,104.4,117.97999999999999,110.6,99.6
0022400121,ATL,WAS,112.43999999999998,113.16,103.8,101.88000000000001,118.05999999999999,105.0
0022400103,ATL,WAS,112.35999999999999,115.3,104.4,97.47999999999999,116.35999999999999,104.6
0022400100,ATL,OKC,114.6,110.9,106.7,110.61999999999998,97.96000000000001,100.7
0022400079,ATL,CHA,114.2,111.04,105.8,107.92,113.54,95.8
0022401196,OKC,NOP,121.44000000000001,117.78,101.2,105.67999999999999,128.3,100.4
0022401181,OKC,UTA,117.43999999999998,117.22,100.3,113.92,128.73999999999998,101.492
0022401164,OKC,PHX,118.34,115.96000000000001,102.6,108.22,131.46,98.2
0022401153,OKC,LAL,116.52000000000001,112.85999999999999,103.6,124.81999999999998,114.55999999999999,96.9
0022401123,OKC,HOU,122.38,102.84,104.9,124.5,107.82000000000001,100.9
0022401108,OKC,DET,120.52000000000001,103.66000000000001,103.7,124.71999999999998,120.35999999999999,98.4
0022401094,OKC,CHI,123.94000000000001,105.04,100.4,124.17999999999999,113.66,103.4
0022401079,OKC,IND,125.42,103.9,99.4,120.17999999999999,104.31999999999998,100.53399999999999
0022401064,OKC,MEM,126.08,105.54,98.1,119.8,114.32000000000001,99.4
0022401052,OKC,SAC,123.4,105.12,99.0,117.7,122.02000000000001,97.6
0022401017,OKC,CHA,123.05999999999999,113.84,99.4,116.94000000000001,119.74000000000001,98.7
0022401002,OKC,PHI,121.85999999999999,114.64000000000001,99.3,115.97999999999999,122.62,100.54400000000001
0022400908,OKC,POR,127.18000000000002,115.62,104.7,120.8,114.35999999999999,100.268
0022400804,OKC,UTA,121.08,110.28000000000002,98.3,116.58,122.46,103.06200000000001
0022400761,OKC,NOP,128.08,105.94000000000001,101.8,116.4,125.97999999999999,103.3
0022400746,OKC,MEM,124.66000000000001,106.3,102.1,121.34,115.41999999999999,103.4
0022400739,OKC,TOR,124.82000000000001,106.1,101.8,112.43999999999998,117.38000000000002,97.5
0022400625,OKC,DAL,119.6,106.97999999999999,100.3,108.85999999999999,113.28000000000002,99.0
0022400618,OKC,UTA,121.6,102.75999999999999,100.8,111.42,116.67999999999999,98.916
0022400595,OKC,BKN,120.38,101.94,101.6,104.22,117.74000000000001,96.548
0022400583,OKC,DAL,124.35999999999999,105.16,102.6,112.9,113.34,98.0
0022400574,OKC,CLE,120.26000000000002,102.82000000000001,100.9,119.64000000000001,116.58,99.4
0022400555,OKC,PHI,119.58000000000001,103.62,101.2,112.72,110.7,96.6
0022400545,OKC,WAS,117.6,105.5,99.7,108.58,125.05999999999999,99.4
0022400529,OKC,NYK,115.28,106.5,99.5,112.75999999999999,113.3,98.7
0022400466,OKC,LAC,115.3,102.22,102.6,103.6,111.0,99.3
0022400440,OKC,MEM,111.72,102.44000000000001,99.6,122.7,104.6,108.8
0022401203,OKC,DAL,122.68000000000002,113.08,100.9,102.67999999999999,119.12,99.9
0022400328,OKC,TOR,117.04,110.78,99.1,112.28,108.5,99.1
0022400055,OKC,UTA,105.3,98.46666666666665,96.5,117.0,125.66666666666667,98.5
0022400048,OKC,LAL,103.05,98.25,98.25,114.93333333333334,119.96666666666665,100.0
0022400285,OKC,SAC,118.58,114.42,98.3,115.12,115.2,96.3
0022401190,WAS,MIA,99.3,120.24000000000001,96.4,117.8,109.88,100.1
0022401176,WAS,CHI,105.46,119.1,95.8,118.52000000000001,114.35999999999999,104.2
0022401157,WAS,PHI,103.4,118.28,96.2,107.08,119.54,98.6
0022401148,WAS,IND,105.84,120.34,96.5,119.44000000000001,113.46,101.7
0022401137,WAS,BOS,106.8,124.54,99.1,125.84,115.58,94.7
0022401112,WAS,ORL,109.53999999999999,123.58,100.7,112.17999999999999,105.16,94.6
0022401105,WAS,SAC,105.54,122.32000000000001,102.2,107.34,116.0,98.6
0022401092,WAS,MIA,107.42,122.92,102.0,121.74000000000001,105.34,94.4
0022401075,WAS,BKN,105.55999999999999,123.2,102.5,95.92,114.46,100.034
0022401061,WAS,IND,104.0,114.05999999999999,101.8,113.9,108.08,101.13399999999999
0022401053,WAS,PHI,97.34,111.96,103.1,113.54,127.64000000000001,99.244
0022401039,WAS,TOR,102.14,114.22,102.7,101.25999999999999,115.34,102.7
0022401026,WAS,NYK,106.17999999999999,114.12,103.4,108.38,111.82000000000001,94.95599999999999
0022401014,WAS,ORL,105.17999999999999,114.0,104.0,114.36000000000001,114.96,98.8
0022400627,WAS,UTA,103.84,118.35999999999999,102.4,111.0,116.08000000000001,100.816
0022400995,WAS,POR,106.58,115.42,104.0,105.96,112.38,99.856
0022400975,WAS,DEN,111.62,117.46,103.4,121.66000000000001,126.38,98.84400000000001
0022400954,WAS,DET,106.32000000000001,115.96,101.3,116.04,108.47999999999999,103.5
0022400941,WAS,DET,108.92,112.08,100.7,114.28,106.38,103.8
0022400932,WAS,TOR,110.32000000000001,112.16,102.4,112.43999999999998,111.6,99.316
0022400915,WAS,TOR,109.47999999999999,109.83999999999999,101.2,107.34,109.8,99.51599999999999
0022400894,WAS,UTA,104.23999999999998,109.05999999999999,99.7,108.85999999999999,119.34,102.3
0022400877,WAS,MIA,105.67999999999999,108.02000000000001,100.4,117.96000000000001,117.35999999999999,94.314
0022400860,WAS,CHA,106.5,112.38,100.41600000000001,94.36,123.52000000000002,101.9
0022400839,WAS,POR,107.8,114.2,99.21600000000001,115.22,113.97999999999999,103.3
0022400824,WAS,BKN,106.02000000000001,117.16,101.41600000000001,105.4,101.56,95.2
0022400815,WAS,ORL,112.02000000000001,121.02000000000001,102.21600000000001,110.1,105.96,98.1
0022400799,WAS,MIL,117.82000000000001,122.36000000000001,100.516,111.76000000000002,113.17999999999999,102.6
0022400735,WAS,CLE,106.4,113.3,98.8,124.6,108.94000000000001,101.0
0022400645,WAS,PHX,104.82000000000001,120.2,102.4,114.22,112.84,100.2
0022400983,WAS,LAC,112.06000000000002,117.2,103.5,118.38,109.25999999999999,95.732
0022400610,WAS,LAL,104.33999999999999,121.6,103.6,114.55999999999999,117.38,95.5
0022400589,WAS,GSW,104.72,124.16,101.8,109.25999999999999,115.38,94.8
0022400012,WAS,ATL,,,,117.0,117.2,99.5
0022400224,WAS,SAS,98.6,118.05999999999999,101.5,112.7,112.66000000000001,97.8
0022401200,SAC,PHX,123.98000000000002,117.78,94.7,107.67999999999999,120.34,97.9
0022401184,SAC,LAC,124.68000000000002,119.02000000000001,96.2,125.28,106.42,98.9
0022401165,SAC,DEN,121.38,114.62,97.7,113.92,112.02000000000001,100.968
0022401144,SAC,DET,113.12,114.92,98.2,110.74000000000001,113.67999999999999,101.5
0022401138,SAC,CLE,114.52000000000001,113.67999999999999,98.3,120.1,116.8,101.3
0022401118,SAC,CHA,109.74000000000001,116.62,99.0,105.64000000000001,111.8,97.0
0022401074,SAC,ORL,114.35999999999999,120.54,96.7,114.8,111.14000000000001,95.8
0022401066,SAC,POR,113.32000000000001,122.76000000000002,96.8,120.38,115.35999999999999,96.8
0022401052,SAC,OKC,117.7,122.02000000000001,97.6,123.4,105.12,99.0
0022401027,SAC,MIL,117.52000000000001,126.9,98.4,114.75999999999999,109.3,98.7
0022401013,SAC,CHI,114.64000000000001,127.1,98.9,116.12,112.9,101.5
0022401009,SAC,CLE,111.28,125.47999999999999,97.332,114.94000000000001,113.74000000000001,100.1
0022400992,SAC,MEM,112.64000000000001,125.22,95.43199999999999,118.8,109.55999999999999,101.5
0022400967,SAC,PHX,113.0,122.46,96.232,122.96,123.78,96.64399999999999
0022400957,SAC,GSW,117.94000000000001,116.74000000000001,95.332,118.82000000000001,109.92,100.8
0022400939,SAC,NYK,120.91999999999999,111.38,94.532,106.32000000000001,111.2,96.632
0022400927,SAC,LAC,123.24000000000001,109.34,96.1,115.63999999999999,115.02000000000001,94.8
0022400910,SAC,SAS,122.76000000000002,103.92,97.0,118.08000000000001,120.82000000000001,101.5
0022400828,SAC,CHA,115.94000000000001,119.41999999999999,101.394,99.12,119.08000000000001,97.1
0022400805,SAC,GSW,114.25999999999999,114.46,101.59400000000001,114.62,108.88,101.3
0022400732,SAC,POR,113.54,123.78000000000002,97.0,123.24000000000001,104.85999999999999,96.45599999999999
0022400727,SAC,ORL,113.72,124.2,98.5,104.35999999999999,115.62,96.45599999999999
0022400704,SAC,MIN,111.72,123.72,101.7,121.35999999999999,106.67999999999999,98.7
0022400691,SAC,OKC,115.12,120.2,100.6,118.8,112.2,99.8
0022400669,SAC,PHI,116.0,114.08,103.2,116.97999999999999,120.42,99.0
0022400651,SAC,BKN,117.97999999999999,117.64000000000001,105.4,100.3,113.55999999999999,95.4
0022400641,SAC,NYK,117.67999999999999,115.88,104.8,115.96,117.0,94.66
0022400626,SAC,DEN,120.08,115.43999999999998,102.9,126.68000000000002,112.8,97.4
0022400619,SAC,GSW,118.52000000000001,111.4,102.8,109.32000000000001,119.25999999999999,95.1
0022400576,SAC,HOU,117.35999999999999,109.21999999999998,99.3,121.44000000000001,110.14000000000001,99.6
0022400558,SAC,MIL,120.4,107.88,100.7,113.16,112.5,99.8
0022400541,SAC,CHI,118.9,106.16,100.1,116.58,113.4,104.9
0022400528,SAC,BOS,117.46,105.97999999999999,100.8,122.05999999999999,105.13999999999999,92.4
0022400501,SAC,MIA,121.16,112.3,101.3,112.11999999999998,120.88,97.9
0022400492,SAC,GSW,117.96,114.9,101.5,112.05999999999999,107.8,99.6
0022400476,SAC,MEM,111.5,115.66,99.4,113.9,112.22,108.3
0022400413,CHI,ATL,104.2,114.48000000000002,101.7,109.25999999999999,115.94000000000001,105.55199999999999
0022401135,OKC,LAL,119.94000000000001,106.34,105.3,120.8,116.6,98.7
0022401036,OKC,LAC,126.47999999999999,107.64000000000001,98.9,121.44000000000001,105.62,99.162
0022400982,OKC,MIL,118.14000000000001,110.28,100.3,115.6,113.8,99.2
0022400969,OKC,DET,119.47999999999999,109.5,100.3,114.6,112.51999999999998,103.5
0022400936,OKC,DEN,123.02000000000001,107.46000000000001,103.4,118.78,120.52000000000001,98.944
0022400920,OKC,DEN,122.35999999999999,108.7,105.2,118.72,117.47999999999999,100.644
0022400879,OKC,HOU,127.94000000000001,119.5,102.72999999999999,110.62,110.63999999999999,100.5
0022400871,OKC,SAS,125.32000000000001,114.6,102.53,106.47999999999999,116.05999999999999,102.4
0022400840,OKC,BKN,119.05999999999999,113.08000000000001,99.72999999999999,104.32000000000001,105.78,95.5
0022400826,OKC,MIN,123.4,110.3,99.3,110.82000000000001,115.54,101.3
0022400820,OKC,MIN,122.14000000000001,108.32000000000001,99.3,108.58000000000001,108.67999999999999,101.7
0022400778,OKC,MIA,127.51999999999998,104.97999999999999,101.1,104.34,111.32000000000001,97.1
0022400724,OKC,PHX,120.17999999999999,108.85999999999999,101.5,115.25999999999999,116.0,98.756
0022400673,OKC,GSW,117.64000000000001,111.53999999999999,98.7,113.74000000000001,118.04,97.4
0022400647,OKC,POR,118.05999999999999,110.1,101.0,109.05999999999999,103.1,98.4
0022400400,OKC,WAS,114.66,103.72,99.7,107.8,118.05999999999999,104.0
0022400375,OKC,MIA,114.22,103.52000000000001,100.5,119.38,112.1,97.3
0022400361,OKC,ORL,118.88,104.92,101.0,112.38,107.8,97.4
0022401230,OKC,HOU,125.66,107.35999999999999,101.8,108.47999999999999,118.16000000000001,98.6
0022400342,OKC,NOP,117.33999999999999,103.54,100.5,102.38000000000001,116.08,102.9
0022400256,OKC,POR,121.02000000000001,115.2,99.1,101.22,114.42,102.5
0022400025,OKC,SAS,103.1,86.5,96.0,118.6,123.7,97.0
0022400215,OKC,LAC,111.47999999999999,104.8,102.3,110.84,106.64000000000001,95.4
0022400207,OKC,GSW,115.43999999999998,101.94,102.5,116.58,112.05999999999999,99.38199999999999
0022400192,OKC,HOU,112.2,99.76,101.8,116.97999999999999,107.2,95.88199999999999
0022400177,OKC,DEN,114.92,97.6,100.3,120.94000000000001,114.47999999999999,101.468
0022400163,OKC,ORL,114.53999999999999,96.92,103.2,102.97999999999999,111.3,101.9
0022400150,OKC,LAC,114.35999999999999,96.1,102.9,110.82000000000001,109.05999999999999,99.36800000000001
0022400140,OKC,POR,114.38,95.38,102.2,107.55999999999999,112.72,99.9
0022400125,OKC,SAS,115.11999999999998,96.56,100.9,109.05999999999999,112.24000000000001,98.6
0022400100,OKC,ATL,110.61999999999998,97.96000000000001,100.7,114.6,110.9,106.7
0022400091,OKC,CHI,111.42,98.74000000000001,96.9,118.67999999999999,114.24000000000001,107.3
0022400075,OKC,DEN,113.25,101.45,96.5,110.0,109.325,103.125
0022401194,DAL,MEM,106.96000000000001,116.16,100.1,113.9,112.4,101.3
0022401178,DAL,TOR,106.05999999999999,120.08,98.4,110.46,110.1,103.7
0022401159,DAL,LAL,107.43999999999998,118.54,101.2,123.3,117.1,96.1
0022401132,DAL,LAC,107.46,110.5,100.6,116.81999999999998,101.3,98.9
0022401127,DAL,LAC,111.02000000000001,112.8,101.2,121.17999999999999,107.22,97.6
0022401109,DAL,ATL,113.26000000000002,111.14000000000001,99.5,120.26000000000002,119.4,102.7
0022401095,DAL,BKN,114.2,110.32000000000001,101.0,101.47999999999999,118.21999999999998,99.7
0022401077,DAL,CHI,116.9,113.75999999999999,100.5,126.33999999999999,116.78,101.8
0022401060,DAL,ORL,120.12,119.8,101.9,120.25999999999999,112.66,95.3
0022401048,DAL,NYK,116.82000000000001,120.54,102.0,109.7,109.28,97.3
0022401040,DAL,BKN,114.26000000000002,123.74000000000001,103.5,109.68000000000002,112.24000000000001,96.034
0022401019,DAL,DET,117.51999999999998,127.34,102.5,116.7,104.2,102.9
0022400998,DAL,IND,116.24000000000001,127.12,101.1,113.52000000000001,114.28000000000002,100.85
0022400976,DAL,PHI,113.34,125.35999999999999,101.3,111.3,121.24000000000001,100.4
0022400961,DAL,HOU,115.28000000000002,125.38,101.7,116.42,107.47999999999999,96.4
0022400951,DAL,SAS,113.38,126.88,100.0,126.64000000000001,133.8,98.3
0022400937,DAL,SAS,109.17999999999999,126.44000000000001,100.8,125.55999999999999,131.52,99.3
0022400921,DAL,PHX,105.74000000000001,120.17999999999999,101.4,121.47999999999999,123.84,96.844
0022400906,DAL,MEM,104.6,118.55999999999999,100.2,118.81999999999998,121.46,103.292
0022400897,DAL,MIL,104.42,117.16,99.5,115.94000000000001,109.34,103.0
0022400880,DAL,SAC,104.9,111.0,101.5,120.4,111.85999999999999,98.178
0022400835,DAL,LAL,111.52000000000001,113.34,100.016,118.38,110.12,102.5
0022400786,DAL,MIA,121.3,117.98000000000002,96.41600000000001,103.96,114.01999999999998,96.8
0022400782,DAL,GSW,117.58000000000001,123.3,98.11600000000001,118.04,112.44000000000001,101.7
0022400762,DAL,SAC,115.78000000000002,123.96,97.4,111.22,122.02000000000001,101.0
0022400741,DAL,HOU,117.17999999999999,127.78,99.5,113.82000000000001,120.16,96.1
0022400728,DAL,BOS,117.25999999999999,124.6,100.0,117.85999999999999,109.88,99.1
0022400712,DAL,PHI,114.9,124.4,100.6,119.52000000000001,113.97999999999999,98.4
0022400692,LAL,NYK,120.13999999999999,107.46,97.6,123.74000000000001,108.55999999999999,100.4
0022400674,LAL,WAS,116.02000000000001,106.24000000000001,97.2,100.52,120.23999999999998,99.0
0022400660,LAL,PHI,116.7,106.8,96.3,114.42,123.58,98.3
0022400648,LAL,CHA,115.54,106.7,95.4,115.05999999999999,110.16,100.1
0022400644,LAL,GSW,115.85999999999999,106.94000000000001,95.1,117.88000000000002,121.1,96.6
0022400629,LAL,BOS,112.22,112.78,95.5,116.12,105.12,95.216
0022400610,LAL,WAS,114.55999999999999,117.38,95.5,104.33999999999999,121.6,103.6
0022400596,LAL,LAC,112.28,112.82000000000001,96.7,117.24000000000001,94.96000000000001,98.6
0022400585,LAL,BKN,110.5,116.28,97.1,102.44000000000001,118.85999999999999,97.548
0022400570,LAL,MIA,110.85999999999999,119.14000000000001,96.6,108.67999999999999,102.58,97.0
0022400552,LAL,SAS,113.88000000000002,113.28,97.2,107.38,115.7,100.244
0022400504,LAL,DAL,121.44000000000001,117.16,97.4,105.75999999999999,116.9,102.9
0022400491,LAL,HOU,120.66,115.34,97.9,111.5,111.58,96.1
0022400477,LAL,ATL,119.42,118.82000000000001,97.8,120.75999999999999,112.88,105.0
0022400468,LAL,POR,116.94000000000001,117.38,97.9,111.12,122.62,99.7
0022400454,LAL,CLE,116.46,112.02000000000001,98.9,124.58,106.35999999999999,102.2
0022400435,LAL,SAC,111.64000000000001,107.32000000000001,98.7,110.12,110.1,99.7
0022400408,LAL,GSW,110.58,106.83999999999999,100.44,104.54,114.58,99.1
0022400404,LAL,DET,106.92,110.88,99.94,114.35999999999999,117.8,102.6
0022400376,LAL,SAC,102.4,112.94000000000001,99.84,120.72,109.96000000000001,102.6
0022400372,LAL,SAC,103.46,116.25999999999999,97.44,124.92,109.24000000000001,101.5
0022401220,LAL,MEM,109.86000000000001,112.16,97.8,121.86000000000001,112.25999999999999,102.4
0022401210,LAL,MIN,118.8,113.17999999999999,97.1,122.92,111.82000000000001,96.2
0022400358,LAL,POR,106.42,117.1,97.14,108.84,123.21999999999998,100.6
0022400334,LAL,ATL,103.25999999999999,118.94000000000001,96.7,115.12,108.6,105.2
0022400321,LAL,MIA,107.96000000000001,115.55999999999999,97.0,105.58000000000001,104.6,98.706
0022400318,LAL,MIN,114.58,114.84,95.7,109.96,114.62,97.0
0022400311,LAL,UTA,116.16,115.9,98.2,108.72,116.16,99.4
0022400048,LAL,OKC,114.93333333333334,119.96666666666665,100.0,103.05,98.25,98.25
0022400296,LAL,SAS,118.1,117.5,97.3,114.7,109.02000000000001,100.4
0022400039,LAL,PHX,123.85,118.3,98.5,106.4,111.1,95.25
0022400270,LAL,DEN,122.01999999999998,114.44000000000001,96.3,115.9,115.04,102.1
0022400263,LAL,ORL,120.3,115.34,97.3,112.75999999999999,100.8,94.5
0022400026,LAL,UTA,123.7,118.6,97.0,119.1,126.3,94.5
0022400231,LAL,NOP,118.19999999999997,116.82000000000001,98.9,105.34,120.9,95.4
0022400015,LAL,SAS,,,,,,
0022400211,LAL,TOR,113.7,120.56000000000002,101.1,113.96,118.54,100.412
0022400195,LAL,PHI,111.42,121.18000000000002,101.1,108.46,116.28,96.352
0022400174,LAL,MEM,113.54,119.7,101.9,115.23999999999998,111.92,100.0
0022400156,LAL,DET,116.88,119.2,102.5,109.91999999999999,113.68000000000002,95.6
0022400137,LAL,TOR,114.6,116.84,100.8,111.3,119.38,101.958
0022400118,LAL,CLE,113.42,113.28,98.4,120.6,101.48,101.4
0022400111,LAL,PHX,111.2,115.23999999999998,99.7,112.46,103.38,100.668
0022400096,LAL,SAC,111.52000000000001,114.88,98.4,111.54,114.85999999999999,98.0
0022400085,LAL,PHX,111.9,115.85999999999999,97.5,108.78,102.64000000000001,98.968
0022400062,LAL,MIN,110.925,117.425,98.25,107.75,111.75,97.10249999999999
0022400499,MEM,DAL,112.9,119.1,105.7,107.43999999999998,113.16,100.4
0022401030,UTA,CLE,101.66,115.52000000000001,102.86200000000001,117.46,122.61999999999998,99.8
0022400627,UTA,WAS,111.0,116.08000000000001,100.816,103.84,118.35999999999999,102.4
0022400989,UTA,CHI,106.8,116.14000000000001,106.0,114.9,109.12,103.0
0022400966,UTA,TOR,109.93999999999998,115.9,104.6,116.1,108.17999999999999,101.3
0022400950,UTA,MEM,108.25999999999999,117.46,104.9,116.02000000000001,115.64000000000001,100.8
0022400843,UTA,SAC,113.82000000000001,118.46,103.1,120.04,115.94000000000001,98.994
0022400804,UTA,OKC,116.58,122.46,103.06200000000001,121.08,110.28000000000002,98.3
0022400781,UTA,LAL,112.93999999999998,121.53999999999999,102.76200000000001,124.25999999999999,108.88,101.0
0022400768,UTA,LAL,114.2,116.05999999999999,101.762,125.9,106.4,100.1
0022400751,UTA,LAC,115.96,119.67999999999999,100.562,113.32000000000001,116.7,98.5
0022400725,UTA,GSW,111.38,119.28,98.9,111.08,112.96,98.7
0022400707,UTA,IND,110.22,122.04,98.6,122.8,115.16,101.8
0022400687,UTA,ORL,113.44000000000001,124.8,98.4,101.11999999999999,116.08,94.556
0022400677,UTA,MIN,112.04,119.1,100.1,115.42,106.12,100.0
0022400658,UTA,MIL,113.08000000000001,118.26000000000002,102.268,121.28,110.12,100.0
0022400481,UTA,MIA,114.55999999999999,122.66,99.4,111.24000000000001,112.86000000000001,96.5
0022400458,UTA,NYK,114.96,117.71999999999998,99.4,122.12,110.02000000000001,99.978
0022400445,UTA,DEN,113.46,113.42,101.3,120.66,115.96,100.626
0022400433,UTA,PHI,110.4,118.64000000000001,101.5,111.44000000000001,111.72,97.7
0022400392,UTA,CLE,112.32000000000001,110.56000000000002,101.5,121.8,107.22,100.1
0022400379,UTA,BKN,110.9,113.58,100.8,105.72,109.73999999999998,96.4
0022400360,UTA,DET,109.88,117.97999999999999,97.6,109.32000000000001,117.05999999999999,99.9
0022401226,UTA,LAC,117.78,129.6,101.492,117.24000000000001,114.75999999999999,97.522
0022401214,UTA,PHX,113.0,128.84,102.992,107.3,118.38,97.2
0022400264,UTA,NYK,113.83999999999999,117.4,99.8,128.7,120.88,97.6
0022400026,UTA,LAL,119.1,126.3,94.5,123.7,118.6,97.0
0022400243,UTA,LAC,116.52000000000001,119.72,99.2,114.0,111.26000000000002,97.3
0022400233,UTA,SAC,111.58,118.85999999999999,101.2,114.34,111.3,97.468
0022400228,UTA,DAL,105.22,116.32000000000001,102.1,116.62,110.04,100.9
0022400006,UTA,PHX,,,,,,
0022400197,UTA,SAS,103.47999999999999,118.22,100.9,111.92,110.6,97.0
0022400182,UTA,MIL,103.05999999999999,114.85999999999999,101.6,107.12,116.78000000000002,100.3
0022400130,UTA,SAS,102.26,121.14000000000001,100.6,102.32000000000001,110.67999999999999,98.3
0022400115,UTA,SAC,105.44000000000001,123.42,101.2,116.78,114.24000000000001,99.6
0022400110,UTA,DAL,108.84,126.22,101.1,116.54,107.74000000000001,102.4
0022400084,UTA,GSW,116.12,126.82000000000001,99.3,115.66,106.85999999999999,105.7
0022400070,UTA,MEM,115.35,128.525,98.0,107.325,109.875,108.125
0022401188,BKN,NYK,102.9,117.08,100.7,115.72,113.06000000000002,94.476
0022401095,BKN,DAL,101.47999999999999,118.21999999999998,99.7,114.2,110.32000000000001,101.0
0022401054,BKN,TOR,104.66,110.72,97.834,100.1,113.7,101.5
0022401040,BKN,DAL,109.68000000000002,112.24000000000001,96.034,114.26000000000002,123.74000000000001,103.5
0022401024,BKN,IND,112.16,114.78,95.134,115.55999999999999,111.72,100.58399999999999
0022401011,BKN,IND,115.9,118.38,94.4,119.92,116.6,100.45
0022400994,BKN,BOS,118.62,119.24000000000001,94.6,119.46,113.68000000000002,93.4
0022400956,BKN,CHI,115.8,121.47999999999999,94.3,112.9,115.38,104.4
0022400940,BKN,CLE,111.8,120.9,96.1,117.44000000000001,109.25999999999999,102.168
0022400912,BKN,CHA,109.66,123.5,99.9,104.47999999999999,114.44000000000001,100.8
0022400901,BKN,GSW,105.74000000000001,120.81999999999998,99.7,120.3,107.85999999999999,99.8
0022400888,BKN,SAS,105.5,116.55999999999999,98.8,110.35999999999999,119.91999999999999,102.7
0022400791,BKN,CLE,107.32000000000001,105.02000000000001,93.0,121.66,112.11999999999998,101.1
0022400737,BKN,MIA,110.85999999999999,110.3,92.0,112.16,114.74000000000001,97.556
0022400689,BKN,HOU,100.97999999999999,107.05999999999999,94.4,118.24000000000001,118.17999999999999,97.4
0022400636,BKN,MIA,94.46000000000001,117.9,95.1,112.42,122.32000000000001,98.0
0022400606,BKN,NYK,104.25999999999999,119.1,95.848,123.12,118.41999999999999,95.56
0022400585,BKN,LAL,102.44000000000001,118.85999999999999,97.548,110.5,116.28,97.1
0022400465,BKN,MIL,107.85999999999999,114.1,94.6,108.72,103.73999999999998,102.7
0022400436,BKN,ORL,101.91999999999999,105.4,96.3,101.9,105.74000000000001,98.3
0022400379,BKN,UTA,105.72,109.73999999999998,96.4,110.9,113.58,100.8
0022401224,BKN,CLE,107.4,120.97999999999999,101.1,113.68000000000002,107.98000000000002,99.872
0022401211,BKN,MEM,104.75999999999999,117.31999999999998,101.9,117.34,109.6,102.0
0022400348,BKN,MIL,109.96,110.75999999999999,99.8,115.88,113.82000000000001,100.1
0022400320,BKN,IND,112.08,114.11999999999998,99.4,113.61999999999998,114.17999999999999,103.6
0022400317,BKN,CHI,116.17999999999999,115.12,96.3,114.04,126.97999999999999,102.8
0022400305,BKN,ORL,120.9,123.38,96.1,113.88000000000002,108.68000000000002,96.5
0022400043,BKN,ORL,116.86666666666667,121.8,96.0,110.25,90.3,96.5
0022400276,BKN,SAC,112.25999999999999,120.58,92.69399999999999,115.67999999999999,113.34,97.86800000000001
0022400027,BKN,PHI,121.45,121.3,98.25,95.75,108.75,96.25
0022400218,BKN,BOS,107.68000000000002,110.97999999999999,92.994,114.5,105.8,97.59400000000001
0022400214,BKN,NOP,108.92,110.61999999999998,94.39399999999999,112.7,125.62,96.8
0022400199,BKN,CLE,111.22,109.22,95.794,121.88,114.46000000000001,100.9
0022400187,BKN,BOS,116.84,115.25999999999999,96.61,117.67999999999999,108.1,100.864
0022400158,BKN,MEM,117.04,113.74000000000001,97.81,116.74000000000001,110.22,102.3
0022400151,BKN,DET,117.66,114.85999999999999,98.81,107.55999999999999,116.72,96.8
0022400136,BKN,CHI,116.0,115.97999999999999,99.41,105.47999999999999,108.47999999999999,107.5
0022400113,BKN,DEN,107.68000000000002,116.8,98.4,107.72,111.54,100.958
0022400098,BKN,MIL,108.12,119.92,98.1,121.14000000000001,112.4,100.9
0022400077,BKN,ORL,112.62,121.04,98.2,113.88,100.24,98.0
0022400064,BKN,ATL,113.15,122.725,96.5,114.175,111.175,106.0
0022401075,BKN,WAS,95.92,114.46,100.034,105.55999999999999,123.2,102.5
0022400022,BKN,CHA,124.5,124.0,99.0,88.1,114.0,100.5
0022400240,BKN,NYK,111.4,117.08000000000001,93.69399999999999,117.05999999999999,118.4,97.8
0022400014,BKN,NYK,,,,111.0,99.0,100.0
0022400124,BKN,MEM,112.35999999999999,119.66,99.21000000000001,113.16000000000001,115.05999999999999,105.8
0022401136,UTA,ATL,105.38,128.12,100.1,115.62,120.34,102.4
0022401119,UTA,IND,104.88,129.82,98.9,125.0,114.82000000000001,99.9
0022401107,UTA,HOU,102.5,126.05999999999999,98.4,120.88000000000002,112.17999999999999,98.9
0022401089,UTA,CHA,100.8,128.1,98.6,104.34,119.17999999999999,97.4
0022401073,UTA,DEN,104.22,125.28000000000002,97.562,117.78,123.5,98.2
0022401065,UTA,HOU,100.02000000000001,121.72,99.062,119.23999999999998,115.8,97.044
0022401050,UTA,MEM,98.78,117.42,100.262,113.4,117.25999999999999,102.0
0022401020,UTA,BOS,102.34,113.33999999999999,105.06200000000001,117.96,113.06000000000002,93.2
0022400981,UTA,MIN,107.56000000000002,114.2,106.3,124.66,112.1,97.0
0022400929,UTA,BOS,109.93999999999998,119.52000000000001,105.6,125.62,116.28000000000002,94.1
0022400924,UTA,PHI,110.5,119.38,104.1,113.3,123.21999999999998,97.0
0022400905,UTA,TOR,110.35999999999999,120.78,102.8,105.46,111.92,98.01599999999999
0022400894,UTA,WAS,108.85999999999999,119.34,102.3,104.23999999999998,109.05999999999999,99.7
0022400881,UTA,DET,113.8,117.3,100.9,116.25999999999999,108.35999999999999,103.8
0022400872,UTA,NOP,111.05999999999999,118.2,100.7,111.92,110.74000000000001,100.0
0022400858,UTA,MIN,113.32000000000001,117.88,101.3,114.66,115.72,100.13
0022400827,UTA,POR,113.64000000000001,121.84,102.9,112.25999999999999,114.38,103.2
0022400809,UTA,HOU,112.6,124.3,102.162,108.42,108.04,99.0
0022401004,UTA,LAC,102.9,114.16,105.2,122.96,110.82000000000001,98.1
0022400740,UTA,PHX,114.12,118.17999999999999,100.2,112.85999999999999,120.47999999999999,100.356
0022400661,UTA,GSW,111.42,117.35999999999999,101.368,114.88000000000002,119.85999999999999,97.8
0022400643,UTA,MEM,114.85999999999999,116.92,102.16799999999999,127.16,113.58,102.0
0022400618,UTA,OKC,111.42,116.67999999999999,98.916,121.6,102.75999999999999,100.8
0022400605,UTA,NOP,109.32000000000001,115.12,97.748,121.71999999999998,115.78,101.3
0022400581,UTA,NOP,109.4,113.52000000000001,97.248,117.3,117.5,99.1
0022400569,UTA,CHA,108.64000000000001,109.32000000000001,96.548,104.2,111.4,100.2
0022400546,UTA,BKN,113.05999999999999,107.4,98.5,102.55999999999999,117.55999999999999,99.3
0022400533,UTA,PHX,110.9,106.7,99.9,112.75999999999999,115.14000000000001,99.1
0022400523,UTA,MIA,116.14000000000001,112.63999999999999,100.7,112.8,117.18000000000002,97.2
0022400506,UTA,ATL,114.83999999999999,111.34,100.1,110.71999999999998,114.82000000000001,105.5
0022400490,UTA,ORL,117.66,117.02000000000001,100.4,102.38000000000001,107.72,93.3
0022400417,UTA,POR,113.02000000000001,113.04,102.6,105.22,122.9,100.1
0022400357,UTA,SAC,113.78,110.28,98.3,118.67999999999999,116.17999999999999,101.3
0022400339,UTA,POR,108.97999999999999,114.58,98.9,109.8,118.38,99.5
0022400055,UTA,OKC,117.0,125.66666666666667,98.5,105.3,98.46666666666665,96.5
0022400311,UTA,LAL,108.72,116.16,99.4,116.16,115.9,98.2
0022400304,UTA,DAL,113.72,119.71999999999998,99.1,117.55999999999999,109.6,101.606
0022400298,UTA,DEN,116.0,117.02000000000001,99.5,117.92,118.55999999999999,100.2
0022400038,UTA,SAS,118.55,125.15,97.25,114.3,113.35,98.75
0022400262,UTA,SAS,112.4,119.42,97.7,114.75999999999999,109.96,100.3
0022400160,UTA,CHI,93.38,115.05999999999999,101.7,106.66,109.46,106.3
0022400148,UTA,DEN,97.78,114.71999999999998,101.4,111.9,115.7,98.668
0022401057,MIL,DEN,113.7,111.68000000000002,94.7,114.3,120.24000000000001,99.0
0022400760,MIL,GSW,113.46,119.05999999999999,100.9,114.2,116.05999999999999,101.7
0022400154,MIL,CLE,107.34,118.2,101.7,120.71999999999998,110.04,100.9
0022400807,PHI,BKN,109.58,119.08,98.9,104.75999999999999,105.24000000000001,95.1
0022400462,PHI,SAC,116.02000000000001,114.66,97.8,108.85999999999999,115.05999999999999,99.2
0022400433,PHI,UTA,111.44000000000001,111.72,97.7,110.4,118.64000000000001,101.5
0022400373,PHI,CHA,108.32000000000001,104.2,97.49600000000001,109.9,120.17999999999999,97.0
0022401222,PHI,CHA,107.55999999999999,115.96000000000001,101.5,95.03999999999999,117.44000000000001,99.1
0022401209,PHI,IND,108.66,115.52000000000001,100.8,110.04,109.08,102.072
0022400290,PHI,HOU,101.98,113.31999999999998,98.482,110.5,101.38,104.6
0022400027,PHI,BKN,95.75,108.75,96.25,121.45,121.3,98.25
0022400255,PHI,MEM,102.98000000000002,111.97999999999999,96.682,119.02000000000001,101.05999999999999,104.1
0022401187,BOS,CHA,120.16,105.0,93.176,101.58,127.24000000000001,100.1
0022401174,BOS,CHA,118.12,115.03999999999999,90.376,104.88,126.3,99.1
0022401156,BOS,ORL,123.76000000000002,114.13999999999999,92.876,117.24000000000001,104.52000000000001,93.6
0022401034,BOS,POR,120.12,111.63999999999999,92.7,115.66,104.64000000000001,97.45599999999999
0022401020,BOS,UTA,117.96,113.06000000000002,93.2,102.34,113.33999999999999,105.06200000000001
0022400994,BOS,BKN,119.46,113.68000000000002,93.4,118.62,119.24000000000001,94.6
0022400900,BOS,PHI,118.42,117.35999999999999,95.4,110.9,123.3,100.0
0022400769,BOS,SAS,122.17999999999999,110.74000000000001,95.7,115.75999999999999,116.97999999999999,103.0
0022401044,SAC,BOS,119.97999999999999,125.16000000000001,97.1,124.82000000000001,112.54,91.8
0022400598,SAC,WAS,116.94000000000001,113.21999999999998,100.4,105.82000000000001,125.1,103.0
0022400448,SAC,DAL,106.54,117.16,99.6,116.17999999999999,107.78,97.0
0022400357,SAC,UTA,118.67999999999999,116.17999999999999,101.3,113.78,110.28,98.3
0022401225,SAC,DEN,120.08,117.24000000000001,93.7,120.05999999999999,110.8,101.3
0022400329,SAC,MEM,114.47999999999999,117.96,97.9,124.32000000000001,109.58,104.4
0022400059,SAC,HOU,105.76666666666667,113.89999999999999,98.0,113.3,96.06666666666666,101.80333333333333
0022400313,SAC,SAS,114.42,116.94000000000001,97.2,111.58,113.82000000000001,100.4
0022400049,SAC,POR,104.0,112.75,98.0,103.1,109.75,102.0
0022400294,SAC,MIN,117.36000000000001,117.58,96.7,108.13999999999999,110.58,96.9
0022400349,CHA,IND,103.22,115.96,93.7,114.55999999999999,114.85999999999999,101.1
0022400340,CHA,CLE,103.92,114.5,96.2,120.22,110.02000000000001,102.9
0022400327,CHA,NYK,105.16,110.66,96.80999999999999,123.7,114.28,100.5
0022400050,CHA,PHI,104.39999999999999,113.33333333333333,96.66666666666667,104.76666666666667,108.39999999999999,94.66666666666667
0022400300,CHA,ATL,107.17999999999999,113.94000000000001,97.21,107.93999999999998,112.04,106.1
0022400040,CHA,NYK,103.35,116.2,99.0,117.5,111.75,99.5
0022400864,GSW,PHI,123.3,104.5,99.1,105.6,118.67999999999999,97.9
0022400731,GSW,LAL,112.74000000000001,113.6,100.5,122.2,107.6,98.4
0022400725,GSW,UTA,111.08,112.96,98.7,111.38,119.28,98.9
0022400708,GSW,ORL,115.38,113.97999999999999,99.4,100.53999999999999,114.75999999999999,96.356
0022400644,GSW,LAL,117.88000000000002,121.1,96.6,115.85999999999999,106.94000000000001,95.1
0022400628,GSW,CHI,113.16,121.58,95.6,107.12,112.67999999999999,101.1
0022400619,GSW,SAC,109.32000000000001,119.25999999999999,95.1,118.52000000000001,111.4,102.8
0022400604,GSW,BOS,113.47999999999999,114.88,95.3,111.78,112.25999999999999,96.83399999999999
0022400589,GSW,WAS,109.25999999999999,115.38,94.8,104.72,124.16,101.8
0022400565,GSW,MIN,103.96,115.61999999999998,96.5,114.38,107.55999999999999,97.7
0022400446,GSW,CLE,109.94000000000001,110.12,97.1,126.35999999999999,112.9,100.8
0022400431,GSW,PHX,105.34,115.9,98.6,108.2,116.85999999999999,96.9
0022400408,GSW,LAL,104.54,114.58,99.1,110.58,106.83999999999999,100.44
0022400403,GSW,IND,103.54,111.55999999999999,98.7,113.55999999999999,107.78,100.5
0022401228,GSW,DAL,112.54,105.04,96.122,105.1,119.67999999999999,100.1
0022400007,GSW,DAL,,,,,,
0022401136,ATL,UTA,115.62,120.34,102.4,105.38,128.12,100.1
0022400756,ATL,ORL,118.82000000000001,115.32000000000001,105.3,108.58,112.9,97.7
0022400744,ATL,WAS,117.78,121.17999999999999,104.5,113.88,118.2,99.6
0022400532,ATL,HOU,109.8,122.75999999999999,103.3,117.7,114.32000000000001,96.5
0022401185,HOU,LAL,117.34,110.24000000000001,100.0,125.66,117.94000000000001,95.3
0022401166,HOU,LAC,122.44000000000001,103.92,101.0,118.62,101.48,97.8
0022400879,HOU,OKC,110.62,110.63999999999999,100.5,127.94000000000001,119.5,102.72999999999999
0022400225,LAL,MEM,119.47999999999999,117.67999999999999,98.4,120.88,103.0,102.1
0022400836,BOS,DET,118.9,103.62,96.1,122.16,105.17999999999999,104.5
0022400157,BOS,ATL,119.78,111.47999999999999,100.364,113.54,119.55999999999999,103.0
0022401105,SAC,WAS,107.34,116.0,98.6,105.54,122.32000000000001,102.2
0022401090,SAC,IND,109.43999999999998,119.08,96.6,122.22,111.54,101.6
0022400896,SAC,DEN,122.82000000000001,107.93999999999998,96.5,113.05999999999999,116.35999999999999,101.4
0022400880,SAC,DAL,120.4,111.85999999999999,98.178,104.9,111.0,101.5
0022400862,SAC,HOU,120.9,113.5,98.478,108.97999999999999,107.66,101.4
0022400843,SAC,UTA,120.04,115.94000000000001,98.994,113.82000000000001,118.46,103.1
0022400785,SAC,NOP,113.83999999999999,116.54,100.41600000000001,110.58,127.6,101.8
0022400777,SAC,NOP,113.72,117.92,99.916,110.0,126.24000000000001,103.0
0022400762,SAC,DAL,111.22,122.02000000000001,101.0,115.78000000000002,123.96,97.4
0022400750,SAC,NOP,110.96,125.4,97.8,115.14000000000001,125.34,102.0
0022400462,SAC,PHI,108.85999999999999,115.05999999999999,99.2,116.02000000000001,114.66,97.8
0022400435,SAC,LAL,110.12,110.1,99.7,111.64000000000001,107.32000000000001,98.7
0022400418,SAC,DET,114.7,109.24000000000001,100.3,118.84,118.17999999999999,102.6
0022400389,SAC,IND,115.88,105.58,102.2,110.8,113.16,102.8
0022400376,SAC,LAL,120.72,109.96000000000001,102.6,102.4,112.94000000000001,99.84
0022400372,SAC,LAL,124.92,109.24000000000001,101.5,103.46,116.25999999999999,97.44
0022401207,SAC,NOP,122.42,118.3,93.4,102.74000000000001,125.2,101.5
0022400337,SAC,SAS,113.41999999999999,116.97999999999999,99.6,116.03999999999999,118.78,100.1
0022400285,SAC,OKC,115.12,115.2,96.3,118.58,114.42,98.3
0022400276,SAC,BKN,115.67999999999999,113.34,97.86800000000001,112.25999999999999,120.58,92.69399999999999
0022400034,SAC,LAC,120.0,121.5,96.0,98.1,119.0,105.5
0022400227,SAC,PHX,112.55999999999999,113.25999999999999,96.56800000000001,112.47999999999999,111.9,99.16799999999999
0022400216,SAC,SAS,114.62,111.67999999999999,98.38,112.08,114.34,97.7
0022400209,SAC,PHX,115.8,112.92,98.712,116.35999999999999,113.21999999999998,98.8
0022400196,SAC,LAC,118.85999999999999,110.46,98.812,113.28,112.47999999999999,95.5
0022400180,SAC,TOR,116.05999999999999,107.7,99.412,117.7,120.5,103.27000000000001
0022400159,SAC,MIA,115.62,108.78,102.212,110.78,109.43999999999998,97.8
0022400143,SAC,TOR,116.1,109.35999999999999,101.5,115.0,117.88,102.158
0022400135,SAC,ATL,117.97999999999999,110.6,99.6,112.35999999999999,118.64000000000001,104.4
0022400115,SAC,UTA,116.78,114.24000000000001,99.6,105.44000000000001,123.42,101.2
0022400112,SAC,POR,111.5,115.04,100.1,111.3,116.96000000000001,99.5
0022400096,SAC,LAL,111.54,114.85999999999999,98.0,111.52000000000001,114.88,98.4
0022400076,SAC,MIN,111.25,114.625,97.125,108.12,112.55999999999999,96.582
0022400630,CHA,POR,116.24000000000001,116.62,101.0,105.96,106.5,99.0
0022400946,OKC,BOS,120.05999999999999,109.85999999999999,102.8,123.72,112.14000000000001,95.1
0022400895,OKC,MEM,126.58,118.6,104.63,123.85999999999999,124.14000000000001,102.392
0022400705,OKC,MIL,120.04,112.54,101.3,117.32000000000001,126.0,101.0
0022400691,OKC,SAC,118.8,112.2,99.8,115.12,120.2,100.6
0022400428,OKC,CHA,114.08000000000001,104.84,100.0,107.85999999999999,113.8,99.6
0022400242,OKC,DAL,119.12,113.02000000000001,101.4,116.58,110.48000000000002,98.8
0022400018,OKC,PHX,,,,126.3,119.1,94.5
0022400221,OKC,NOP,116.75999999999999,111.5,102.7,109.28,124.06000000000002,96.2
0022400696,DAL,CLE,119.92,119.78,99.6,127.52000000000001,117.74000000000001,98.7
0022400680,DAL,DET,121.46,118.9,100.2,107.4,110.96,101.5
0022400670,DAL,NOP,116.53999999999999,115.17999999999999,99.0,106.58,117.46,101.36800000000001
0022400657,DAL,WAS,112.32000000000001,113.78,98.4,103.64000000000001,119.47999999999999,101.1
0022400635,DAL,BOS,112.78,111.97999999999999,99.5,115.9,106.62,95.216
0022400625,DAL,OKC,108.85999999999999,113.28000000000002,99.0,119.6,106.97999999999999,100.3
0022400614,DAL,MIN,107.1,113.14000000000001,98.4,119.44000000000001,115.47999999999999,96.2
0022400599,DAL,CHA,109.55999999999999,113.12,98.5,107.85999999999999,113.85999999999999,100.8
0022400583,DAL,OKC,112.9,113.34,98.0,124.35999999999999,105.16,102.6
0022400566,DAL,NOP,110.0,113.12,98.4,114.2,116.0,98.1
0022400559,DAL,DEN,113.66,115.04,99.3,118.28,107.66,97.944
0022400540,DAL,DEN,112.42,114.38,99.8,117.17999999999999,109.22,98.644
0022400521,DAL,POR,107.96,113.08,100.8,113.16,115.54,96.9
0022400504,DAL,LAL,105.75999999999999,116.9,102.9,121.44000000000001,117.16,97.4
0022400499,DAL,MEM,107.43999999999998,113.16,100.4,112.9,119.1,105.7
0022400474,DAL,CLE,105.74000000000001,109.97999999999999,98.0,125.35999999999999,109.3,101.1
0022400460,DAL,HOU,111.82000000000001,109.14000000000001,98.4,114.25999999999999,108.17999999999999,99.6
0022400448,DAL,SAC,116.17999999999999,107.78,97.0,106.54,117.16,99.6
0022400434,DAL,POR,112.1,107.4,95.9,110.82000000000001,120.28,99.0
0022400425,DAL,PHX,114.38,110.96000000000001,98.4,111.28,118.55999999999999,98.3
0022400406,DAL,MIN,118.72,107.62,101.0,106.34,114.0,99.3
0022400401,DAL,POR,119.44000000000001,111.7,101.3,109.3,123.62,100.4
0022400385,DAL,LAC,117.3,111.08,101.6,110.82000000000001,107.96,99.6
0022400368,DAL,LAC,124.23999999999998,110.5,101.5,105.92,114.04,99.7
0022401228,DAL,GSW,105.1,119.67999999999999,100.1,112.54,105.04,96.122
0022401203,DAL,OKC,102.67999999999999,119.12,99.9,122.68000000000002,113.08,100.9
0022400344,DAL,TOR,123.7,108.86000000000001,103.0,107.54,111.66,100.4
0022400326,DAL,WAS,118.85999999999999,111.78000000000002,102.106,104.52000000000001,123.51999999999998,100.2
0022400056,DAL,MEM,121.23333333333333,108.16666666666667,102.16666666666667,106.63333333333333,109.16666666666667,108.5
0022400312,DAL,POR,117.2,110.38,101.106,106.47999999999999,113.14000000000001,99.5
0022400304,DAL,UTA,117.55999999999999,109.6,101.606,113.72,119.71999999999998,99.1
0022400292,DAL,NYK,114.78,110.05999999999999,101.306,130.38,117.0,97.7
0022400280,DAL,ATL,115.97999999999999,113.64000000000001,98.606,105.1,112.66,104.8
0022400273,DAL,MIA,119.28,116.26000000000002,96.9,110.4,111.25999999999999,99.1
0022400033,DAL,DEN,120.95,102.85,102.75,104.45,104.0,102.5
0022400242,DAL,OKC,116.58,110.48000000000002,98.8,119.12,113.02000000000001,101.4
0022400232,DAL,SAS,118.78,117.16,99.9,115.58,112.62,100.9
0022400228,DAL,UTA,116.62,110.04,100.9,105.22,116.32000000000001,102.1
0022400007,DAL,GSW,,,,,,
0022400208,DAL,DEN,113.85999999999999,108.62,99.9,120.02000000000001,112.4,104.2
0022400190,DAL,PHX,113.78000000000002,107.34,101.0,114.28,110.3,99.7
0022400176,DAL,CHI,113.54,109.04,99.7,106.72,112.88,105.3
0022400165,DAL,IND,110.16,107.25999999999999,98.1,110.47999999999999,118.9,100.316
0022400153,DAL,ORL,111.86000000000001,111.17999999999999,98.8,109.82000000000001,110.32000000000001,101.4
0022400129,DAL,HOU,112.78,109.84,101.4,114.08,112.64000000000001,97.5
0022400114,DAL,MIN,112.66000000000001,110.1,102.1,107.78000000000002,107.14000000000001,97.582
0022400110,DAL,UTA,116.54,107.74000000000001,102.4,108.84,126.22,101.1
0022400074,DAL,SAS,118.925,108.475,103.375,112.3,111.425,99.375
0022401185,LAL,HOU,125.66,117.94000000000001,95.3,117.34,110.24000000000001,100.0
0022401159,LAL,DAL,123.3,117.1,96.1,107.43999999999998,118.54,101.2
0022401153,LAL,OKC,124.81999999999998,114.55999999999999,96.9,116.52000000000001,112.85999999999999,103.6
0022401135,LAL,OKC,120.8,116.6,98.7,119.94000000000001,106.34,105.3
0022401126,LAL,NOP,119.7,118.91999999999999,98.8,109.6,114.2,97.3
0022401117,LAL,GSW,117.52000000000001,118.4,98.6,118.52000000000001,113.24000000000001,99.5
0022401096,LAL,HOU,118.2,126.13999999999999,100.0,122.34,111.6,98.3
0022401078,LAL,MEM,115.96,122.66,99.7,114.02000000000001,119.78,100.7
0022401063,LAL,CHI,111.82000000000001,124.32000000000001,98.2,124.82000000000001,112.75999999999999,101.9
0022401055,LAL,IND,109.58,119.47999999999999,98.0,112.2,105.67999999999999,102.684
0022401038,LAL,ORL,111.5,118.7,100.2,114.47999999999999,111.46,98.3
0022401028,LAL,CHI,110.38,115.62,99.6,118.01999999999998,112.7,100.5
0022401006,LAL,DEN,109.84,117.8,98.1,118.63999999999999,119.46,101.0
0022400537,LAL,SAS,112.62,113.12,96.6,110.0,108.5,99.944
0022400977,LAL,PHX,111.72,117.44000000000001,97.718,123.06000000000002,120.7,97.14399999999999
0022400955,LAL,MIL,117.48000000000002,112.96000000000001,94.81800000000001,115.38000000000002,112.2,101.3
0022400930,LAL,BKN,116.58,110.85999999999999,95.11800000000001,108.64000000000001,122.12,97.3
0022400918,LAL,BOS,118.2,108.72,95.418,122.0,118.9,94.7
0022400903,LAL,NYK,118.08,108.16000000000001,96.2,110.46,114.04,96.914
0022400890,LAL,NOP,115.42,105.75999999999999,95.9,117.22,112.9,99.7
0022400874,LAL,LAC,112.84,103.38,98.3,109.75999999999999,116.83999999999999,98.5
0022400859,LAL,LAC,113.42,107.32000000000001,100.0,112.66,116.47999999999999,100.4
0022400849,LAL,MIN,115.44000000000001,106.96000000000001,102.1,112.42,112.46,101.93
0022400835,LAL,DAL,118.38,110.12,102.5,111.52000000000001,113.34,100.016
0022400808,LAL,DEN,116.8,110.82000000000001,103.7,128.54000000000002,110.16,99.6
0022400524,LAL,CHA,115.42,117.92,96.3,100.9,105.16,100.25800000000001
0022400781,LAL,UTA,124.25999999999999,108.88,101.0,112.93999999999998,121.53999999999999,102.76200000000001
0022400768,LAL,UTA,125.9,106.4,100.1,114.2,116.05999999999999,101.762
0022400024,DAL,NOP,112.5,116.5,103.5,109.8,100.0,93.0
0022400095,DAL,PHX,118.22,107.54,103.6,106.25999999999999,103.17999999999999,100.36800000000001
0022400851,OKC,ATL,121.14000000000001,116.24000000000001,100.42999999999999,116.04,120.1,101.792
0022400787,OKC,MIN,127.43999999999998,107.55999999999999,99.5,115.7,110.86000000000001,99.8
0022400509,OKC,CLE,115.4,100.78,100.7,122.8,110.5,102.8
0022400487,OKC,BOS,115.17999999999999,100.8,101.1,130.5,107.64000000000001,93.2
0022400473,OKC,NYK,115.78,102.2,101.1,119.2,106.84,99.078
0022400452,OKC,MIN,114.35999999999999,101.41999999999999,101.8,111.1,114.5,96.5
0022400410,OKC,IND,114.66,99.74,100.9,117.2,108.58,101.0
0022400310,OKC,HOU,116.4,105.7,97.9,110.28000000000002,100.9,104.99600000000001
0022400299,OKC,GSW,121.67999999999999,111.0,98.1,110.98000000000002,109.47999999999999,100.8
0022400136,CHI,BKN,105.47999999999999,108.47999999999999,107.5,116.0,115.97999999999999,99.41
0022400864,PHI,GSW,105.6,118.67999999999999,97.9,123.3,104.5,99.1
0022400205,PHI,CHA,108.88,119.08,96.0,105.75999999999999,110.67999999999999,97.6
0022400394,PHI,SAS,109.02000000000001,110.62,95.2,114.84,117.48000000000002,102.81199999999998
0022400347,PHI,CHI,107.75999999999999,110.82000000000001,96.196,122.35999999999999,121.74000000000001,104.3
0022400333,PHI,ORL,108.47999999999999,114.64000000000001,97.096,114.38,104.14000000000001,95.3
0022400167,PHI,PHX,106.72,115.84,98.452,113.7,109.64000000000001,99.7
0022400097,PHI,IND,109.5,112.3,95.9,106.38,120.05999999999999,102.5
0022400250,SAC,ATL,113.85999999999999,112.92,97.768,107.28,116.04,103.8
0022400233,SAC,UTA,114.34,111.3,97.468,111.58,118.85999999999999,101.2
0022400020,SAC,MIN,,,,106.9,120.8,101.0
0022400407,PHI,BOS,108.34,107.8,97.5,111.97999999999999,109.3,101.5
0022401195,UTA,MIN,112.16,132.68,103.992,121.82000000000001,110.17999999999999,95.0
0022401181,UTA,OKC,113.92,128.73999999999998,101.492,117.43999999999998,117.22,100.3
0022401162,UTA,POR,109.24000000000001,132.24,100.9,108.6,106.38,104.0
0022400796,LAL,POR,121.05999999999999,111.22,102.2,110.72,115.64000000000001,100.5
0022400742,LAL,IND,122.14000000000001,106.83999999999999,99.9,114.42,114.58,101.7
0022400731,LAL,GSW,122.2,107.6,98.4,112.74000000000001,113.6,100.5
0022400715,LAL,LAC,121.1,109.9,98.5,118.3,114.25999999999999,98.6
0022400297,BKN,PHX,118.51999999999998,122.54,94.7,112.62,125.22,97.36800000000001
0022401209,IND,PHI,110.04,109.08,102.072,108.66,115.52000000000001,100.8
0022400349,IND,CHA,114.55999999999999,114.85999999999999,101.1,103.22,115.96,93.7
0022400247,IND,TOR,112.52000000000001,112.52000000000001,96.0,115.1,122.98000000000002,94.942
0022400009,IND,MIA,,,,113.1,116.0,96.45
0022400217,IND,ORL,118.0,119.2,98.6,106.85999999999999,104.23999999999998,97.6
0022400203,IND,NYK,113.84,117.32000000000001,100.264,119.5,109.97999999999999,96.0
0022400184,IND,CHA,118.96000000000001,119.2,101.564,110.64000000000001,118.84,99.4
0022400081,IND,NYK,108.58,119.02000000000001,103.2,116.2,116.02000000000001,96.7
0022400063,IND,DET,107.25,121.25,104.0,111.375,109.675,100.2375
0022400336,IND,CHI,112.17999999999999,111.8,100.3,120.78,121.78,102.7
0022401199,LAL,POR,127.1,111.96,97.9,104.12,105.38,104.792
0022400996,LAL,MIL,112.74000000000001,117.1,97.6,114.3,115.14000000000001,99.7
0022400965,LAL,DEN,114.52000000000001,115.24000000000001,97.018,119.42,123.85999999999999,98.244
0022400990,DEN,GSW,117.52000000000001,124.74000000000001,100.1,120.56000000000002,110.28,98.8
0022401225,DEN,SAC,120.05999999999999,110.8,101.3,120.08,117.24000000000001,93.7
0022400617,MIL,NOP,121.5,113.38,100.6,118.38,113.38000000000002,102.168
0022400776,MIL,MIN,111.26000000000002,117.46,101.3,120.72,115.4,97.8
0022400754,MIL,PHI,110.64000000000001,121.62,101.0,117.16,123.5,98.0
0022400736,MIL,ATL,112.14000000000001,124.85999999999999,100.0,113.1,119.42,104.5
0022400430,MIL,CHI,110.13999999999999,108.61999999999998,99.8,105.88,115.7,102.0
0022400415,MIL,BKN,111.23999999999998,109.82000000000001,98.8,105.97999999999999,108.67999999999999,95.2
0022400235,IND,MIA,112.47999999999999,113.05999999999999,98.4,112.05999999999999,112.08,99.1
0022400170,IND,ORL,115.75999999999999,117.74000000000001,101.916,98.84,107.88,101.1
0022400165,IND,DAL,110.47999999999999,118.9,100.316,110.16,107.25999999999999,98.1
0022400138,IND,NOP,109.17999999999999,115.4,100.716,105.62,114.74000000000001,99.3
0022400119,IND,BOS,107.42,115.44000000000001,100.752,127.62,114.05999999999999,99.6
0022400102,IND,ORL,105.42,117.14000000000001,101.05199999999999,114.8,108.14000000000001,100.0
0022400097,IND,PHI,106.38,120.05999999999999,102.5,109.5,112.3,95.9
0022401093,BOS,MEM,129.04,110.02000000000001,95.4,115.22,120.16000000000001,100.6
0022400958,BOS,MIA,123.4,114.78000000000002,95.6,108.12,114.85999999999999,97.2
0022400759,BOS,MIA,122.7,114.55999999999999,98.0,107.94000000000001,115.17999999999999,97.9
0022400471,BOS,HOU,129.22,112.44000000000001,95.0,114.97999999999999,107.42,98.2
0022400464,BOS,MIN,121.78000000000002,106.28000000000002,98.7,110.66,113.58,97.3
0022400307,BOS,CLE,126.16,113.22,94.542,123.16,112.88,99.9
0022400187,BOS,BKN,117.67999999999999,108.1,100.864,116.84,115.25999999999999,96.61
0022400172,BOS,GSW,117.9,104.7,101.964,115.97999999999999,107.12,98.68199999999999
0022400141,BOS,CHA,119.93999999999998,110.04,101.664,116.9,119.82000000000001,99.9
0022400284,BKN,GSW,114.4,121.12,93.3,108.6,109.04,102.4
0022501200,SAC,POR,116.82000000000001,119.63999999999999,99.1,117.7,112.71999999999998,96.61
0022501184,SAC,GSW,113.12,120.92,97.8,114.36000000000001,121.6,96.6
0022501154,SAC,GSW,114.08,123.35999999999999,98.2,114.24000000000001,122.58,98.6
0022501141,SAC,LAC,117.56000000000002,122.04,96.6,116.1,113.4,97.2
0022501128,SAC,NOP,112.1,126.6,96.5,109.21999999999998,125.05999999999999,99.1
0022501108,SAC,TOR,113.54,128.56,96.0,119.5,111.75999999999999,101.7
0022501084,SAC,BKN,115.62,130.61999999999998,97.8,103.5,115.85999999999999,100.1
0022501078,SAC,ATL,113.12,131.66,98.4,117.24000000000001,113.35999999999999,99.424
0022501065,SAC,ORL,111.0,127.25999999999999,100.2,118.94000000000001,125.7,97.5
0022501033,SAC,BKN,112.58,119.97999999999999,100.9,94.86,107.67999999999999,100.0
0022501015,SAC,PHI,111.17999999999999,114.25999999999999,101.2,108.46,114.0,102.6
0022500998,SAC,SAS,114.83999999999999,109.02000000000001,101.9,125.97999999999999,116.88,100.7
0022500982,SAC,UTA,115.52000000000001,113.02000000000001,102.3,115.38,121.35999999999999,99.0
0022500975,SAC,LAC,112.96,114.67999999999999,101.8,126.24000000000001,117.8,100.2
0022500951,SAC,CHA,110.35999999999999,115.64000000000001,103.0,117.64000000000001,108.72000000000003,95.2
0022500945,SAC,IND,114.05999999999999,118.14000000000001,102.6,109.35999999999999,128.7,100.6
0022500930,SAC,CHI,109.6,123.38,101.3,105.16,109.82000000000001,103.5
0022500907,SAC,NOP,110.28,120.18000000000002,100.8,111.97999999999999,112.94000000000001,102.7
0022500892,SAC,PHX,111.66,122.42,103.0,100.76,112.35999999999999,91.042
0022500878,SAC,LAL,109.67999999999999,122.75999999999999,103.1,117.08,116.62,95.8
0022500854,SAC,DAL,103.1,123.22,102.6,113.17999999999999,117.78,103.3
0022500845,SAC,HOU,102.08000000000001,121.05999999999999,103.0,111.67999999999999,106.5,96.7
0022500829,SAC,MEM,102.9,124.55999999999999,102.9,112.32000000000001,117.12,104.3
0022500815,SAC,SAS,103.6,122.31999999999998,100.5,127.38,107.92,103.6
0022500800,SAC,ORL,109.47999999999999,121.67999999999999,100.7,111.24000000000001,111.88,100.2
0022500786,SAC,UTA,114.16,121.64000000000001,99.9,111.12,110.66,105.1
0022500766,SAC,NOP,115.84,122.28000000000002,98.1,115.82000000000001,117.1,98.00999999999999
0022500756,SAC,CLE,115.28,121.47999999999999,95.9,122.9,104.8,99.7
0022500746,SAC,LAC,110.52000000000001,120.12,95.4,114.47999999999999,119.66000000000001,95.3
0022500707,SAC,WAS,110.22,124.3,95.0,107.2,113.54,101.9
0022500689,SAC,BOS,111.14000000000001,123.82000000000001,97.1,114.23999999999998,111.58,95.70599999999999
0022500680,SAC,PHI,109.28,123.5,99.9,114.46,118.58,99.52799999999999
0022500665,SAC,NYK,112.72,124.97999999999999,101.1,114.42,108.9,95.3
0022500650,SAC,DET,114.83999999999999,119.72,101.4,104.96,97.72,102.2
0022500638,SAC,CLE,113.14000000000001,114.82000000000001,101.8,119.17999999999999,112.04,100.8
0022500626,SAC,TOR,117.4,114.0,100.8,115.2,115.44000000000001,97.23799999999999
0022500619,SAC,MIA,120.93999999999998,112.0,97.0,114.8,120.7,102.5
0022500606,SAC,POR,121.53999999999999,117.97999999999999,95.4,113.6,112.2,100.6
0022500592,SAC,WAS,115.66,115.24000000000001,95.3,103.3,117.26000000000002,103.2
0022500576,SAC,NYK,113.03999999999999,118.5,95.0,116.02000000000001,122.04,96.6
0022500562,SAC,LAL,107.2,119.72,96.5,109.94000000000001,110.88,99.7
0022500557,SAC,HOU,103.7,122.74000000000001,98.1,111.38,107.92,95.7
0022500539,SAC,GSW,100.67999999999999,121.18000000000002,98.3,114.88,118.74000000000001,99.1
0022500515,SAC,DAL,101.46,125.88000000000002,98.3,113.32000000000001,117.24000000000001,101.9
0022500500,SAC,MIL,103.2,123.2,99.4,117.82000000000001,118.52000000000001,97.4
0022500483,SAC,PHX,108.6,125.6,98.8,120.24000000000001,112.35999999999999,99.7
0022500474,SAC,BOS,110.08000000000001,123.9,98.828,120.3,110.02000000000001,98.7
0022500461,SAC,LAC,110.12,116.32000000000001,99.428,120.0,109.85999999999999,94.6
0022500446,SAC,LAL,113.46,115.12,99.86800000000001,113.66000000000001,124.5,97.2
0022500432,SAC,DAL,112.52000000000001,117.54,99.268,116.7,115.22,100.90599999999999
0022500421,SAC,DET,112.26000000000002,112.54,99.36800000000001,114.7,104.84,99.806
0022500401,SAC,HOU,107.46000000000001,112.9,100.44,117.94000000000001,110.4,97.662
0022500394,SAC,POR,109.25999999999999,115.44000000000001,101.34,111.88,115.7,102.54
0022500380,SAC,POR,107.2,112.5,100.524,109.88,115.13999999999999,103.4
0022501220,SAC,MIN,110.64000000000001,124.42,100.1,123.66,120.08,102.9
0022501208,SAC,DEN,113.9,120.82000000000001,99.3,128.7,117.44000000000001,99.47200000000001
0022500364,SAC,IND,113.05999999999999,114.66,99.724,116.46,119.2,99.9
0022500354,SAC,MIA,107.12,119.85999999999999,99.624,113.7,112.9,104.0
0022500330,SAC,HOU,107.34,117.4,100.324,118.96,106.54,99.21000000000001
0022500307,SAC,MEM,108.14000000000001,118.74000000000001,100.324,112.47999999999999,109.08000000000001,98.6
0022500077,SAC,UTA,101.66666666666667,120.13333333333333,102.0,98.06666666666666,127.39999999999999,104.0
0022500068,SAC,PHX,100.94999999999999,122.45,104.5,113.2,101.85,102.5
0022500292,SAC,MIN,105.38,122.78,102.1,118.92,108.6,103.3
0022500274,SAC,DEN,101.22,122.58,102.1,123.16,115.0,101.8
0022500265,SAC,MEM,104.1,122.34,103.3,101.29999999999998,117.74000000000001,101.7
0022500261,SAC,OKC,107.5,122.47999999999999,103.9,119.38,99.86,99.9
0022500234,SAC,SAS,108.9,122.9,104.9,117.0,118.54,102.8
0022500044,SAC,MIN,97.1,125.7,104.5,118.95,117.925,102.2175
0022500223,SAC,ATL,117.66,125.36000000000001,103.0,116.88,110.14000000000001,99.2
0022500212,SAC,DEN,117.54,125.4,103.8,120.0,102.46,104.1
0022500197,SAC,MIN,115.46,119.22,102.9,119.28,117.2,98.8
0022500038,SAC,OKC,,,,114.6,108.725,100.035
0022500181,SAC,GSW,115.05999999999999,121.08000000000001,103.1,113.8,106.86000000000001,99.8
0022500604,HOU,NOP,109.86000000000001,116.32000000000001,95.2,120.22,120.82000000000001,99.3
0022500581,HOU,OKC,111.98000000000002,114.34,93.7,114.2,112.78,100.284
0022500565,HOU,CHI,107.52000000000001,112.16,95.0,106.42,112.42,99.6
0022500557,HOU,SAC,111.38,107.92,95.7,103.7,122.74000000000001,98.1
0022500540,HOU,POR,115.46,109.32000000000001,95.9,115.75999999999999,113.7,99.0
0022500527,HOU,POR,117.85999999999999,108.7,96.2,118.58,115.67999999999999,100.6
0022500505,HOU,PHX,120.58,116.5,95.4,117.66,110.97999999999999,99.6
0022500453,HOU,IND,118.88,118.52000000000001,95.39,103.94000000000001,120.66,103.1
0022500438,HOU,CLE,117.94000000000001,123.64000000000001,94.89,117.5,118.66,103.3
0022500012,HOU,LAL,107.8,112.6,93.52,106.9,119.0,101.0
0022500422,HOU,LAC,117.58,115.2,96.59,107.8,107.16,97.0
0022500386,HOU,DEN,117.84,114.2,99.662,124.67999999999999,119.42,101.2
0022500375,HOU,NOP,119.44000000000001,109.38000000000002,100.5,116.63999999999999,126.04,102.796
0022501225,HOU,DEN,122.7,112.04,99.6,129.94,113.24000000000001,100.41
0022501205,HOU,LAC,123.64000000000001,112.94000000000001,99.3,115.8,114.28,99.4
0022500346,HOU,PHX,120.88,104.21999999999998,100.1,114.8,116.08,98.1
0022500330,HOU,SAC,118.96,106.54,99.21000000000001,107.34,117.4,100.324
0022500301,HOU,UTA,123.0,108.24000000000001,96.51,113.04,120.4,105.372
0022500290,HOU,PHX,122.1,109.63999999999999,98.71000000000001,121.33999999999999,108.25999999999999,101.4
0022500054,HOU,DEN,122.075,113.475,96.255,121.96,115.44000000000001,99.964
0022500255,HOU,CLE,119.96,108.2,99.81,115.74000000000001,111.66,102.95
0022500236,HOU,ORL,124.08,107.5,100.2,115.83999999999999,109.7,100.7
0022500042,HOU,POR,116.56666666666668,112.63333333333333,94.83999999999999,110.1,109.2,98.5
0022500218,HOU,WAS,124.32000000000001,109.05999999999999,100.5,102.46000000000001,119.84,103.21999999999998
0022500191,HOU,MIL,128.68,108.78,99.7,117.4,119.03999999999999,100.8
0022500032,HOU,SAS,119.30000000000001,109.05,92.25999999999999,123.45,97.6,98.75
0022500160,HOU,DAL,128.76,113.0,96.4,106.44000000000001,109.5,104.6
0022500146,HOU,BOS,125.55999999999999,116.2,95.7,122.13999999999999,111.96000000000001,97.2
0022500131,HOU,TOR,125.75999999999999,115.44000000000001,95.6,109.97999999999999,112.85999999999999,105.5
0022500116,HOU,BKN,118.2,115.96,97.1,112.75999999999999,120.34,100.2
0022500093,HOU,DET,122.16,114.05999999999999,95.3,113.64000000000001,109.78,101.2
0022500001,HOU,OKC,,,,,,
0022501189,MIA,ATL,124.54,129.16,100.9,119.47999999999999,105.82000000000001,102.6
0022501172,MIA,WAS,120.92,128.24,100.4,111.54,128.4,105.3
0022501165,MIA,TOR,119.58,126.96,102.3,116.1,112.0,99.8
0022501151,MIA,TOR,124.66,130.58,103.6,118.85999999999999,110.12,100.3
0022501129,MIA,WAS,120.98000000000002,126.64000000000001,101.5,110.66,121.84,104.6
0022501106,MIA,BOS,115.66,121.75999999999999,103.3,112.38,109.9,95.6
0022501091,MIA,PHI,117.78000000000002,126.14000000000001,102.1,124.14000000000001,117.31999999999998,103.4
0022501083,MIA,IND,119.32000000000001,125.94000000000001,102.1,121.61999999999998,126.88000000000002,100.4
0022501068,MIA,CLE,115.82000000000001,124.25999999999999,101.5,121.38,119.88,97.2
0022501055,MIA,CLE,113.36000000000001,126.06000000000002,103.1,123.44000000000001,120.64000000000001,98.3
0022501041,MIA,SAS,114.58,121.44000000000001,102.0,123.02000000000001,109.96,97.9
0022501027,MIA,HOU,114.12,116.94000000000001,106.9,109.13999999999999,114.61999999999998,96.4
0022501010,MIA,LAL,114.35999999999999,113.86000000000001,105.7,123.48000000000002,114.22,97.224
0022500972,MIA,ORL,122.44000000000001,110.52000000000001,104.0,123.52000000000001,108.26000000000002,99.63
0022500957,MIA,MIL,125.04,109.32000000000001,103.8,106.16000000000001,123.62,96.4
0022500938,MIA,WAS,123.28000000000002,108.85999999999999,99.7,117.02000000000001,128.94,99.7
0022500923,MIA,DET,120.85999999999999,110.02000000000001,101.1,110.5,111.14000000000001,97.372
0022500909,MIA,CHA,117.08,110.4,102.3,126.16,98.92,96.7
0022500901,MIA,BKN,117.8,111.05999999999999,103.4,109.54,129.06,97.6
0022500886,MIA,BKN,118.1,110.3,103.9,111.6,128.45999999999998,96.7
0022500864,MIA,HOU,118.52000000000001,110.64000000000001,104.81199999999998,119.08000000000001,107.22,97.1
0022500849,MIA,PHI,117.58,108.92,104.71199999999999,110.28,115.04,104.8
0022500837,MIA,MIL,120.64000000000001,103.6,104.71199999999999,115.58,115.24000000000001,96.7
0022500813,MIA,MEM,115.85999999999999,102.88,101.612,112.42,117.66000000000001,103.5
0022500805,MIA,ATL,112.5,107.78,102.41199999999999,113.96,117.76000000000002,102.0
0022500784,MIA,NOP,113.9,103.22,103.1,117.47999999999999,114.66,97.80999999999999
0022500763,MIA,UTA,113.26000000000002,103.02000000000001,105.1,110.3,113.02000000000001,102.8
0022500758,MIA,WAS,111.3,108.58,105.5,112.34,124.88,100.9
0022500741,MIA,BOS,112.42,107.47999999999999,107.3,120.34,104.22,91.8
0022500720,MIA,ATL,117.4,104.64000000000001,108.1,111.55999999999999,110.5,101.3
0022500705,MIA,CHI,113.28,112.3,107.5,115.6,115.55999999999999,101.8
0022500692,MIA,CHI,117.1,112.66,105.8,120.22,116.42,99.6
0022500529,MIA,CHI,113.8,111.54,105.8,111.88,115.42,98.0
0022500674,MIA,ORL,114.85999999999999,113.28,105.7,107.0,120.82000000000001,98.4
0022500655,MIA,PHX,117.25999999999999,116.84,105.6,114.62,111.66000000000001,97.7
0022500649,MIA,UTA,114.28,120.74000000000001,102.7,113.7,126.04,103.5
0022500634,MIA,POR,117.78,119.58,102.6,113.88,112.11999999999998,101.5
0022500619,MIA,SAC,114.8,120.7,102.5,120.93999999999998,112.0,97.0
0022500612,MIA,GSW,111.38,117.42,103.6,127.7,112.52000000000001,98.6
0022500597,MIA,OKC,108.9,114.58,104.9,116.85999999999999,105.42,100.684
0022500580,MIA,BOS,102.34,111.75999999999999,107.8,115.56000000000002,113.08,93.8
0022500564,MIA,PHX,100.82,107.7,108.9,112.84,103.82000000000001,97.0
0022500553,MIA,OKC,102.52000000000001,109.55999999999999,107.7,113.04,111.42,100.084
0022500543,MIA,IND,106.66,108.34,106.9,112.0,116.43999999999998,103.7
0022500513,MIA,MIN,122.92,110.84,105.4,120.74000000000001,116.12,100.6
0022500497,MIA,NOP,122.47999999999999,111.58,105.8,114.47999999999999,124.4,100.4
0022500486,MIA,MIN,118.4,110.14000000000001,104.9,111.75999999999999,111.58,100.1
0022500472,MIA,DET,121.24000000000001,115.54,103.5,121.08000000000001,116.28,99.3
0022500450,MIA,DEN,115.16,116.46,103.6,122.72,119.08,100.8
0022500414,MIA,TOR,111.22,116.52000000000001,101.1,100.3,113.08,97.0
0022500398,MIA,NYK,108.1,114.22,100.8,121.05999999999999,111.96,97.5
0022500381,MIA,BOS,111.78000000000002,112.38,101.5,133.84,115.3,95.2
0022500373,MIA,BKN,114.9,118.04,103.8,113.66,111.14000000000001,98.2
0022501227,MIA,TOR,118.53999999999999,118.9,101.2,120.08,112.05999999999999,96.6
0022501201,MIA,ORL,125.97999999999999,121.14000000000001,102.2,115.66,105.72,104.3
0022500354,MIA,SAC,113.7,112.9,104.0,107.12,119.85999999999999,99.624
0022500339,MIA,ORL,117.08,113.97999999999999,104.9,122.08,115.8,103.1
0022500332,MIA,DAL,116.46,108.25999999999999,106.1,110.22,109.8,100.5
0022500313,MIA,LAC,111.74000000000001,106.58,106.0,111.84,118.56000000000002,99.5
0022500296,MIA,DET,108.9,105.8,105.4,121.78,111.82000000000001,102.1
0022500062,MIA,MIL,126.53333333333335,112.80000000000001,105.5,120.83333333333333,110.39999999999999,102.86
0022500286,MIA,DAL,112.24000000000001,110.22,105.75,106.76000000000002,113.08,101.98600000000002
0022500275,MIA,PHI,112.36000000000001,111.32000000000001,107.15,112.32000000000001,111.84,96.952
0022500051,MIA,CHI,123.6,120.55000000000001,103.75,120.1,123.25,102.25
0022500257,MIA,GSW,112.74000000000001,116.22,107.15,112.17999999999999,107.84,103.0
0022500178,MIA,DEN,115.12,111.25999999999999,104.1,125.05999999999999,112.74000000000001,101.2
0022500164,MIA,LAC,117.66000000000001,108.1,106.2,111.08,113.58,96.5
0022500155,MIA,LAL,116.6,106.32000000000001,107.2,122.42,118.12,100.9
0022500141,MIA,SAS,116.98000000000002,105.74000000000001,107.4,121.25999999999999,113.04,98.5
0022500124,MIA,CHA,116.8,103.34,107.7,118.48000000000002,115.24000000000001,104.4
0022500108,MIA,NYK,120.78,110.22,107.2,126.97999999999999,117.64000000000001,97.0
0022500094,MIA,MEM,118.5,110.8,105.7,116.74000000000001,112.6,100.834
0022500081,MIA,ORL,120.875,110.35000000000001,104.375,120.52499999999999,104.675,100.375
0022501133,BKN,WAS,103.67999999999999,117.21999999999998,99.2,111.66000000000001,130.44,104.0
0022501100,BKN,CHA,108.96,117.3,99.8,123.83999999999999,111.36000000000001,94.6
0022501084,BKN,SAC,103.5,115.85999999999999,100.1,115.62,130.61999999999998,97.8
0022501075,BKN,LAL,101.2,115.44000000000001,101.2,122.24000000000001,118.83999999999999,99.3
0022501045,BKN,POR,100.47999999999999,112.88,99.2,112.26000000000002,110.17999999999999,100.7
0022501033,BKN,SAC,94.86,107.67999999999999,100.0,112.58,119.97999999999999,100.9
0022501016,BKN,NYK,97.17999999999999,117.55999999999999,99.5,127.75999999999999,114.1,95.6
0022501000,BKN,OKC,105.2,117.3,98.5,117.08,110.66,96.7
0022500985,BKN,POR,108.04,115.9,98.1,108.85999999999999,106.23999999999998,102.3
0022500932,BKN,MEM,107.72,124.58,98.1,118.3,114.05999999999999,100.5
0022500916,BKN,DET,108.32000000000001,128.92,98.1,113.66000000000001,112.5,97.872
0022500901,BKN,MIA,109.54,129.06,97.6,117.8,111.05999999999999,103.4
0022500886,BKN,MIA,111.6,128.45999999999998,96.7,118.1,110.3,103.9
0022500859,BKN,BOS,101.02000000000001,118.67999999999999,98.3,113.9,103.6,94.1
0022500851,BKN,SAS,100.14,115.23999999999998,99.2,120.12,104.96000000000001,102.1
0022500833,BKN,DAL,100.34,111.9,100.7,111.05999999999999,120.52000000000001,105.2
0022500818,BKN,ATL,104.34,110.75999999999999,101.3,108.35999999999999,118.58,102.8
0022500808,BKN,OKC,107.14000000000001,114.28,100.7,114.74000000000001,114.26000000000002,97.7
0022500793,BKN,CLE,111.16000000000001,115.46,101.8,126.52000000000001,109.34,101.8
0022500779,BKN,IND,104.84,118.92,101.5,111.82000000000001,119.47999999999999,100.268
0022500706,TOR,UTA,109.78,111.66,99.6,109.1,125.5,101.1
0022500687,TOR,ORL,114.14000000000001,110.35999999999999,100.1,108.25999999999999,122.02000000000001,99.7
0022500675,TOR,NYK,114.92,109.72,99.3,115.9,104.4,94.5
0022500653,TOR,OKC,116.62,111.94000000000001,98.63799999999999,119.22,107.44000000000001,98.5
0022500642,TOR,POR,117.9,112.55999999999999,98.53799999999998,115.74000000000001,108.67999999999998,102.2
0022500626,TOR,SAC,115.2,115.44000000000001,97.23799999999999,117.4,114.0,100.8
0022500618,TOR,GSW,108.6,112.34,96.082,123.8,111.3,101.3
0022500607,TOR,LAL,114.58,116.6,95.282,119.32000000000001,125.36000000000001,97.9
0022500590,TOR,LAC,113.17999999999999,114.66,94.644,119.46,112.0,95.3
0022500571,TOR,IND,112.16,112.7,96.244,113.54,111.05999999999999,101.7
0022500560,TOR,PHI,115.5,109.9,98.944,116.88,109.24000000000001,98.91
0022500550,TOR,PHI,115.46,110.88,98.5,120.14000000000001,108.94000000000001,99.566
0022500516,TOR,CHA,116.67999999999999,107.6,101.086,121.96,117.2,97.7
0022500504,TOR,ATL,116.47999999999999,115.54,100.786,116.4,115.02000000000001,104.6
0022500488,TOR,ATL,115.25999999999999,113.04,98.186,114.92,112.67999999999999,105.2
0022500468,TOR,DEN,110.55999999999999,110.75999999999999,98.386,121.88000000000002,125.35999999999999,100.9
0022500451,TOR,ORL,108.67999999999999,113.32000000000001,97.686,111.91999999999999,118.92,98.924
0022500441,TOR,GSW,106.38,112.28,96.8,114.22,101.32000000000001,98.0
0022500425,TOR,WAS,107.42,110.67999999999999,95.3,111.7,124.75999999999999,100.2
0022500414,TOR,MIA,100.3,113.08,97.0,111.22,116.52000000000001,101.1
0022500397,TOR,BKN,109.3,119.74000000000001,96.2,111.55999999999999,107.66000000000001,99.4
0022500388,TOR,BOS,112.38,117.55999999999999,98.5,134.5,114.32000000000001,96.4
0022500374,TOR,MIL,108.88,119.6,98.6,116.43999999999998,117.84,97.7
0022501227,TOR,MIA,120.08,112.05999999999999,96.6,118.53999999999999,118.9,101.2
0022501202,TOR,NYK,119.21999999999998,110.88,97.3,119.9,109.04,94.1
0022500358,TOR,BOS,107.32000000000001,118.0,97.604,132.6,116.55999999999999,95.2
0022500319,TOR,POR,112.67999999999999,112.94000000000001,96.50399999999999,107.47999999999999,115.96,103.2
0022500303,TOR,NYK,114.85999999999999,110.02000000000001,97.604,112.64000000000001,116.1,100.6
0022500294,TOR,CHA,117.0,106.97999999999999,100.9,111.67999999999999,120.46000000000001,98.1
0022500063,TOR,IND,118.5,101.63333333333333,101.18,107.26666666666667,118.89999999999999,102.20666666666666
0022500284,TOR,CLE,121.42,110.67999999999999,100.0,113.42,111.22,99.4
0022500279,TOR,BKN,120.9,110.17999999999999,100.4,112.42,118.58,97.2
0022500050,TOR,WAS,111.1,99.55,99.5,110.6,141.0,104.5
0022500184,TOR,PHI,118.2,118.67999999999999,101.3,123.05999999999999,117.1,101.49600000000001
0022500165,TOR,MIL,114.7,122.34,102.1,119.54,116.35999999999999,101.3
0022500152,TOR,MEM,114.74000000000001,121.55999999999999,105.5,112.75999999999999,115.16,106.8
0022500022,TOR,CLE,,,,108.7,113.07499999999999,105.0
0022500131,TOR,HOU,109.97999999999999,112.85999999999999,105.5,125.75999999999999,115.44000000000001,95.6
0022500118,TOR,SAS,115.62,109.81999999999998,106.60799999999999,119.1,114.5,98.2
0022500111,TOR,DAL,113.96,103.51999999999998,104.80799999999999,108.16,114.96,102.70599999999999
0022500092,TOR,MIL,114.72,100.67999999999999,103.508,119.66,112.97999999999999,101.51599999999999
0022500082,TOR,ATL,112.875,99.75,101.135,112.34,113.34,102.9
0022500731,MEM,SAC,112.74000000000001,120.32000000000001,98.3,109.0,122.88,95.0
0022500662,MEM,HOU,117.47999999999999,115.78,104.0,114.8,110.9,97.728
0022500602,MEM,ORL,108.3,112.17999999999999,98.9,110.52000000000001,111.12,98.19399999999999
0022500578,MEM,ORL,109.58,113.3,98.3,113.9,114.28,98.19399999999999
0022500549,MEM,BKN,109.97999999999999,116.16,101.1,110.72,120.6,94.29400000000001
0022500536,MEM,OKC,110.38,117.32000000000001,101.786,112.55999999999999,105.5,101.784
0022500524,MEM,PHX,111.14000000000001,115.16000000000001,103.68599999999999,113.46,109.22,98.6
0022500512,MEM,SAS,115.94000000000001,115.76000000000002,102.78599999999999,113.7,117.44000000000001,102.5
0022500501,MEM,LAL,118.51999999999998,115.44000000000001,104.386,110.88,118.32000000000001,99.4
0022500485,MEM,LAL,115.1,113.94000000000001,104.28599999999999,114.47999999999999,121.5,98.9
0022500458,MEM,PHI,114.94000000000001,114.14000000000001,104.5,110.93999999999998,115.47999999999999,99.1
0022500443,MEM,WAS,116.05999999999999,113.22,104.2,115.52000000000001,121.58000000000001,100.6
0022500428,MEM,MIL,113.93999999999998,110.9,105.0,108.0,111.42,98.2
0022500419,MEM,UTA,109.94000000000001,106.74000000000001,103.4,112.0,131.06,102.524
0022500406,MEM,OKC,114.12,109.54,102.3,120.75999999999999,105.24000000000001,102.2
0022500391,MEM,WAS,112.74000000000001,105.28,102.2,107.1,128.5,100.7
0022500368,MEM,MIN,114.52000000000001,110.5,100.3,122.08,116.52000000000001,98.196
0022501226,MEM,LAC,108.13999999999999,129.23999999999998,106.7,112.51999999999998,117.08000000000001,98.0
0022501213,MEM,UTA,107.12,130.66,105.7,108.08,122.0,111.7
0022500360,MEM,POR,113.58,112.86000000000001,98.0,114.84,113.05999999999999,102.3
0022500347,MEM,LAC,119.14000000000001,112.06000000000002,98.4,116.78,116.4,100.0
0022500322,MEM,SAS,116.16,109.48000000000002,97.9,117.82000000000001,116.55999999999999,98.6
0022500307,MEM,SAC,112.47999999999999,109.08000000000001,98.6,108.14000000000001,118.74000000000001,100.324
0022500079,MEM,LAC,117.73333333333333,113.60000000000001,99.05666666666667,119.3,122.3,99.34333333333332
0022500065,MEM,NOP,116.15,111.7,99.0,110.93333333333334,117.73333333333333,103.0
0022500287,MEM,DEN,108.82000000000001,110.6,98.3,123.35999999999999,119.16,101.8
0022500273,MEM,DAL,108.5,114.14000000000001,101.8,108.04,113.44000000000001,104.186
0022500265,MEM,SAC,101.29999999999998,117.74000000000001,101.7,104.1,122.34,103.3
0022500252,MEM,SAS,101.24,118.47999999999999,103.3,117.96,114.82000000000001,102.7
0022500228,MEM,CLE,104.02000000000001,120.94000000000001,101.9,122.04,118.74000000000001,103.05
0022500216,MEM,BOS,105.88,118.02000000000001,101.9,114.24000000000001,113.66,96.5
0022500208,MEM,NYK,105.75999999999999,115.16,101.0,128.02,112.1,98.4
0022500194,MEM,OKC,107.82000000000001,117.55999999999999,102.1,121.05999999999999,106.62,101.9
0022500034,MEM,DAL,115.5,119.4,97.5,102.7,112.10000000000001,104.0
0022500176,MEM,HOU,112.4,114.14000000000001,101.4,127.26000000000002,111.02000000000001,98.7
0022500161,MEM,DET,110.94000000000001,116.94000000000001,104.3,119.62,111.25999999999999,101.2
0022500152,MEM,TOR,112.75999999999999,115.16,106.8,114.74000000000001,121.55999999999999,105.5
0022500024,MEM,LAL,,,,116.66666666666667,122.26666666666667,95.16666666666667
0022500137,MEM,PHX,113.88,115.67999999999999,105.3,111.66,122.32000000000001,102.55
0022500121,MEM,GSW,115.8,113.96,104.13399999999999,111.92,121.96000000000001,99.3
0022500103,MEM,IND,113.82000000000001,114.55999999999999,103.934,106.97999999999999,107.55999999999999,101.624
0022500094,MEM,MIA,116.74000000000001,112.6,100.834,118.5,110.8,105.7
0022500085,MEM,NOP,116.575,112.5,98.9175,112.55,118.525,102.0425
0022501195,NOP,MIN,113.12,118.42,106.0,117.25999999999999,120.24000000000001,100.8
0022501174,NOP,BOS,111.04,118.08,104.9,130.98000000000002,116.52000000000001,93.6
0022501153,NOP,UTA,106.66000000000001,119.42,100.5,105.72,128.73999999999998,104.8
0022501138,NOP,ORL,107.05999999999999,122.67999999999999,100.3,108.34,118.88,104.6
0022500534,NOP,WAS,104.44000000000001,118.9,102.8,112.28,115.92,102.9
0022500497,NOP,MIA,114.47999999999999,124.4,100.4,122.47999999999999,111.58,105.8
0022500337,NOP,MIN,116.88,122.02000000000001,100.49600000000001,122.84,116.88,97.72
0022500321,NOP,MIN,113.16,118.78000000000002,101.8,118.25999999999999,109.08000000000001,99.224
0022500308,NOP,LAL,110.52000000000001,117.12,102.0,115.22,110.9,100.8
0022501173,ATL,CLE,117.78,106.42,102.0,121.33999999999999,116.28,101.0
0022501158,ATL,CLE,121.04,106.26000000000002,100.5,121.8,116.34,100.5
0022501143,ATL,NYK,121.81999999999998,107.47999999999999,99.5,118.98000000000002,119.97999999999999,92.3
0022501122,ATL,BKN,118.12,110.75999999999999,98.524,101.64,115.14000000000001,99.8
0022501107,ATL,ORL,121.9,112.3,98.024,116.8,126.22,100.2
0022501092,ATL,BOS,123.97999999999999,113.25999999999999,98.624,115.9,110.38,95.2
0022501078,ATL,SAC,117.24000000000001,113.35999999999999,99.424,113.12,131.66,98.4
0022501067,ATL,BOS,120.54,112.25999999999999,102.224,116.38,109.54,97.7
0022501051,ATL,DET,120.96,109.94000000000001,103.2,118.25999999999999,110.16,98.6
0022501037,ATL,MEM,117.04,108.75999999999999,102.7,111.61999999999998,128.14000000000001,98.4
0022501026,ATL,GSW,113.94000000000001,107.0,102.1,110.72,117.62,99.7
0022501018,ATL,HOU,120.38000000000002,106.0,101.8,109.28,116.61999999999998,95.4
0022501006,ATL,DAL,118.94000000000001,105.66,101.4,107.46,123.24000000000001,102.6
0022500983,ATL,ORL,121.84,107.62,100.0,123.32000000000001,107.74000000000001,100.72999999999999
0022500970,ATL,MIL,123.4,107.25999999999999,100.8,108.96000000000001,121.58,98.7
0022500956,ATL,BKN,125.14000000000001,105.58,102.4,109.8,122.96,98.8
0022500939,ATL,DAL,122.74000000000001,101.84,103.5,96.56,115.28,99.8
0022500917,ATL,PHI,122.41999999999999,100.97999999999999,102.1,109.24000000000001,114.75999999999999,101.2
0022500897,ATL,MIL,114.52000000000001,102.54,103.2,105.76000000000002,119.28000000000002,98.7
0022500873,ATL,POR,110.88,103.47999999999999,103.4,104.35999999999999,113.73999999999998,101.3
0022500832,ATL,WAS,107.78,114.25999999999999,102.6,108.78,119.21999999999998,104.8
0022500818,ATL,BKN,108.35999999999999,118.58,102.8,104.34,110.75999999999999,101.3
0022500805,ATL,MIA,113.96,117.76000000000002,102.0,112.5,107.78,102.41199999999999
0022500794,ATL,PHI,115.62,119.08,102.2,109.84,118.28,99.3
0022500775,ATL,CHA,116.75999999999999,120.96,104.0,115.2,111.24000000000001,95.5
0022500765,ATL,MIN,114.6,118.25999999999999,100.4,119.74000000000001,122.75999999999999,99.7
0022500751,ATL,CHA,114.17999999999999,114.36000000000001,100.3,115.55999999999999,107.82000000000001,96.2
0022500735,ATL,UTA,113.52000000000001,111.6,102.5,110.8,117.64000000000001,100.6
0022500720,ATL,MIA,111.55999999999999,110.5,101.3,117.4,104.64000000000001,108.1
0022500698,ATL,IND,112.42,110.08,100.5,109.14000000000001,115.42,101.7
0022500682,ATL,HOU,113.5,112.35999999999999,103.4,109.91999999999999,109.88,97.928
0022500673,ATL,BOS,108.8,112.78,104.9,117.3,107.66000000000001,97.40599999999999
0022500659,ATL,IND,108.0,119.14000000000001,103.2,105.32000000000001,115.5,101.6
0022500636,ATL,PHX,110.78,120.5,103.3,117.72,114.54,98.1
0022500623,ATL,MEM,110.08,115.35999999999999,101.5,112.8,113.97999999999999,98.1
0022500014,ATL,MIL,,,,,,
0022500594,ATL,BOS,111.96,108.91999999999999,101.8,116.14000000000001,115.1,94.2
0022500585,ATL,POR,111.4,109.11999999999998,102.0,113.28,114.21999999999998,99.1
0022500569,ATL,LAL,110.08,106.52000000000001,103.2,109.36000000000001,113.67999999999999,97.7
0022500556,ATL,GSW,106.86000000000001,103.8,103.7,117.88,116.14000000000001,97.6
0022500537,ATL,DEN,109.4,105.88,104.5,117.6,119.51999999999998,94.66600000000001
0022500519,ATL,NOP,110.97999999999999,112.86000000000001,105.0,110.5,122.55999999999999,101.7
0022500504,ATL,TOR,116.4,115.02000000000001,104.6,116.47999999999999,115.54,100.786
0022500488,ATL,TOR,114.92,112.67999999999999,105.2,115.25999999999999,113.04,98.186
0022500479,ATL,NYK,116.58,116.97999999999999,105.9,123.27999999999997,122.42,101.8
0022500463,ATL,MIN,118.9,124.72,107.6,113.1,106.9,100.8
0022500455,ATL,OKC,113.74000000000001,122.6,107.1,114.94000000000001,108.4,102.1
0022500435,ATL,NYK,113.7,123.32000000000001,107.3,113.94000000000001,114.7,99.0
0022500423,ATL,MIA,119.2,123.6,105.5,109.8,119.34,99.7
0022500411,ATL,CHI,121.54,125.3,105.2,117.25999999999999,122.3,103.3
0022500396,ATL,CHI,112.92,120.88,102.9,109.51999999999998,116.9,101.9
0022500383,ATL,SAS,113.82000000000001,116.92,101.8,119.66,113.67999999999999,102.7
0022500371,ATL,CHA,111.75999999999999,112.28,102.186,109.97999999999999,111.16000000000001,96.804
0022501217,ATL,PHI,111.64000000000001,120.5,102.8,108.74000000000001,105.38,101.3
0022501210,ATL,DET,117.46000000000001,114.08,102.3,125.28,111.42,98.0
0022500351,ATL,WAS,109.85999999999999,112.46,100.886,110.66,126.1,101.1
0022500340,ATL,DEN,107.76000000000002,107.62,99.286,130.06,123.88000000000002,97.7
0022500327,ATL,LAC,113.3,110.11999999999998,100.486,112.3,121.82000000000001,101.7
0022500309,ATL,DET,116.3,114.04,100.486,123.02000000000001,114.81999999999998,103.2
0022500304,ATL,PHI,118.44000000000001,117.01999999999998,99.7,112.58,113.6,98.252
0022500069,ATL,CLE,110.05,112.925,101.875,115.42,116.24000000000001,103.1
0022500057,ATL,WAS,110.16666666666667,107.83333333333333,101.5,108.19999999999999,137.15,104.52000000000001
0022500276,ATL,CHA,119.1,116.46,102.3,112.14000000000001,118.18000000000002,97.8
0022500270,ATL,NOP,120.25999999999999,114.78,104.4,108.67999999999999,122.88,101.1
0022500267,ATL,SAS,117.9,110.74000000000001,102.5,117.86000000000001,112.04,102.0
0022500251,ATL,DET,120.4,107.82000000000001,102.0,117.1,108.55999999999999,102.62
0022500239,ATL,PHX,121.22,106.3,101.7,124.31999999999998,105.9,97.5
0022500227,ATL,UTA,117.16,105.55999999999999,101.5,114.34,117.62,100.5
0022500223,ATL,SAC,116.88,110.14000000000001,99.2,117.66,125.36000000000001,103.0
0022500030,ATL,TOR,117.25,107.80000000000001,101.75,114.3,103.1,98.0
0022500166,ATL,ORL,110.74000000000001,115.0,101.2,115.4,115.02000000000001,101.9
0022500151,ATL,CLE,111.24000000000001,117.55999999999999,102.4,115.83999999999999,117.78,102.6
0022500020,ATL,IND,107.8,108.7,102.5,108.0,114.6,102.62
0022500130,ATL,BKN,111.42,117.46,104.4,112.9,128.48,99.3
0022500115,ATL,CHI,109.94000000000001,118.47999999999999,104.1,104.36000000000001,112.54,106.9
0022500101,ATL,OKC,108.3,115.41999999999999,105.2,124.05999999999999,104.08,104.2
0022500090,ATL,ORL,111.66,116.02000000000001,105.0,118.93999999999998,105.54,102.5
0022500082,ATL,TOR,112.34,113.34,102.9,112.875,99.75,101.135
0022501185,PHX,LAL,111.62,115.72,99.9,113.22,124.6,98.3
0022501157,PHX,HOU,118.38,110.9,102.2,130.27999999999997,111.08,95.5
0022501134,PHX,CHI,119.7,115.25999999999999,101.3,108.12,126.82000000000001,105.5
0022501114,PHX,CHA,122.17999999999999,109.0,101.5,123.41999999999999,109.06000000000002,93.8
0022501099,PHX,ORL,124.64000000000001,111.17999999999999,98.2,117.16,127.96,97.6
0022501081,PHX,UTA,113.88,113.92,96.6,115.38,120.03999999999999,105.6
0022501050,PHX,DEN,112.38,113.66,96.0,122.1,111.97999999999999,101.824
0022500986,PHX,BOS,124.66,117.88,95.2,115.47999999999999,109.0,96.7
0022500963,PHX,TOR,120.94000000000001,112.84,96.5,109.05999999999999,112.7,98.0
0022500941,PHX,MIL,117.67999999999999,112.28000000000002,95.3,101.6,120.67999999999999,97.5
0022500912,PHX,NOP,104.05999999999999,108.04,94.0,116.2,115.58,102.5
0022500905,PHX,CHI,104.41999999999999,108.22,91.442,105.2,111.04,102.5
0022500892,PHX,SAC,100.76,112.35999999999999,91.042,111.66,122.42,103.0
0022500855,PHX,LAL,98.58,116.82000000000001,91.942,111.1,116.92,99.8
0022500839,PHX,BOS,102.36,115.28,95.842,113.35999999999999,107.17999999999999,95.5
0022500811,PHX,ORL,108.88,119.82000000000001,96.3,118.14000000000001,104.1,101.0
0022500739,PHX,GSW,118.14000000000001,114.82000000000001,96.3,105.62,108.08000000000001,104.2
0022500725,PHX,POR,111.54,111.05999999999999,97.1,100.86000000000001,115.66,101.1
0022500709,PHX,LAC,112.16,108.2,98.4,116.51999999999998,112.9,98.4
0022500693,PHX,CLE,110.02000000000001,107.22,98.7,119.32000000000001,104.28,97.1
0022500685,PHX,DET,114.58,113.22,97.4,115.96,102.86000000000001,101.1
0022500669,PHX,BKN,113.82000000000001,111.82000000000001,98.0,102.5,129.42000000000002,93.606
0022500655,PHX,MIA,114.62,111.66000000000001,97.7,117.25999999999999,116.84,105.6
0022500636,PHX,ATL,117.72,114.54,98.1,110.78,120.5,103.3
0022500613,PHX,PHI,117.35999999999999,111.66,97.7,112.61999999999998,113.5,98.644
0022500610,PHX,BKN,113.12,108.42,98.5,111.04,118.84,95.3
0022500596,PHX,NYK,113.96000000000001,106.7,99.8,117.78,120.44000000000001,96.0
0022500579,PHX,DET,113.6,106.38,98.6,111.47999999999999,102.62,98.8
0022500564,PHX,MIA,112.84,103.82000000000001,97.0,100.82,107.7,108.9
0022500555,PHX,WAS,115.9,105.94000000000001,96.9,109.02000000000001,116.8,104.7
0022500538,PHX,NYK,113.14000000000001,107.97999999999999,99.2,113.84,123.04,98.9
0022500524,PHX,MEM,113.46,109.22,98.6,111.14000000000001,115.16000000000001,103.68599999999999
0022500505,PHX,HOU,117.66,110.97999999999999,99.6,120.58,116.5,95.4
0022501228,PHX,LAL,106.12,116.54,97.0,113.62,110.0,97.7
0022501203,PHX,OKC,112.52000000000001,111.42,96.7,120.55999999999999,112.97999999999999,100.8
0022500365,PHX,MIN,110.6,118.75999999999999,96.8,124.54,117.25999999999999,98.696
0022500346,PHX,HOU,114.8,116.08,98.1,120.88,104.21999999999998,100.1
0022500299,PHX,DEN,117.28,111.05999999999999,99.2,122.34,118.94000000000001,101.8
0022500226,PHX,IND,118.58,109.97999999999999,97.7,103.25999999999999,120.16,102.1
0022500221,PHX,DAL,120.66,111.17999999999999,97.2,105.04,108.4,102.1
0022500204,PHX,NOP,117.78,112.67999999999999,98.6,105.94000000000001,119.92,99.7
0022500190,PHX,LAC,115.94000000000001,113.75999999999999,101.35,106.12,115.74000000000001,97.8
0022500182,PHX,LAC,112.85999999999999,117.82000000000001,103.25,111.67999999999999,112.56000000000002,98.0
0022500169,PHX,GSW,112.5,120.34,102.85,111.16,110.74000000000001,102.1
0022500154,PHX,SAS,110.52000000000001,120.62,102.55,119.9,113.24000000000001,98.2
0022500025,PHX,UTA,,,,,,
0022500137,PHX,MEM,111.66,122.32000000000001,102.55,113.88,115.67999999999999,105.3
0022500120,PHX,UTA,111.25999999999999,118.72,101.3,112.88,120.78,101.3
0022500104,PHX,DEN,112.25999999999999,115.35999999999999,100.9,123.6,117.72,99.274
0022500099,PHX,LAC,114.35999999999999,107.75999999999999,101.8,116.16,123.16,98.306
0022500088,PHX,SAC,113.55,105.7,102.0,105.125,121.175,102.25
0022501158,CLE,ATL,121.8,116.34,100.5,121.04,106.26000000000002,100.5
0022501145,CLE,MEM,121.55999999999999,115.58,101.6,107.1,123.16,103.2
0022501117,CLE,GSW,124.13999999999999,123.82000000000001,100.2,112.55999999999999,118.28,100.75
0022501103,CLE,LAL,124.2,120.22,99.7,117.84,110.42,99.3
0022501068,CLE,MIA,121.38,119.88,97.2,115.82000000000001,124.25999999999999,101.5
0022500884,CLE,DET,113.68000000000002,113.36000000000001,96.672,111.97999999999999,106.38,101.672
0022500869,CLE,BKN,117.75999999999999,116.88,95.572,107.75999999999999,127.4,97.4
0022500858,CLE,DET,119.01999999999998,111.0,95.6,117.64000000000001,108.96,100.5
0022500846,CLE,MIL,120.38,107.42,97.9,119.75999999999999,113.72,98.0
0022500835,CLE,NYK,121.96,110.82000000000001,98.7,116.88,108.78,99.868
0022500817,CLE,OKC,125.0,111.32000000000001,99.2,115.34,109.36000000000001,96.8
0022500802,CLE,CHA,124.12,105.13999999999999,100.7,114.28,112.84,96.0
0022500793,CLE,BKN,126.52000000000001,109.34,101.8,111.16000000000001,115.46,101.8
0022500776,CLE,WAS,122.22,112.05999999999999,101.5,110.25999999999999,122.97999999999999,101.0
0022500767,CLE,DEN,124.54,109.08,101.1,122.42,120.1,97.272
0022500756,CLE,SAC,122.9,104.8,99.7,115.28,121.47999999999999,95.9
0022500732,CLE,LAC,121.88,107.42,99.8,120.8,112.05999999999999,95.9
0022500710,CLE,POR,121.47999999999999,110.4,98.7,104.17999999999999,111.31999999999998,101.2
0022500693,CLE,PHX,119.32000000000001,104.28,97.1,110.02000000000001,107.22,98.7
0022500671,CLE,LAL,116.35999999999999,107.32000000000001,97.4,116.23999999999998,109.31999999999998,98.8
0022500658,CLE,ORL,118.44000000000001,107.67999999999999,98.8,113.24000000000001,121.92,98.3
0022500646,CLE,ORL,115.94000000000001,110.34,99.7,111.0,118.9,97.9
0022500638,CLE,SAC,119.17999999999999,112.04,100.8,113.14000000000001,114.82000000000001,101.8
0022500620,CLE,CHA,123.06000000000002,118.88000000000002,102.5,128.78000000000003,114.06000000000002,96.4
0022500015,CLE,OKC,112.53333333333335,108.39999999999999,104.33333333333333,110.43333333333332,112.56666666666666,97.71333333333332
0022500589,CLE,PHI,122.5,117.52000000000001,103.7,113.04,109.17999999999999,99.04400000000001
0022500572,CLE,PHI,118.2,119.32000000000001,103.4,116.34,107.6,97.11
0022500558,CLE,UTA,120.2,117.7,102.0,109.63999999999999,126.14000000000001,101.58399999999999
0022500542,CLE,MIN,116.66,113.0,102.4,119.46000000000001,111.0,103.8
0022500530,CLE,MIN,114.32000000000001,106.74000000000001,103.0,120.66000000000001,107.16000000000001,103.6
0022500510,CLE,IND,112.08,108.52000000000001,101.5,112.2,122.28,104.6
0022500478,CLE,DEN,120.38,112.55999999999999,103.4,123.14000000000001,123.13999999999999,100.7
0022500465,CLE,PHX,118.94000000000001,116.66,103.8,121.9,111.12,98.9
0022500456,CLE,SAS,118.56000000000002,121.7,103.7,122.32000000000001,107.6,100.7
0022500438,CLE,HOU,117.5,118.66,103.3,117.94000000000001,123.64000000000001,94.89
0022500009,CLE,NYK,108.6,101.44999999999999,105.0,113.3,105.7,105.0
0022500412,CLE,NOP,116.38000000000002,119.12,102.6,115.66,114.88,103.56199999999998
0022500402,CLE,CHA,110.48000000000002,116.88,102.8,107.44000000000001,111.32000000000001,100.7
0022500384,CLE,CHI,114.4,115.5,101.2,106.52000000000001,116.9,101.9
0022500367,CLE,CHI,117.38,116.14000000000001,99.1,102.97999999999999,117.17999999999999,100.3
0022501218,CLE,CHA,121.78,118.28,102.9,116.78,117.38000000000002,95.9
0022500069,CLE,ATL,115.42,116.24000000000001,103.1,110.05,112.925,101.875
0022500255,CLE,HOU,115.74000000000001,111.66,102.95,119.96,108.2,99.81
0022500241,CLE,MIL,117.47999999999999,114.34,103.25,106.51999999999998,121.1,98.5
0022500228,CLE,MEM,122.04,118.74000000000001,103.05,104.02000000000001,120.94000000000001,101.9
0022500225,CLE,TOR,120.6,113.14000000000001,105.05,122.0,117.17999999999999,99.2
0022500217,CLE,MIA,118.4,117.97999999999999,102.55,115.72,118.26000000000002,106.15
0022500201,CLE,MIA,116.9,115.58,102.5,111.78000000000002,115.02000000000001,105.5
0022500186,CLE,CHI,116.75999999999999,115.74000000000001,102.9,115.52000000000001,111.25999999999999,103.0
0022500029,CLE,WAS,107.58,113.32000000000001,103.6,,,
0022500171,CLE,PHI,114.62,116.78,103.4,123.84,115.46,101.296
0022500128,CLE,BOS,122.16,113.58,104.4,117.46,113.38,97.5
0022500007,CLE,DET,105.7,113.3,105.0,,,
0022500107,CLE,MIL,119.85999999999999,114.5,103.4,119.33999999999999,114.32000000000001,101.216
0022500091,CLE,BKN,114.34,116.08,103.9,109.32000000000001,118.35999999999999,98.6
0022500003,CLE,NYK,,,,,,
0022501190,NYK,CHA,120.6,110.9,93.0,120.67999999999999,116.0,95.8
0022501176,NYK,TOR,118.02000000000001,114.6,92.9,120.14000000000001,110.6,98.7
0022501123,NYK,CHI,120.78,123.38,92.3,113.16,127.4,108.1
0022501003,NYK,MEM,123.75999999999999,113.74000000000001,96.9,115.82000000000001,130.2,99.8
0022501102,NYK,HOU,118.84,116.82000000000001,94.1,120.56000000000002,113.33999999999999,99.47200000000001
0022501089,NYK,OKC,124.7,118.0,94.5,121.66,106.55999999999999,101.2
0022501063,NYK,CHA,129.9,115.01999999999998,96.0,125.85999999999999,105.88000000000002,99.2
0022501048,NYK,NOP,127.28,113.05999999999999,96.1,115.84,109.6,98.2
0022501034,NYK,WAS,119.32000000000001,109.42,95.4,107.04,122.44000000000001,100.6
0022501016,NYK,BKN,127.75999999999999,114.1,95.6,97.17999999999999,117.55999999999999,99.5
0022500994,NYK,IND,115.22,113.5,97.2,109.6,121.55999999999999,99.3
0022500981,NYK,GSW,119.93999999999998,110.84,98.7,113.08,118.02000000000001,96.52799999999999
0022500962,NYK,IND,119.3,112.67999999999999,99.1,108.74000000000001,122.7,101.9
0022500949,NYK,UTA,115.3,109.25999999999999,98.3,116.94000000000001,117.97999999999999,97.2
0022500935,NYK,LAC,114.97999999999999,102.28,97.9,123.85999999999999,113.6,99.1
0022500922,NYK,LAL,120.84,99.4,98.2,121.7,108.44000000000001,100.1
0022500911,NYK,DEN,112.72,101.5,97.1,113.44000000000001,111.46,99.73
0022500893,NYK,OKC,113.54,101.12,97.0,110.35999999999999,104.98000000000002,102.03
0022500887,NYK,TOR,112.66000000000001,102.97999999999999,97.3,116.02000000000001,109.34,100.2
0022500868,NYK,SAS,111.82000000000001,109.96,97.6,120.12,104.58,102.0
0022500860,NYK,MIL,112.96,107.43999999999998,98.4,119.92,114.92,98.3
0022500835,NYK,CLE,116.88,108.78,99.868,121.96,110.82000000000001,98.7
0022500825,NYK,CHI,119.8,107.3,98.868,106.66,120.08000000000001,103.4
0022500816,NYK,HOU,113.9,110.6,98.568,110.22,109.05999999999999,94.5
0022500796,NYK,DET,115.84,108.52000000000001,96.84,121.34,108.05999999999999,96.5
0022500780,NYK,PHI,115.17999999999999,111.24000000000001,96.44,119.5,115.78,97.5
0022500771,NYK,IND,115.34,108.7,94.572,111.66000000000001,118.32000000000001,101.5
0022500757,NYK,BOS,116.6,109.16,95.97200000000001,119.55999999999999,100.74,91.0
0022500729,NOP,MIL,106.42,108.67999999999999,97.8,110.78,115.52000000000001,99.4
0022500712,NOP,CHA,111.96,111.83999999999999,99.5,121.6,108.62000000000003,97.9
0022500699,NOP,PHI,109.55999999999999,109.25999999999999,99.8,118.54,120.62,96.728
0022500691,NOP,MEM,109.2,111.88,99.6,112.08,116.55999999999999,101.8
0022500667,NOP,OKC,114.16,116.44000000000001,99.7,114.97999999999999,107.82000000000001,99.0
0022500654,NOP,SAS,116.17999999999999,119.5,100.2,120.72,111.44000000000001,99.4
0022500514,NOP,LAL,112.94000000000001,125.2,101.5,116.22,119.42,100.5
0022500482,NOP,POR,113.3,124.8,103.0,108.22,116.7,100.4
0022500434,NOP,PHX,113.38,113.32000000000001,104.862,116.12,108.78,98.7
0022500429,NOP,PHX,117.3,116.7,105.362,113.78000000000002,111.44000000000001,97.8
0022500412,NOP,CLE,115.66,114.88,103.56199999999998,116.38000000000002,119.12,102.6
0022500404,NOP,DAL,114.72,116.28,104.16199999999999,115.54,114.96,99.306
0022500389,NOP,IND,116.82000000000001,122.88,102.55799999999999,118.08,118.68000000000002,99.9
0022500375,NOP,HOU,116.63999999999999,126.04,102.796,119.44000000000001,109.38000000000002,100.5
0022501223,NOP,CHI,118.44000000000001,118.28,109.4,113.36000000000001,113.7,107.2
0022501207,NOP,POR,115.25999999999999,119.5,107.5,117.56000000000002,112.3,98.01
0022500366,NOP,SAS,112.16,122.22,100.596,114.74000000000001,119.24000000000001,100.0
0022500350,NOP,BKN,117.78,121.1,103.096,110.62,114.55999999999999,97.4
0022500298,NOP,GSW,110.47999999999999,119.3,103.8,113.0,109.12,105.0
0022500065,NOP,MEM,110.93333333333334,117.73333333333333,103.0,116.15,111.7,99.0
0022500289,NOP,CHI,108.88,121.92,100.9,115.52000000000001,116.84,105.372
0022500270,NOP,ATL,108.67999999999999,122.88,101.1,120.25999999999999,114.78,104.4
0022500052,NOP,DAL,112.15,120.94999999999999,101.5,102.9,111.9,103.106
0022500260,NOP,DEN,110.62,124.72,99.6,122.74000000000001,112.17999999999999,101.0
0022500247,NOP,OKC,109.02000000000001,119.52000000000001,99.5,116.22,100.46000000000001,101.5
0022500237,NOP,GSW,111.62,117.84,98.9,111.9,108.22,102.8
0022500045,NOP,LAL,125.3,127.3,99.0,117.35,120.575,95.75
0022500219,NOP,POR,107.97999999999999,119.48000000000002,99.8,115.94000000000001,117.85999999999999,106.2
0022500204,NOP,PHX,105.94000000000001,119.92,99.7,117.78,112.67999999999999,98.6
0022500188,NOP,SAS,101.28,120.4,98.6,116.12,113.04,99.4
0022500177,NOP,DAL,103.17999999999999,122.82000000000001,97.9,106.62,109.4,103.4
0022500168,NOP,CHA,102.8,123.9,99.5,115.42,118.0,102.7
0022500148,NOP,OKC,105.28,120.4,99.334,114.54,103.85999999999999,100.4
0022500027,NOP,LAC,,,,,,
0022500134,NOP,DEN,109.02000000000001,118.02000000000001,100.834,124.84,115.28,99.0
0022500117,NOP,BOS,109.67999999999999,115.25999999999999,102.734,114.0,119.08,98.4
0022500095,NOP,SAS,112.64000000000001,118.3,103.33399999999999,120.18000000000002,112.91999999999999,99.4
0022501178,MIN,HOU,110.81999999999998,115.52000000000001,101.6,124.12,111.0,98.0
0022501159,MIN,ORL,110.9,107.64000000000001,102.1,111.05999999999999,109.12,106.4
0022501152,MIN,IND,104.64000000000001,109.67999999999999,101.1,118.84,118.56000000000002,102.1
0022501137,MIN,CHA,102.94000000000001,104.78,101.072,122.42,112.08000000000001,95.4
0022501121,MIN,PHI,103.14000000000001,100.66,100.672,124.18000000000002,120.62,103.0
0022501115,MIN,DET,103.17999999999999,100.32000000000001,99.97200000000001,117.32000000000001,106.9,99.24199999999999
0022501095,MIN,DAL,106.06000000000002,102.42,101.172,116.2,120.25999999999999,102.55999999999999
0022501080,MIN,DET,112.16,100.78,101.372,118.47999999999999,106.55999999999999,99.824
0022501058,MIN,HOU,112.4,103.97999999999999,101.8,116.72,115.85999999999999,98.5
0022501035,MIN,BOS,117.14000000000001,108.92,101.9,118.7,109.76000000000002,96.1
0022501020,MIN,POR,121.44000000000001,117.02000000000001,102.4,112.28000000000002,106.33999999999999,101.5
0022501004,MIN,UTA,116.8,121.92,99.6,110.75999999999999,120.05999999999999,100.9
0022500996,MIN,PHX,111.16,124.42,100.2,123.42,118.72,95.2
0022500976,MIN,OKC,113.82000000000001,123.52000000000001,99.7,114.17999999999999,109.26000000000002,97.5
0022500966,MIN,GSW,110.96,121.51999999999998,100.4,111.17999999999999,116.64000000000001,95.428
0022500952,MIN,LAC,109.25999999999999,113.2,100.0,121.96,113.55999999999999,99.1
0022500946,MIN,LAL,106.76000000000002,106.46,100.0,117.78,107.2,100.3
0022500903,MIN,TOR,111.04,111.5,100.7,115.48000000000002,113.72,97.9
0022500890,MIN,MEM,111.78,111.28,101.0,116.64000000000001,118.4,102.0
0022500804,MEM,UTA,115.3,121.62,101.8,112.67999999999999,110.74000000000001,105.0
0022500787,MEM,DEN,119.53999999999999,122.58000000000001,101.9,119.85999999999999,121.18000000000002,98.272
0022500768,MEM,GSW,119.74000000000001,125.94000000000001,101.9,111.62,114.84,99.4
0022500755,MEM,POR,118.62,124.84,101.4,112.96,121.31999999999998,102.3
0022500694,UTA,BKN,112.0,125.04,103.6,101.16,122.02000000000001,92.606
0022500678,UTA,GSW,110.82000000000001,123.47999999999999,102.2,107.6,108.28,106.0
0022500670,UTA,LAC,112.42,126.58000000000001,103.6,114.84,109.16,99.138
0022500649,UTA,MIA,113.7,126.04,103.5,114.28,120.74000000000001,102.7
0022500616,UTA,MIN,115.6,124.48000000000002,103.8,120.05999999999999,117.84,100.4
0022500593,UTA,DAL,111.66,124.88,104.0,114.92,114.96000000000001,102.0
0022500583,UTA,DAL,110.84,120.8,103.184,108.78000000000002,112.0,100.2
0022500573,UTA,CHI,109.54,122.58,102.984,109.96,115.08,98.8
0022500547,UTA,CHA,111.64000000000001,120.52000000000001,100.88399999999999,116.85999999999999,109.74000000000001,96.5
0022500531,UTA,DAL,112.46,123.7,100.684,106.38,110.2,102.5
0022500475,UTA,LAC,119.01999999999998,124.24000000000001,103.7,128.7,106.2,92.1
0022501224,UTA,DAL,112.02000000000001,117.84,112.6,115.92,117.88,103.0
0022500343,UTA,NYK,111.92,117.12,103.5,123.0,117.47999999999999,94.9
0022500335,UTA,BKN,110.85999999999999,121.28,104.9,111.82000000000001,114.78,96.4
0022500301,UTA,HOU,113.04,120.4,105.372,123.0,108.24000000000001,96.51
0022500291,UTA,GSW,120.47999999999999,120.22,104.672,107.72,112.0,104.1
0022500253,UTA,LAL,118.9,118.98000000000002,103.372,112.08000000000001,114.42,98.8
0022500036,UTA,MIN,95.0,115.7,101.5,115.93333333333334,126.73333333333333,100.79
0022500150,UTA,CHA,121.4,115.7,101.95,113.96,121.64000000000001,103.2
0022500025,UTA,PHX,,,,,,
0022501191,MIL,PHI,117.17999999999999,123.12,95.4,103.38,108.92,99.9
0022501160,MIL,DET,113.93999999999998,121.68000000000002,96.5,114.28000000000002,109.33999999999999,98.91799999999999
0022501135,MIL,MEM,107.82000000000001,130.68,97.1,107.04,121.75999999999999,102.3
0022501126,MIL,BOS,105.66000000000001,128.98,97.9,124.46,115.55999999999999,95.1
0022501110,MIL,HOU,104.84,126.73999999999998,97.5,119.9,108.78,98.172
0022500652,MIL,DAL,105.38,120.67999999999999,97.5,119.64000000000001,113.88,104.1
0022500979,MIL,IND,105.26000000000002,119.0,99.4,106.92,118.74000000000001,100.5
0022500957,MIL,MIA,106.16000000000001,123.62,96.4,125.04,109.32000000000001,103.8
0022500941,MIL,PHX,101.6,120.67999999999999,97.5,117.67999999999999,112.28000000000002,95.3
0022500919,MIL,UTA,104.67999999999999,123.94000000000001,97.1,116.82000000000001,119.08,98.5
0022500897,MIL,ATL,105.76000000000002,119.28000000000002,98.7,114.52000000000001,102.54,103.2
0022500880,MIL,BOS,107.54,120.96000000000001,99.7,121.05999999999999,104.92,91.7
0022500640,MIL,DEN,106.9,120.67999999999999,97.2,113.6,115.72,94.7
0022500625,MIL,OKC,109.64000000000001,120.25999999999999,97.0,118.75999999999999,108.22,99.6
0022500014,MIL,ATL,,,,,,
0022500582,MIL,SAS,112.47999999999999,116.21999999999998,96.9,103.47999999999999,103.5,99.5
0022500566,MIL,MIN,116.63999999999999,114.16,95.9,120.84,111.24000000000001,104.6
0022500554,MIL,DEN,117.8,114.2,96.7,113.84,121.2,94.46600000000001
0022500541,MIL,LAL,121.12,117.23999999999998,96.7,109.26000000000002,113.64000000000001,101.3
0022500526,MIL,GSW,120.67999999999999,113.52000000000001,96.9,115.14000000000001,117.02000000000001,99.2
0022500500,MIL,SAC,117.82000000000001,118.52000000000001,97.4,103.2,123.2,99.4
0022500481,MIL,CHA,115.08,112.56000000000002,97.8,127.0,123.66000000000001,97.6
0022500469,MIL,WAS,112.46,110.1,97.9,114.0,118.14000000000001,101.1
0022500447,MIL,CHA,108.2,108.67999999999999,98.5,119.6,117.20000000000002,100.6
0022500437,MIL,CHI,108.2,113.22,98.4,122.66,115.92,105.5
0022500331,MIL,DET,114.55999999999999,118.67999999999999,98.352,117.96,112.47999999999999,102.8
0022500311,MIL,WAS,110.6,116.74000000000001,98.252,112.66,124.47999999999999,101.12
0022500297,MIL,BKN,105.12,119.97999999999999,99.152,114.3,119.05999999999999,95.6
0022500074,MIL,NYK,116.375,108.775,102.395,120.36000000000001,115.91999999999999,99.3
0022500241,MIL,CLE,106.51999999999998,121.1,98.5,117.47999999999999,114.34,103.25
0022500231,MIL,LAL,110.04,118.67999999999999,99.6,111.9,118.0,99.4
0022500043,MIL,CHA,113.80000000000001,105.8,104.25,103.8,117.8,105.5
0022500203,MIL,DAL,116.18000000000002,121.58,100.7,103.5,105.91999999999999,102.4
0022500191,MIL,HOU,117.4,119.03999999999999,100.8,128.68,108.78,99.7
0022500035,MIL,CHI,108.7,107.8,102.5,136.4,127.6,98.5
0022500165,MIL,TOR,119.54,116.35999999999999,101.3,114.7,122.34,102.1
0022500157,MIL,IND,120.28000000000002,116.34,101.5,107.96,106.67999999999999,102.1
0022500142,MIL,SAC,118.28,111.47999999999999,103.1,109.44000000000001,114.46,101.7
0022500125,MIL,NYK,114.3,113.32000000000001,101.8,124.98000000000002,119.32000000000001,99.2
0022500107,MIL,CLE,119.33999999999999,114.32000000000001,101.216,119.85999999999999,114.5,103.4
0022500092,MIL,TOR,119.66,112.97999999999999,101.51599999999999,114.72,100.67999999999999,103.508
0022500086,MIL,WAS,116.54,112.12,100.616,107.42499999999998,125.75,103.135
0022501061,MIL,POR,114.56000000000002,126.54,96.1,117.3,107.75999999999999,101.4
0022501046,MIL,LAC,114.36000000000001,124.1,96.9,113.78,120.12,97.71
0022501014,MIL,UTA,115.52000000000001,123.44000000000001,98.7,111.12,123.72,103.1
0022500970,MIL,ATL,108.96000000000001,121.58,98.7,123.4,107.25999999999999,100.8
0022500926,MIL,ORL,102.64000000000001,119.25999999999999,98.0,113.5,108.34,98.9
0022500860,MIL,NYK,119.92,114.92,98.3,112.96,107.43999999999998,98.4
0022500819,MIL,TOR,118.62,110.85999999999999,96.2,115.3,110.66,100.1
0022500807,MIL,NOP,118.22,114.47999999999999,94.50999999999999,116.24000000000001,114.22,98.222
0022500789,MIL,OKC,120.76000000000002,117.02000000000001,96.10999999999999,121.14000000000001,109.38,98.6
0022500764,MIL,ORL,113.2,116.4,95.41,109.85999999999999,112.44000000000001,102.6
0022500722,MIL,CHI,105.63999999999999,114.24000000000001,98.3,109.74000000000001,118.72,102.2
0022500702,MIL,BOS,108.52000000000001,114.52000000000001,100.4,115.56000000000002,111.64000000000001,93.506
0022500666,MIL,PHI,106.08,115.62,100.5,108.92,114.74000000000001,99.728
0022500428,MIL,MEM,108.0,111.42,98.2,113.93999999999998,110.9,105.0
0022501206,MIL,BOS,115.6,119.06000000000002,97.6,121.32000000000001,111.55999999999999,97.4
0022500353,MIL,DET,113.9,115.52000000000001,98.2,115.25999999999999,113.38,102.1
0022500348,MIL,PHI,116.7,118.38000000000002,98.2,109.94000000000001,106.67999999999999,102.138
0022500288,MIL,POR,105.82000000000001,120.35999999999999,98.05199999999999,112.74000000000001,121.66,101.186
0022500272,MIL,DET,104.92,116.22,98.952,117.82000000000001,110.55999999999999,102.72
0022500213,MIL,CHA,115.4,122.33999999999999,100.7,114.08,118.88000000000002,98.5
0022500681,MIL,WAS,109.72,116.97999999999999,99.8,108.67999999999999,113.47999999999999,100.5
0022500413,MIL,IND,108.64000000000001,114.92,97.9,110.03999999999999,109.12,101.1
0022501219,MIL,BKN,113.82000000000001,117.55999999999999,96.5,103.17999999999999,119.14000000000001,99.2
0022500062,MIL,MIA,120.83333333333333,110.39999999999999,102.86,126.53333333333335,112.80000000000001,105.5
0022500266,MIL,PHI,107.71999999999998,118.85999999999999,98.6,115.04,114.43999999999998,97.7
0022500139,MIL,GSW,118.64000000000001,115.42,101.0,114.75999999999999,113.05999999999999,99.5
0022501168,NYK,BOS,115.7,116.4,93.0,127.47999999999999,113.67999999999999,95.8
0022501143,NYK,ATL,118.98000000000002,119.97999999999999,92.3,121.81999999999998,107.47999999999999,99.5
0022500726,NYK,DEN,120.85999999999999,97.42,98.0,119.42,119.32000000000001,95.0
0022500718,NYK,WAS,117.58,99.9,97.3,110.67999999999999,114.34,102.2
0022500708,NYK,LAL,119.3,92.6,97.3,116.31999999999998,115.35999999999999,101.0
0022500690,NYK,POR,115.42,96.0,95.8,107.94000000000001,107.47999999999999,101.5
0022500675,NYK,TOR,115.9,104.4,94.5,114.92,109.72,99.3
0022500665,NYK,SAC,114.42,108.9,95.3,112.72,124.97999999999999,101.1
0022500643,NYK,PHI,116.16,109.21999999999998,95.8,112.44000000000001,115.85999999999999,100.128
0022500622,NYK,BKN,113.12,119.1,95.9,115.74000000000001,124.52000000000001,94.9
0022500016,NYK,DAL,117.8,113.05000000000001,104.0,99.75,121.95,103.5
0022500596,NYK,PHX,117.78,120.44000000000001,96.0,113.96000000000001,106.7,99.8
0022500584,NYK,GSW,112.88,119.66000000000001,95.9,119.8,110.75999999999999,98.1
0022500576,NYK,SAC,116.02000000000001,122.04,96.6,113.03999999999999,118.5,95.0
0022500551,NYK,POR,110.46,120.58,97.4,120.88,111.93999999999998,97.1
0022500538,NYK,PHX,113.84,123.04,98.9,113.14000000000001,107.97999999999999,99.2
0022500522,NYK,LAC,113.4,123.66,100.5,121.72,113.83999999999999,95.0
0022500502,NYK,DET,119.12,121.92,102.4,114.52000000000001,113.05999999999999,101.9
0022500487,NYK,PHI,116.17999999999999,119.26000000000002,102.3,112.66,115.66,100.186
0022500479,NYK,ATL,123.27999999999997,122.42,101.8,116.58,116.97999999999999,105.9
0022500467,NYK,SAS,119.66,120.3,100.6,116.97999999999999,109.91999999999999,102.3
0022500454,NYK,NOP,116.72,118.14000000000001,100.4,111.8,114.46,105.1
0022500435,NYK,ATL,113.94000000000001,114.7,99.0,113.7,123.32000000000001,107.3
0022500009,NYK,CLE,113.3,105.7,105.0,108.6,101.44999999999999,105.0
0022500398,NYK,MIA,121.05999999999999,111.96,97.5,108.1,114.22,100.8
0022500382,NYK,PHI,124.54,115.17999999999999,96.4,110.1,104.82000000000001,100.986
0022500372,NYK,IND,125.41999999999999,111.96,95.9,116.5,116.08000000000001,99.7
0022501229,NYK,ORL,117.6,111.32000000000001,92.9,117.05999999999999,106.12,103.9
0022501202,NYK,TOR,119.9,109.04,94.1,119.21999999999998,110.88,97.3
0022500357,NYK,ORL,127.38,112.62,95.4,118.5,117.14000000000001,102.4
0022500343,NYK,UTA,123.0,117.47999999999999,94.9,111.92,117.12,103.5
0022500039,NYK,MIA,113.7,114.44000000000001,101.0,117.8,103.8,105.5
0022500215,NYK,ORL,129.32,108.78,101.1,117.14000000000001,110.82000000000001,99.6
0022500208,NYK,MEM,128.02,112.1,98.4,105.75999999999999,115.16,101.0
0022500192,NYK,BKN,120.38,113.58,100.2,112.22,125.12,97.8
0022500175,NYK,MIN,117.24000000000001,113.25999999999999,99.6,118.0,111.1,100.3
0022500159,NYK,WAS,120.22,114.08000000000001,98.7,105.08,118.62,105.396
0022500153,NYK,CHI,122.34,116.97999999999999,98.9,113.96,108.08000000000001,104.9
0022500023,NYK,CHI,110.225,108.95,101.625,,,
0022500125,NYK,MIL,124.98000000000002,119.32000000000001,99.2,114.3,113.32000000000001,101.8
0022500108,NYK,MIA,126.97999999999999,117.64000000000001,97.0,120.78,110.22,107.2
0022500018,NYK,BOS,109.33333333333333,111.56666666666666,104.33333333333333,110.8,111.8,93.0
0022500003,NYK,CLE,,,,,,
0022501200,POR,SAC,117.7,112.71999999999998,96.61,116.82000000000001,119.63999999999999,99.1
0022501183,POR,LAC,117.16000000000001,109.38,98.21000000000001,114.02000000000001,115.32000000000001,99.5
0022501161,POR,SAS,115.04,106.43999999999998,98.81,122.55999999999999,111.2,99.362
0022501147,POR,DEN,116.16000000000001,100.19999999999999,99.7,127.17999999999999,116.74000000000001,101.662
0022501118,POR,NOP,117.84,97.11999999999998,101.2,110.12,125.05999999999999,98.1
0022501104,POR,LAC,115.02000000000001,99.6,103.2,125.88,109.3,97.71
0022501087,POR,WAS,112.74000000000001,103.32000000000001,102.6,112.42,123.8,102.8
0022501074,POR,DAL,120.52000000000001,108.35999999999999,101.5,117.32000000000001,126.03999999999999,103.55999999999999
0022501061,POR,MIL,117.3,107.75999999999999,101.4,114.56000000000002,126.54,96.1
0022501045,POR,BKN,112.26000000000002,110.17999999999999,100.7,100.47999999999999,112.88,99.2
0022501032,POR,DEN,113.48000000000002,106.33999999999999,101.7,123.08,108.61999999999998,101.324
0022501020,POR,MIN,112.28000000000002,106.33999999999999,101.5,121.44000000000001,117.02000000000001,102.4
0022501001,POR,IND,112.3,103.81999999999998,102.2,110.75999999999999,124.21999999999998,98.1
0022500985,POR,BKN,108.85999999999999,106.23999999999998,102.3,108.04,115.9,98.1
0022500980,POR,PHI,112.78,108.28,101.7,113.47999999999999,118.88,100.3
0022500967,POR,UTA,108.84,112.5,101.4,115.58,120.5,96.6
0022500944,POR,CHA,107.81999999999998,114.17999999999999,100.9,119.32000000000001,107.70000000000002,94.7
0022500929,POR,IND,105.17999999999999,113.96,101.4,108.32000000000001,127.8,102.1
0022500826,POR,PHX,113.85999999999999,121.3,106.1,107.44000000000001,117.94000000000001,96.442
0022500810,POR,DEN,121.42,114.87999999999997,104.7,119.88000000000002,116.88,99.372
0022500783,POR,MIN,122.98000000000002,120.09999999999998,101.8,119.35999999999999,121.67999999999999,101.1
0022500770,POR,PHI,115.9,122.35999999999999,101.4,120.67999999999999,112.1,97.3
0022500690,POR,NYK,107.94000000000001,107.47999999999999,101.5,115.42,96.0,95.8
0022500664,POR,WAS,113.6,109.17999999999999,100.1,109.72,117.84,99.5
0022500634,POR,MIA,113.88,112.11999999999998,101.5,117.78,119.58,102.6
0022500606,POR,SAC,113.6,112.2,100.6,121.53999999999999,117.97999999999999,95.4
0022500551,POR,NYK,120.88,111.93999999999998,97.1,110.46,120.58,97.4
0022500540,POR,HOU,115.75999999999999,113.7,99.0,115.46,109.32000000000001,95.9
0022500527,POR,HOU,118.58,115.67999999999999,100.6,117.85999999999999,108.7,96.2
0022500509,POR,UTA,113.6,113.7,100.9,118.3,122.1,100.2
0022500490,POR,SAS,112.54,117.91999999999999,99.4,118.84,117.13999999999999,101.8
0022500482,POR,NOP,108.22,116.7,100.4,113.3,124.8,103.0
0022500470,POR,OKC,111.72,115.97999999999999,98.4,117.82000000000001,113.17999999999999,102.5
0022500457,POR,DAL,107.44000000000001,111.7,97.2,111.52000000000001,114.02000000000001,102.70599999999999
0022500444,POR,BOS,108.6,113.85999999999999,97.44,123.82000000000001,110.6,97.7
0022500431,POR,LAC,104.47999999999999,110.3,100.14,112.51999999999998,112.0,95.7
0022500420,POR,ORL,106.28000000000002,112.47999999999999,100.34,107.25999999999999,114.96,99.524
0022500408,POR,DET,109.17999999999999,111.16,101.44,114.5,106.64000000000001,100.006
0022500394,POR,SAC,111.88,115.7,102.54,109.25999999999999,115.44000000000001,101.34
0022500380,POR,SAC,109.88,115.13999999999999,103.4,107.2,112.5,100.524
0022501221,POR,GSW,116.62,117.11999999999998,99.61,115.38,121.16000000000001,97.3
0022501207,POR,NOP,117.56000000000002,112.3,98.01,115.25999999999999,119.5,107.5
0022500360,POR,MEM,114.84,113.05999999999999,102.3,113.58,112.86000000000001,98.0
0022500342,POR,DET,110.97999999999999,113.81999999999998,101.8,116.92,113.13999999999999,102.1
0022500324,POR,CLE,109.22,115.47999999999999,102.8,116.78,115.35999999999999,98.1
0022500319,POR,TOR,107.47999999999999,115.96,103.2,112.67999999999999,112.94000000000001,96.50399999999999
0022500305,POR,OKC,109.93999999999998,117.82000000000001,101.886,118.52000000000001,98.46000000000001,99.8
0022500067,POR,SAS,116.86666666666667,123.19999999999999,100.16666666666667,119.225,104.675,98.75
0022500288,POR,MIL,112.74000000000001,121.66,101.186,105.82000000000001,120.35999999999999,98.05199999999999
0022500280,POR,OKC,116.01999999999998,119.73999999999998,101.486,118.32000000000001,98.88,100.7
0022500056,POR,GSW,113.05,123.9,99.5,117.32000000000001,116.7,99.49
0022500263,POR,CHI,116.8,120.8,102.686,115.62,119.93999999999998,104.272
0022500254,POR,PHX,118.24000000000001,118.64000000000001,103.28600000000002,124.02000000000001,109.17999999999999,98.7
0022500238,POR,DAL,117.25999999999999,118.35999999999999,103.2,105.2,107.66,102.8
0022500042,POR,HOU,110.1,109.2,98.5,116.56666666666668,112.63333333333333,94.83999999999999
0022500219,POR,NOP,115.94000000000001,117.85999999999999,106.2,107.97999999999999,119.48000000000002,99.8
0022500200,POR,ORL,116.1,114.62,107.9,116.88,115.24000000000001,99.9
0022500187,POR,MIA,113.9,112.67999999999999,105.8,114.36000000000001,113.7,104.4
0022500180,POR,OKC,116.78,112.08,106.3,119.84,103.4,99.8
0022500163,POR,LAL,116.13999999999999,110.2,106.9,118.88,116.14000000000001,102.9
0022500026,POR,DEN,,,,122.06666666666666,119.60000000000001,101.77333333333333
0022500135,POR,UTA,111.62,108.6,105.1,118.8,118.67999999999999,100.65
0022500122,POR,LAL,113.5,112.96,104.0,125.54,114.75999999999999,100.1
0022500112,POR,LAC,115.72,118.54,103.6,117.3,119.13999999999999,97.90599999999999
0022500097,POR,GSW,112.46,118.94000000000001,101.2,114.25999999999999,118.35999999999999,98.5
0022500089,POR,MIN,112.9,120.57499999999999,100.5,115.8,111.52000000000001,101.5
0022501198,LAL,UTA,109.74000000000001,117.52000000000001,96.8,109.56000000000002,121.58000000000001,112.0
0022501185,LAL,PHX,113.22,124.6,98.3,111.62,115.72,99.9
0022501170,LAL,GSW,110.88,122.4,100.1,111.96000000000001,120.67999999999999,96.8
0022501155,LAL,OKC,116.62,116.78,100.5,125.34,102.97999999999999,100.61800000000001
0022501140,LAL,DAL,117.14000000000001,115.02000000000001,101.4,110.08000000000001,116.02000000000001,104.7
0022501116,LAL,OKC,121.66,112.05999999999999,99.7,118.12,109.12,97.81800000000001
0022501103,LAL,CLE,117.84,110.42,99.3,124.2,120.22,99.7
0022501098,LAL,WAS,120.08,114.67999999999999,99.8,110.3,124.04,103.6
0022501075,LAL,BKN,122.24000000000001,118.83999999999999,99.3,101.2,115.44000000000001,101.2
0022501038,LAL,DET,118.5,113.01999999999998,97.324,119.94000000000001,109.22,99.4
0022501024,LAL,ORL,123.98000000000002,116.6,98.824,112.08,117.96,102.42999999999999
0022501010,LAL,MIA,123.48000000000002,114.22,97.224,114.35999999999999,113.86000000000001,105.7
0022501007,LAL,HOU,120.32000000000001,109.85999999999999,97.524,108.88,119.22,96.5
0022500989,LAL,HOU,123.92,112.58,99.524,110.08,117.32000000000001,98.1
0022500974,LAL,DEN,123.92,114.3,99.2,121.78,119.85999999999999,101.1
0022500960,LAL,CHI,117.7,108.67999999999999,99.2,108.42,107.17999999999999,103.506
0022500946,LAL,MIN,117.78,107.2,100.3,106.76000000000002,106.46,100.0
0022500922,LAL,NYK,121.7,108.44000000000001,100.1,120.84,99.4,98.2
0022500906,LAL,DEN,119.71999999999998,108.82000000000001,97.8,111.28,112.32000000000001,101.33000000000001
0022500891,LAL,NOP,116.9,112.32000000000001,96.4,116.82000000000001,113.14000000000001,102.7
0022500878,LAL,SAC,117.08,116.62,95.8,109.67999999999999,122.75999999999999,103.1
0022500866,LAL,GSW,115.28,116.38,96.5,116.62,116.24000000000001,101.7
0022500855,LAL,PHX,111.1,116.92,99.8,98.58,116.82000000000001,91.942
0022500840,LAL,ORL,111.08,118.52000000000001,100.0,116.94000000000001,107.05999999999999,95.542
0022500823,LAL,BOS,114.17999999999999,115.82000000000001,100.2,115.58000000000001,109.08,94.4
0022500809,LAL,LAC,111.54,113.26000000000002,101.3,111.28,108.1,97.5
0022500769,LAL,OKC,117.34,109.14000000000001,100.3,115.55999999999999,111.47999999999999,99.3
0022500740,LAL,PHI,118.78,116.34,99.8,129.3,116.54,95.2
0022500719,LAL,BKN,116.8,116.33999999999999,100.0,103.0,119.88,94.4
0022500708,LAL,NYK,116.31999999999998,115.35999999999999,101.0,119.3,92.6,97.3
0022500688,LAL,WAS,113.74000000000001,116.74000000000001,98.9,107.47999999999999,108.94000000000001,100.6
0022500671,LAL,CLE,116.23999999999998,109.31999999999998,98.8,116.35999999999999,107.32000000000001,97.4
0022500661,LAL,CHI,113.9,112.35999999999999,98.6,123.16,112.62,98.1
0022500648,LAL,DAL,115.23999999999998,118.76000000000002,97.5,122.02000000000001,113.46,102.5
0022500633,LAL,LAC,121.85999999999999,118.64000000000001,98.2,116.74000000000001,115.52000000000001,97.23800000000001
0022500617,LAL,DEN,120.97999999999999,121.96000000000001,98.4,116.63999999999999,115.92,95.4
0022500607,LAL,TOR,119.32000000000001,125.36000000000001,97.9,114.58,116.6,95.282
0022500586,LAL,CHA,112.52000000000001,113.4,98.4,122.42,108.1,96.3
0022500569,LAL,ATL,109.36000000000001,113.67999999999999,97.7,110.08,106.52000000000001,103.2
0022500562,LAL,SAC,109.94000000000001,110.88,99.7,107.2,119.72,96.5
0022500541,LAL,MIL,109.26000000000002,113.64000000000001,101.3,121.12,117.23999999999998,96.7
0022500523,LAL,SAS,115.92,112.24000000000001,101.4,110.66,112.24000000000001,103.6
0022500514,LAL,NOP,116.22,119.42,100.5,112.94000000000001,125.2,101.5
0022500501,LAL,MEM,110.88,118.32000000000001,99.4,118.51999999999998,115.44000000000001,104.386
0022500485,LAL,MEM,114.47999999999999,121.5,98.9,115.1,113.94000000000001,104.28599999999999
0022500460,LAL,DET,116.52000000000001,117.97999999999999,98.3,117.08,111.78,100.1
0022500446,LAL,SAC,113.66000000000001,124.5,97.2,113.46,115.12,99.86800000000001
0022500012,LAL,HOU,106.9,119.0,101.0,107.8,112.6,93.52
0022500418,LAL,PHX,117.62,122.25999999999999,96.8,110.5,110.32000000000001,99.0
0022501228,LAL,PHX,113.62,110.0,97.7,106.12,116.54,97.0
0022501204,LAL,SAS,115.82000000000001,110.9,97.3,121.42,116.04,99.362
0022500362,LAL,PHI,117.52000000000001,121.58,98.5,110.36000000000001,106.16,102.386
0022500338,LAL,BOS,122.04,118.84,100.6,134.54000000000002,121.52000000000001,95.4
0022500336,LAL,TOR,120.12,112.5,101.5,111.7,112.78000000000002,97.50399999999999
0022500317,LAL,PHX,116.6,111.72,101.7,114.22,119.01999999999998,98.2
0022500308,LAL,NOP,115.22,110.9,100.8,110.52000000000001,117.12,102.0
0022500078,LAL,DAL,123.25999999999999,117.3,96.4,106.93999999999998,108.6,104.20599999999999
0022500282,LAL,UTA,114.64000000000001,115.22,100.0,122.28,122.34,104.572
0022500253,LAL,UTA,112.08000000000001,114.42,98.8,118.9,118.98000000000002,103.372
0022500231,LAL,MIL,111.9,118.0,99.4,110.04,118.67999999999999,99.6
0022500045,LAL,NOP,117.35,120.575,95.75,125.3,127.3,99.0
0022500222,LAL,OKC,118.34,117.13999999999999,100.1,122.94000000000001,105.44000000000001,101.5
0022500198,LAL,CHA,116.54,116.76000000000002,100.9,112.32000000000001,120.06000000000002,101.1
0022500185,LAL,ATL,115.94000000000001,114.88,102.6,113.9,116.62,100.9
0022500179,LAL,SAS,116.08,114.12,104.0,115.55999999999999,111.54,98.5
0022500163,LAL,POR,118.88,116.14000000000001,102.9,116.13999999999999,110.2,106.9
0022500024,LAL,MEM,116.66666666666667,122.26666666666667,95.16666666666667,,,
0022500136,LAL,MIN,121.66000000000001,114.67999999999999,102.0,111.64000000000001,109.62,102.6
0022500122,LAL,POR,125.54,114.75999999999999,100.1,113.5,112.96,104.0
0022500113,LAL,SAC,129.32,115.94000000000001,97.3,109.51999999999998,116.34,100.7
0022500019,LAL,MIN,106.2,124.9,96.0,115.4,121.3,104.435
0022500002,LAL,GSW,,,,,,
0022501180,DAL,SAS,114.86000000000001,117.82000000000001,102.9,119.7,108.84,99.062
0022501164,DAL,PHX,110.6,118.08,104.6,114.5,114.42,100.7
0022501156,DAL,LAC,110.4,114.08,104.2,118.1,114.78,98.7
0022501140,DAL,LAL,110.08000000000001,116.02000000000001,104.7,117.14000000000001,115.02000000000001,101.4
0022501074,DAL,POR,117.32000000000001,126.03999999999999,103.55999999999999,120.52000000000001,108.35999999999999,101.5
0022501059,DAL,DEN,116.85999999999999,122.53999999999999,103.05999999999999,122.2,112.78,99.924
0022501044,DAL,GSW,114.47999999999999,125.78,102.71,109.12,117.17999999999999,99.9
0022501029,DAL,LAC,111.92,124.8,103.5,111.08,116.34,99.0
0022501006,DAL,ATL,107.46,123.24000000000001,102.6,118.94000000000001,105.66,101.4
0022500988,DAL,NOP,106.7,123.34,101.1,122.05999999999999,115.0,100.4
0022500977,DAL,CLE,104.0,123.28000000000002,100.5,122.08000000000001,115.55999999999999,95.7
0022500965,DAL,CLE,101.38000000000001,120.33999999999999,99.8,116.88000000000002,115.8,94.8
0022501111,DAL,MEM,111.6,118.38,102.26,106.22,125.82000000000001,102.4
0022500939,DAL,ATL,96.56,115.28,99.8,122.74000000000001,101.84,103.5
0022500924,DAL,TOR,98.54,115.2,100.3,112.1,117.4,98.3
0022500854,DAL,SAC,113.17999999999999,117.78,103.3,103.1,123.22,102.6
0022500833,DAL,BKN,111.05999999999999,120.52000000000001,105.2,100.34,111.9,100.7
0022500821,DAL,IND,109.01999999999998,121.92,105.0,107.66,113.31999999999998,105.268
0022500806,DAL,MIN,108.92,122.05999999999999,102.9,118.12,113.82000000000001,103.1
0022500791,DAL,LAL,109.73999999999998,119.67999999999999,102.7,111.02000000000001,113.62,101.9
0022500773,DAL,PHX,112.14000000000001,120.5,102.4,114.08,116.58,96.5
0022500749,DAL,SAS,109.42,117.66000000000001,101.5,114.73999999999998,106.75999999999999,101.3
0022500718,WAS,NYK,110.67999999999999,114.34,102.2,117.58,99.9,97.3
0022500707,WAS,SAC,107.2,113.54,101.9,110.22,124.3,95.0
0022500608,WAS,LAC,104.84,119.3,102.1,118.36000000000001,108.54,95.53800000000001
0022500600,WAS,DEN,103.42,121.02000000000001,102.4,115.28,114.4,95.6
0022500592,WAS,SAC,103.3,117.26000000000002,103.2,115.66,115.24000000000001,95.3
0022500577,WAS,LAC,103.55999999999999,119.32000000000001,104.9,115.9,111.17999999999999,95.5
0022500555,WAS,PHX,109.02000000000001,116.8,104.7,115.9,105.94000000000001,96.9
0022500518,WAS,PHI,111.96,114.2,101.6,119.28,118.44000000000001,99.952
0022500511,WAS,ORL,111.02000000000001,113.42,102.1,117.81999999999998,117.47999999999999,100.9
0022500498,WAS,MIN,115.92,109.05999999999999,101.8,116.22,114.62,100.1
0022500477,WAS,BKN,115.52000000000001,116.64000000000001,100.2,112.38,111.4,95.8
0022500469,WAS,MIL,114.0,118.14000000000001,101.1,112.46,110.1,97.9
0022500448,WAS,PHX,118.2,118.1,102.4,117.74000000000001,109.47999999999999,99.8
0022500443,WAS,MEM,115.52000000000001,121.58000000000001,100.6,116.05999999999999,113.22,104.2
0022500425,WAS,TOR,111.7,124.75999999999999,100.2,107.42,110.67999999999999,95.3
0022500409,WAS,CHA,109.16000000000001,128.06,100.9,111.48000000000002,113.26000000000002,102.2
0022500391,WAS,MEM,107.1,128.5,100.7,112.74000000000001,105.28,102.2
0022500370,WAS,SAS,111.16,127.3,101.9,119.2,121.47999999999999,101.7
0022501216,WAS,IND,108.28,124.04,104.7,106.02000000000001,111.16000000000001,103.0
0022501212,WAS,CLE,107.52000000000001,123.47999999999999,103.6,120.42,116.1,101.8
0022500351,WAS,ATL,110.66,126.1,101.1,109.85999999999999,112.46,100.886
0022500334,WAS,BOS,111.9,122.05999999999999,101.2,128.22,121.96,94.8
0022500318,WAS,PHI,114.67999999999999,125.62,100.5,111.82000000000001,114.5,100.638
0022500311,WAS,MIL,112.66,124.47999999999999,101.12,110.6,116.74000000000001,98.252
0022500259,WAS,MIN,109.1,126.48000000000002,100.92,118.2,114.35999999999999,103.1
0022500235,WAS,BKN,107.46000000000001,123.76000000000002,101.61999999999999,108.8,123.97999999999999,98.3
0022500218,WAS,HOU,102.46000000000001,119.84,103.21999999999998,124.32000000000001,109.05999999999999,100.5
0022500199,WAS,DET,100.56,120.92,102.6,119.47999999999999,108.4,100.0
0022500183,WAS,DAL,104.1,124.4,102.196,101.12,106.35999999999999,101.3
0022500029,WAS,CLE,,,,107.58,113.32000000000001,103.6
0022500174,WAS,BOS,103.62,122.13999999999999,104.096,116.9,113.1,96.6
0022500159,WAS,NYK,105.08,118.62,105.396,120.22,114.08000000000001,98.7
0022500145,WAS,ORL,110.1,120.12,105.296,112.82000000000001,119.6,100.8
0022500140,WAS,OKC,105.73999999999998,119.02000000000001,105.096,112.24000000000001,103.7,100.0
0022500123,WAS,PHI,107.46,115.92,105.5,117.42,120.43999999999998,101.3
0022500109,WAS,CHA,107.69999999999997,117.08,104.708,116.9,121.3,102.71600000000001
0022500096,WAS,DAL,108.35999999999999,125.46,103.90799999999999,110.05999999999999,111.98000000000002,102.006
0022500086,WAS,MIL,107.42499999999998,125.75,103.135,116.54,112.12,100.616
0022501198,UTA,LAL,109.56000000000002,121.58000000000001,112.0,109.74000000000001,117.52000000000001,96.8
0022501181,UTA,MEM,107.42,128.8,108.2,111.62,129.34,101.7
0022501139,UTA,OKC,109.7,127.17999999999999,104.3,120.75999999999999,107.16,98.31800000000001
0022501124,UTA,HOU,108.94000000000001,123.64000000000001,106.0,122.2,108.85999999999999,95.172
0022501112,UTA,DEN,110.17999999999999,125.58,106.5,128.32,117.1,100.7
0022501096,UTA,CLE,110.53999999999999,126.35999999999999,106.6,122.81999999999998,119.42,99.8
0022501081,UTA,PHX,115.38,120.03999999999999,105.6,113.88,113.92,96.6
0022501072,UTA,DEN,111.4,121.04,106.4,126.47999999999999,115.44000000000001,101.0
0022501057,UTA,WAS,112.92,119.38,105.0,109.44000000000001,128.78,100.9
0022501043,UTA,TOR,111.32000000000001,116.32000000000001,104.4,120.88,116.84,98.2
0022501030,UTA,PHI,112.44000000000001,119.24000000000001,103.5,107.67999999999999,111.16,103.2
0022501014,UTA,MIL,111.12,123.72,103.1,115.52000000000001,123.44000000000001,98.7
0022501004,UTA,MIN,110.75999999999999,120.05999999999999,100.9,116.8,121.92,99.6
0022500967,UTA,POR,115.58,120.5,96.6,108.84,112.5,101.4
0022500949,UTA,NYK,116.94000000000001,117.97999999999999,97.2,115.3,109.25999999999999,98.3
0022500919,UTA,MIL,116.82000000000001,119.08,98.5,104.67999999999999,123.94000000000001,97.1
0022500900,UTA,WAS,110.12,118.4,101.4,107.28,122.7,102.4
0022500895,UTA,PHI,108.96,118.24000000000001,104.7,113.4,114.04,102.8
0022500881,UTA,DEN,106.42,118.62,105.7,114.72,105.72,103.33
0022500867,UTA,NOP,109.33999999999999,114.5,105.7,114.91999999999999,116.35999999999999,103.61200000000001
0022500856,UTA,NOP,108.1,110.54,106.2,113.85999999999999,111.97999999999999,103.11200000000001
0022500830,UTA,HOU,109.17999999999999,108.46,107.4,111.88,109.1,94.3
0022500804,UTA,MEM,112.67999999999999,110.74000000000001,105.0,115.3,121.62,101.8
0022500790,UTA,POR,115.42,108.5,104.7,121.46,119.21999999999998,103.0
0022500786,UTA,SAC,111.12,110.66,105.1,114.16,121.64000000000001,99.9
0022500763,UTA,MIA,110.3,113.02000000000001,102.8,113.26000000000002,103.02000000000001,105.1
0022500750,UTA,ORL,112.91999999999999,118.12,101.4,113.42,115.28,101.2
0022500735,UTA,ATL,110.8,117.64000000000001,100.6,113.52000000000001,111.6,102.5
0022500717,UTA,IND,106.5,120.88000000000002,101.9,114.66000000000001,115.88000000000002,103.0
0022500706,UTA,TOR,109.1,125.5,101.1,109.78,111.66,99.6
0022500632,UTA,SAS,116.14000000000001,126.17999999999999,104.0,116.16,114.47999999999999,98.5
0022500611,UTA,SAS,112.44000000000001,129.58,104.0,111.58,110.67999999999999,97.9
0022500558,UTA,CLE,109.63999999999999,126.14000000000001,101.58399999999999,120.2,117.7,102.0
0022500525,UTA,OKC,116.5,124.88000000000002,99.3,116.38000000000002,107.8,102.3
0022500430,UTA,DET,114.42,128.56,103.124,117.5,106.8,99.90599999999999
0022500419,UTA,MEM,112.0,131.06,102.524,109.94000000000001,106.74000000000001,103.4
0022500405,UTA,DEN,115.9,127.58000000000001,101.124,121.54,117.2,100.4
0022500393,UTA,ORL,117.42,127.66,102.7,108.67999999999999,111.75999999999999,102.4
0022500379,UTA,LAL,111.0,125.2,102.5,118.96000000000001,122.82000000000001,97.8
0022501213,UTA,MEM,108.08,122.0,111.7,107.12,130.66,105.7
0022500363,UTA,OKC,113.08000000000001,124.28000000000002,103.6,120.66,104.72,101.8
0022500316,UTA,HOU,110.24000000000001,121.25999999999999,104.172,122.88000000000002,104.32000000000001,97.61
0022500077,UTA,SAC,98.06666666666666,127.39999999999999,104.0,101.66666666666667,120.13333333333333,102.0
0022500282,UTA,LAL,122.28,122.34,104.572,114.64000000000001,115.22,100.0
0022500055,UTA,OKC,93.25,121.85,104.0,116.82000000000001,106.4,100.928
0022500240,UTA,CHI,116.54,117.1,101.9,112.42,119.3,103.0
0022500227,UTA,ATL,114.34,117.62,100.5,117.16,105.55999999999999,101.5
0022500211,UTA,IND,108.96,117.23999999999998,102.1,100.52,112.22,101.9
0022500205,UTA,MIN,110.8,117.43999999999998,102.35,124.08000000000001,117.5,99.7
0022500172,UTA,DET,111.42,116.28,101.85,121.51999999999998,111.2,99.8
0022500158,UTA,BOS,116.94000000000001,117.55999999999999,101.55,118.64000000000001,114.85999999999999,97.3
0022500135,UTA,POR,118.8,118.67999999999999,100.65,111.62,108.6,105.1
0022500120,UTA,PHX,112.88,120.78,101.3,111.25999999999999,118.72,101.3
0022500098,UTA,SAC,110.85999999999999,122.28,102.0,107.3,120.46,102.0
0022500087,UTA,LAC,104.625,124.425,103.75,116.775,120.0,99.1325
0022501190,CHA,NYK,120.67999999999999,116.0,95.8,120.6,110.9,93.0
0022501171,CHA,DET,124.47999999999999,109.26000000000002,95.7,122.46,111.5,98.6
0022501149,CHA,BOS,123.82000000000001,109.76000000000002,95.6,127.97999999999999,113.02000000000001,95.7
0022501137,CHA,MIN,122.42,112.08000000000001,95.4,102.94000000000001,104.78,101.072
0022501120,CHA,IND,122.25999999999999,113.4,93.3,126.12,119.96000000000001,103.4
0022501114,CHA,PHX,123.41999999999999,109.06000000000002,93.8,122.17999999999999,109.0,101.5
0022501100,CHA,BKN,123.83999999999999,111.36000000000001,94.6,108.96,117.3,99.8
0022501085,CHA,BOS,128.34,109.18000000000002,96.0,115.08,108.62,96.8
0022501077,CHA,PHI,130.5,104.8,97.8,118.02000000000001,117.44000000000001,105.0
0022501063,CHA,NYK,125.85999999999999,105.88000000000002,99.2,129.9,115.01999999999998,96.0
0022501047,CHA,SAC,122.62,110.90000000000002,98.6,116.18000000000002,121.02000000000001,100.9
0022501023,CHA,MEM,118.35999999999999,110.90000000000002,98.6,116.75999999999999,130.34,98.9
0022501008,CHA,ORL,114.6,112.96000000000001,96.7,115.86000000000001,117.38000000000002,101.92999999999999
0022500991,CHA,MIA,112.93999999999998,118.62,95.5,120.02000000000001,112.2,104.5
0022500973,CHA,SAS,117.9,113.74000000000001,94.6,126.35999999999999,117.31999999999998,100.7
0022500951,CHA,SAC,117.64000000000001,108.72000000000003,95.2,110.35999999999999,115.64000000000001,103.0
0022500944,CHA,POR,119.32000000000001,107.70000000000002,94.7,107.81999999999998,114.17999999999999,100.9
0022500928,CHA,PHX,123.96,104.78000000000002,96.7,112.25999999999999,112.88000000000002,94.3
0022500909,CHA,MIA,126.16,98.92,96.7,117.08,110.4,102.3
0022500894,CHA,BOS,127.1,103.4,97.4,121.93999999999998,104.38,90.5
0022500883,CHA,DAL,127.54,111.16000000000001,96.1,111.1,115.74000000000001,102.8
0022500863,CHA,POR,126.54,114.12,95.6,110.46,113.71999999999998,103.2
0022500848,CHA,IND,121.4,113.72,95.8,108.22,115.75999999999999,107.5
0022500836,CHA,CHI,117.32000000000001,117.64000000000001,94.5,103.55999999999999,114.1,102.8
0022500822,CHA,WAS,116.13999999999999,118.35999999999999,95.0,107.78,117.72,105.7
0022500802,CHA,CLE,114.28,112.84,96.0,124.12,105.13999999999999,100.7
0022500792,CHA,HOU,113.84,110.3,96.5,108.32000000000001,112.92,93.8
0022500775,CHA,ATL,115.2,111.24000000000001,95.5,116.75999999999999,120.96,104.0
0022500761,CHA,DET,117.2,111.28000000000002,97.2,122.72,102.67999999999999,101.8
0022500751,CHA,ATL,115.55999999999999,107.82000000000001,96.2,114.17999999999999,114.36000000000001,100.3
0022500737,CHA,HOU,118.6,105.64000000000001,97.2,109.8,111.53999999999999,95.5
0022500712,CHA,NOP,121.6,108.62000000000003,97.9,111.96,111.83999999999999,99.5
0022500697,CHA,SAS,124.33999999999999,106.48000000000002,98.0,113.64000000000001,107.88,98.7
0022500683,CHA,DAL,118.33999999999999,102.10000000000002,96.9,109.16,111.96,105.7
0022500676,CHA,MEM,119.58,101.26000000000002,95.7,115.7,114.02000000000001,103.6
0022500657,CHA,PHI,116.58,109.68000000000002,95.8,114.13999999999999,112.64000000000001,99.128
0022500645,CHA,WAS,120.1,110.54,95.5,108.58,118.6,98.8
0022500627,CHA,ORL,117.2,115.02000000000001,95.3,110.97999999999999,113.4,97.19399999999999
0022500620,CHA,CLE,128.78000000000003,114.06000000000002,96.4,123.06000000000002,118.88000000000002,102.5
0022500605,CHA,DEN,126.06000000000002,117.08000000000001,98.8,114.72,113.25999999999999,97.3
0022500599,CHA,GSW,124.42,111.74000000000001,96.6,125.78,113.55999999999999,97.4
0022500586,CHA,LAL,122.42,108.1,96.3,112.52000000000001,113.4,98.4
0022500563,CHA,LAC,121.62,103.2,97.4,115.74000000000001,119.72,95.2
0022500547,CHA,UTA,116.85999999999999,109.74000000000001,96.5,111.64000000000001,120.52000000000001,100.88399999999999
0022500528,CHA,IND,118.75999999999999,112.62,97.1,113.02000000000001,119.3,103.7
0022500516,CHA,TOR,121.96,117.2,97.7,116.67999999999999,107.6,101.086
0022500506,CHA,OKC,121.14000000000001,118.62,97.8,121.92,103.04,103.0
0022500489,CHA,CHI,125.54,121.56000000000002,96.8,112.62,115.6,100.7
0022500481,CHA,MIL,127.0,123.66000000000001,97.6,115.08,112.56000000000002,97.8
0022500462,CHA,GSW,118.32000000000001,118.86000000000001,98.6,114.88,109.62,99.686
0022500447,CHA,MIL,119.6,117.20000000000002,100.6,108.2,108.67999999999999,98.5
0022500424,CHA,ORL,116.72,119.50000000000003,100.5,108.47999999999999,116.02000000000001,98.924
0022500409,CHA,WAS,111.48000000000002,113.26000000000002,102.2,109.16000000000001,128.06,100.9
0022500402,CHA,CLE,107.44000000000001,111.32000000000001,100.7,110.48000000000002,116.88,102.8
0022500390,CHA,DET,111.96,113.42,99.4,112.75999999999999,109.96,99.006
0022500371,CHA,ATL,109.97999999999999,111.16000000000001,96.804,111.75999999999999,112.28,102.186
0022500344,CHA,TOR,113.88,121.54,95.104,112.17999999999999,116.04,97.304
0022500328,CHA,NYK,115.12,121.62000000000003,96.404,119.62,117.1,96.6
0022500312,CHA,BKN,115.28,119.74000000000001,97.104,112.9,119.2,95.0
0022500294,CHA,TOR,111.67999999999999,120.46000000000001,98.1,117.0,106.97999999999999,100.9
0022500071,CHA,CHI,109.16666666666667,128.1,101.02666666666666,112.5,126.3,104.5
0022500061,CHA,NYK,111.69999999999999,126.35,102.78999999999999,118.5,119.17999999999999,100.4
0022500268,CHA,LAC,111.6,116.64000000000001,97.4,112.94000000000001,122.62,96.9
0022500256,CHA,IND,110.4,114.22,97.5,104.0,128.01999999999998,102.3
0022500245,CHA,TOR,114.6,113.06000000000002,97.1,123.76000000000002,111.85999999999999,100.7
0022500043,CHA,MIL,103.8,117.8,105.5,113.80000000000001,105.8,104.25
0022500143,CHA,MIN,118.82000000000001,119.32000000000001,104.3,111.04,112.34,101.4
0022500138,CHA,ORL,119.52000000000001,115.58000000000001,106.4,109.72,119.1,103.8
0022500124,CHA,MIA,118.48000000000002,115.24000000000001,104.4,116.8,103.34,107.7
0022500109,CHA,WAS,116.9,121.3,102.71600000000001,107.69999999999997,117.08,104.708
0022500102,CHA,PHI,114.16,120.82000000000001,103.11600000000001,109.16,117.16,100.2
0022500080,CHA,BKN,110.625,123.42500000000001,102.395,109.05,115.875,96.75
0022500494,CLE,DET,116.66,108.2,102.6,119.14000000000001,116.67999999999999,101.7
0022501212,CLE,WAS,120.42,116.1,101.8,107.52000000000001,123.47999999999999,103.6
0022500341,CLE,SAS,116.7,116.02000000000001,99.1,118.24000000000001,118.7,99.9
0022500324,CLE,POR,116.78,115.35999999999999,98.1,109.22,115.47999999999999,102.8
0022500284,CLE,TOR,113.42,111.22,99.4,121.42,110.67999999999999,100.0
0022500048,CLE,IND,114.64000000000001,112.78,103.5,107.45,120.65,101.81
0022500151,CLE,ATL,115.83999999999999,117.78,102.6,111.24000000000001,117.55999999999999,102.4
0022500022,CLE,TOR,108.7,113.07499999999999,105.0,,,
0022501186,ORL,BOS,120.4,107.3,105.2,128.1,112.94000000000001,95.0
0022501177,ORL,CHI,115.9,112.52000000000001,104.9,109.38000000000002,115.74000000000001,105.5
0022501159,ORL,MIN,111.05999999999999,109.12,106.4,110.9,107.64000000000001,102.1
0022501144,ORL,DET,104.14000000000001,114.82000000000001,106.6,115.74000000000001,103.25999999999999,97.91799999999999
0022501138,ORL,NOP,108.34,118.88,104.6,107.05999999999999,122.67999999999999,100.3
0022501127,ORL,DAL,110.32000000000001,124.12,101.9,110.16,114.52000000000001,103.45
0022501107,ORL,ATL,116.8,126.22,100.2,121.9,112.3,98.024
0022501099,ORL,PHX,117.16,127.96,97.6,124.64000000000001,111.17999999999999,98.2
0022501086,ORL,TOR,123.3,127.74000000000001,96.3,114.24000000000001,119.55999999999999,99.3
0022501065,ORL,SAC,118.94000000000001,125.7,97.5,111.0,127.25999999999999,100.2
0022501049,ORL,CLE,112.97999999999999,121.2,99.2,122.16,114.14000000000001,99.4
0022501039,ORL,IND,110.3,117.08000000000001,100.7,115.82000000000001,130.04,97.2
0022501024,ORL,LAL,112.08,117.96,102.42999999999999,123.98000000000002,116.6,98.824
0022501008,ORL,CHA,115.86000000000001,117.38000000000002,101.92999999999999,114.6,112.96000000000001,96.7
0022500992,ORL,OKC,121.55999999999999,113.54,101.13,115.28,109.67999999999999,96.3
0022500983,ORL,ATL,123.32000000000001,107.74000000000001,100.72999999999999,121.84,107.62,100.0
0022500972,ORL,MIA,123.52000000000001,108.26000000000002,99.63,122.44000000000001,110.52000000000001,104.0
0022500955,ORL,WAS,125.28000000000002,107.08000000000001,98.8,112.92,126.54,104.1
0022500947,ORL,CLE,116.84,101.97999999999999,100.1,113.04,112.16000000000001,95.172
0022500926,ORL,MIL,113.5,108.34,98.9,102.64000000000001,119.25999999999999,98.0
0022500915,ORL,MIN,112.84,112.54,98.0,113.52000000000001,107.32000000000001,99.6
0022500899,ORL,DAL,113.22,112.67999999999999,97.0,104.24000000000001,115.78,100.9
0022500885,ORL,WAS,108.58,111.24000000000001,95.042,109.3,124.66,101.3
0022500875,ORL,DET,116.04,109.28,94.94200000000001,116.35999999999999,110.35999999999999,101.372
0022500852,ORL,HOU,115.78,109.1,95.34200000000001,116.14000000000001,106.05999999999999,97.5
0022500840,ORL,LAL,116.94000000000001,107.05999999999999,95.542,111.08,118.52000000000001,100.0
0022500827,ORL,LAC,114.38,104.46,99.542,113.14000000000001,110.74000000000001,97.5
0022500811,ORL,PHX,118.14000000000001,104.1,101.0,108.88,119.82000000000001,96.3
0022500800,ORL,SAC,111.24000000000001,111.88,100.2,109.47999999999999,121.67999999999999,100.7
0022500777,ORL,MIL,107.96,109.12,102.0,113.97999999999999,118.42,94.91
0022500764,ORL,MIL,109.85999999999999,112.44000000000001,102.6,113.2,116.4,95.41
0022500750,ORL,UTA,113.42,115.28,101.2,112.91999999999999,118.12,101.4
0022500734,ORL,BKN,109.52000000000001,119.28,100.8,106.7,119.46,94.6
0022500723,ORL,OKC,111.74000000000001,116.92,101.2,112.4,111.25999999999999,98.3
0022500703,ORL,SAS,111.96,120.84,99.9,111.6,109.46,97.5
0022500687,ORL,TOR,108.25999999999999,122.02000000000001,99.7,114.14000000000001,110.35999999999999,100.1
0022500674,ORL,MIA,107.0,120.82000000000001,98.4,114.85999999999999,113.28,105.7
0022500658,ORL,CLE,113.24000000000001,121.92,98.3,118.44000000000001,107.67999999999999,98.8
0022500646,ORL,CLE,111.0,118.9,97.9,115.94000000000001,110.34,99.7
0022500627,ORL,CHA,110.97999999999999,113.4,97.19399999999999,117.2,115.02000000000001,95.3
0022500602,ORL,MEM,110.52000000000001,111.12,98.19399999999999,108.3,112.17999999999999,98.9
0022500578,ORL,MEM,113.9,114.28,98.19399999999999,109.58,113.3,98.3
0022500548,ORL,NOP,110.04,113.62,99.094,105.88,113.38,103.2
0022500533,ORL,PHI,111.83999999999999,112.78,101.39399999999999,124.16,114.25999999999999,100.352
0022500521,ORL,BKN,113.75999999999999,114.7,102.1,115.5,121.24000000000001,95.9
0022500511,ORL,WAS,117.81999999999998,117.47999999999999,100.9,111.02000000000001,113.42,102.1
0022500495,ORL,IND,112.5,117.08,100.2,110.74000000000001,123.0,104.9
0022500480,ORL,CHI,111.92,114.28,100.0,111.52000000000001,115.8,102.3
0022500464,ORL,IND,110.96,118.34,98.0,108.22,122.9,100.9
0022500451,ORL,TOR,111.91999999999999,118.92,98.924,108.67999999999999,113.32000000000001,97.686
0022500433,ORL,DEN,109.05999999999999,118.67999999999999,99.224,121.24000000000001,115.54,100.2
0022500424,ORL,CHA,108.47999999999999,116.02000000000001,98.924,116.72,119.50000000000003,100.5
0022500420,ORL,POR,107.25999999999999,114.96,99.524,106.28000000000002,112.47999999999999,100.34
0022500407,ORL,GSW,108.6,112.43999999999998,100.924,109.97999999999999,102.14000000000001,97.7
0022500393,ORL,UTA,108.67999999999999,111.75999999999999,102.4,117.42,127.66,102.7
0022500377,ORL,DEN,112.74000000000001,115.25999999999999,101.5,127.67999999999999,120.96,99.5
0022501229,ORL,NYK,117.05999999999999,106.12,103.9,117.6,111.32000000000001,92.9
0022501201,ORL,MIA,115.66,105.72,104.3,125.97999999999999,121.14000000000001,102.2
0022500357,ORL,NYK,118.5,117.14000000000001,102.4,127.38,112.62,95.4
0022500339,ORL,MIA,122.08,115.8,103.1,117.08,113.97999999999999,104.9
0022500215,ORL,NYK,117.14000000000001,110.82000000000001,99.6,129.32,108.78,101.1
0022500200,ORL,POR,116.88,115.24000000000001,99.9,116.1,114.62,107.9
0022500193,ORL,BOS,119.66,119.6,100.5,121.84,110.46,96.6
0022500028,ORL,BOS,,,,108.10000000000001,112.0,94.5
0022500166,ORL,ATL,115.4,115.02000000000001,101.9,110.74000000000001,115.0,101.2
0022500145,ORL,WAS,112.82000000000001,119.6,100.8,110.1,120.12,105.296
0022500138,ORL,CHA,109.72,119.1,103.8,119.52000000000001,115.58000000000001,106.4
0022500129,ORL,DET,108.08,112.78000000000002,104.7,112.63999999999999,112.17999999999999,101.2
0022500114,ORL,PHI,110.2,104.55999999999999,106.2,110.94000000000001,118.17999999999999,101.5
0022500100,ORL,CHI,114.88,105.3,103.1,111.08,119.92,105.1
0022500090,ORL,ATL,118.93999999999998,105.54,102.5,111.66,116.02000000000001,105.0
0022500081,ORL,MIA,120.52499999999999,104.675,100.375,120.875,110.35000000000001,104.375
0022500326,ORL,SAS,124.4,116.24000000000001,102.5,119.4,118.58,98.1
0022500314,ORL,CHI,122.35999999999999,116.1,100.21000000000001,114.47999999999999,116.47999999999999,105.3
0022500072,ORL,DET,125.13333333333333,104.63333333333333,99.0,111.82000000000001,111.2,98.8
0022500058,ORL,PHI,119.15,108.8,95.5,108.15,113.80000000000001,98.25
0022500277,ORL,BOS,120.08,108.82000000000001,101.11,121.22,109.96,94.9
0022500269,ORL,NYK,116.72,107.72,100.71000000000001,117.04,110.03999999999999,103.0
0022500264,ORL,LAC,114.66,111.6,98.81,116.84,123.38,93.8
0022500249,ORL,GSW,113.8,114.58000000000001,98.31,111.9,107.2,103.7
0022500236,ORL,HOU,115.83999999999999,109.7,100.7,124.08,107.5,100.2
0022500040,ORL,BKN,124.2,111.1,99.0,108.1,125.0,99.5
0022501191,PHI,MIL,103.38,108.92,99.9,117.17999999999999,123.12,95.4
0022501175,PHI,IND,112.6,115.97999999999999,99.9,114.35999999999999,114.52000000000001,102.9
0022501169,PHI,HOU,114.6,117.38,99.5,127.47999999999999,112.32000000000001,95.1
0022501146,PHI,SAS,118.14000000000001,117.16,99.4,124.75999999999999,109.73999999999998,99.462
0022501131,PHI,DET,125.92,116.46,103.4,115.6,104.24000000000001,100.018
0022501121,PHI,MIN,124.18000000000002,120.62,103.0,103.14000000000001,100.66,100.672
0022501105,PHI,WAS,119.46000000000001,118.17999999999999,102.6,108.3,121.42,103.7
0022501091,PHI,MIA,124.14000000000001,117.31999999999998,103.4,117.78000000000002,126.14000000000001,102.1
0022501077,PHI,CHA,118.02000000000001,117.44000000000001,105.0,130.5,104.8,97.8
0022501053,PHI,CHI,111.0,113.2,103.2,112.82000000000001,115.2,104.8
0022501040,PHI,OKC,111.0,108.24000000000001,103.2,118.31999999999998,104.5,99.0
0022501030,PHI,UTA,107.67999999999999,111.16,103.2,112.44000000000001,119.24000000000001,103.5
0022501015,PHI,SAC,108.46,114.0,102.6,111.17999999999999,114.25999999999999,101.2
0022500997,PHI,DEN,111.72,114.6,100.5,120.05999999999999,119.85999999999999,101.424
0022500980,PHI,POR,113.47999999999999,118.88,100.3,112.78,108.28,101.7
0022500969,PHI,BKN,115.2,121.17999999999999,99.1,110.0,120.0,98.5
0022500953,PHI,DET,110.81999999999998,120.46,99.9,118.64000000000001,117.05999999999999,95.9
0022500936,PHI,MEM,104.85999999999999,120.25999999999999,97.8,117.22,119.4,99.7
0022500931,PHI,CLE,106.97999999999999,118.32000000000001,99.9,113.5,115.54,95.172
0022500917,PHI,ATL,109.24000000000001,114.75999999999999,101.2,122.41999999999999,100.97999999999999,102.1
0022500895,PHI,UTA,113.4,114.04,102.8,108.96,118.24000000000001,104.7
0022500888,PHI,SAS,117.96,113.78000000000002,102.1,113.16,108.24000000000001,102.4
0022500874,PHI,BOS,116.84,110.52000000000001,105.1,120.16,105.83999999999999,93.3
0022500849,PHI,MIA,110.28,115.04,104.8,117.58,108.92,104.71199999999999
0022500831,PHI,IND,108.64000000000001,120.8,103.3,111.53999999999999,114.9,106.06800000000001
0022500824,PHI,MIN,104.4,121.28,102.2,116.51999999999998,110.3,103.6
0022500812,PHI,NOP,105.18000000000002,119.7,102.3,118.92,120.17999999999999,99.72200000000001
0022500794,PHI,ATL,109.84,118.28,99.3,115.62,119.08,102.2
0022500780,PHI,NYK,119.5,115.78,97.5,115.17999999999999,111.24000000000001,96.44
0022500754,PHI,PHX,123.28,114.78,96.2,116.38,114.33999999999999,96.3
0022500740,PHI,LAL,129.3,116.54,95.2,118.78,116.34,99.8
0022500724,PHI,GSW,122.7,121.62,97.3,106.26000000000002,106.02000000000001,107.6
0022500715,PHI,LAC,118.24000000000001,120.17999999999999,98.0,119.6,106.14000000000001,96.7
0022500699,PHI,NOP,118.54,120.62,96.728,109.55999999999999,109.25999999999999,99.8
0022500680,PHI,SAC,114.46,118.58,99.52799999999999,109.28,123.5,99.9
0022500666,PHI,MIL,108.92,114.74000000000001,99.728,106.08,115.62,100.5
0022500657,PHI,CHA,114.13999999999999,112.64000000000001,99.128,116.58,109.68000000000002,95.8
0022500643,PHI,NYK,112.44000000000001,115.85999999999999,100.128,116.16,109.21999999999998,95.8
0022500628,PHI,HOU,112.28,114.32000000000001,100.0,112.16,111.25999999999999,98.1
0022500613,PHI,PHX,112.61999999999998,113.5,98.644,117.35999999999999,111.66,97.7
0022500609,PHI,IND,110.82000000000001,111.46,98.244,104.38,108.64000000000001,101.8
0022500589,PHI,CLE,113.04,109.17999999999999,99.04400000000001,122.5,117.52000000000001,103.7
0022500572,PHI,CLE,116.34,107.6,97.11,118.2,119.32000000000001,103.4
0022500560,PHI,TOR,116.88,109.24000000000001,98.91,115.5,109.9,98.944
0022500550,PHI,TOR,120.14000000000001,108.94000000000001,99.566,115.46,110.88,98.5
0022500533,PHI,ORL,124.16,114.25999999999999,100.352,111.83999999999999,112.78,101.39399999999999
0022500518,PHI,WAS,119.28,118.44000000000001,99.952,111.96,114.2,101.6
0022500507,PHI,DEN,116.23999999999998,115.96,100.986,117.9,125.74000000000001,98.0
0022500487,PHI,NYK,112.66,115.66,100.186,116.17999999999999,119.26000000000002,102.3
0022500473,PHI,DAL,111.55999999999999,117.04,100.386,114.25999999999999,117.58,103.3
0022500458,PHI,MEM,110.93999999999998,115.47999999999999,99.1,114.94000000000001,114.14000000000001,104.5
0022500442,PHI,OKC,111.96,112.55999999999999,98.8,115.6,107.6,102.1
0022500427,PHI,CHI,114.12,110.94000000000001,99.1,119.8,121.05999999999999,104.8
0022500387,PHI,DAL,113.58,105.16,98.8,118.85999999999999,115.66,99.006
0022500382,PHI,NYK,110.1,104.82000000000001,100.986,124.54,115.17999999999999,96.4
0022501217,PHI,ATL,108.74000000000001,105.38,101.3,111.64000000000001,120.5,102.8
0022501211,PHI,IND,105.28,109.1,100.2,106.61999999999998,111.34,103.1
0022500362,PHI,LAL,110.36000000000001,106.16,102.386,117.52000000000001,121.58,98.5
0022500348,PHI,MIL,109.94000000000001,106.67999999999999,102.138,116.7,118.38000000000002,98.2
0022500333,PHI,GSW,112.38,111.38,102.238,109.42,110.84,102.3
0022500318,PHI,WAS,111.82000000000001,114.5,100.638,114.67999999999999,125.62,100.5
0022500304,PHI,ATL,112.58,113.6,98.252,118.44000000000001,117.01999999999998,99.7
0022500070,PHI,BKN,104.2,121.56666666666666,100.83333333333333,110.36666666666667,115.76666666666667,96.16666666666667
0022500058,PHI,ORL,108.15,113.80000000000001,98.25,119.15,108.8,95.5
0022500275,PHI,MIA,112.32000000000001,111.84,96.952,112.36000000000001,111.32000000000001,107.15
0022500266,PHI,MIL,115.04,114.43999999999998,97.7,107.71999999999998,118.85999999999999,98.6
0022500258,PHI,TOR,115.44000000000001,114.88,99.0,119.72,112.82000000000001,101.2
0022500243,PHI,LAC,114.25999999999999,114.3,100.3,115.14000000000001,124.44000000000001,94.0
0022500041,PHI,DET,111.3,112.4,97.0,108.8,110.13333333333333,99.16666666666667
0022500102,PHI,CHA,109.16,117.16,100.2,114.16,120.82000000000001,103.11600000000001
0022500083,PHI,BOS,107.2,117.44999999999999,100.25,110.67999999999999,116.47999999999999,96.7
0022501197,SAS,DEN,122.35999999999999,110.7,98.762,127.66,116.16000000000001,100.572
0022501180,SAS,DAL,119.7,108.84,99.062,114.86000000000001,117.82000000000001,102.9
0022501161,SAS,POR,122.55999999999999,111.2,99.362,115.04,106.43999999999998,98.81
0022501146,SAS,PHI,124.75999999999999,109.73999999999998,99.462,118.14000000000001,117.16,99.4
0022501130,SAS,DEN,124.78,103.54,100.1,127.28,117.0,101.8
0022501119,SAS,LAC,126.12,104.28,101.8,122.7,109.12,96.9
0022501113,SAS,GSW,128.06,105.93999999999998,101.4,111.74000000000001,117.84,100.95
0022501094,SAS,CHI,124.05999999999999,104.2,100.2,113.47999999999999,120.8,108.1
0022501076,SAS,MIL,124.54,105.42,100.7,106.24000000000001,127.17999999999999,96.9
0022501056,SAS,MEM,124.22,109.44000000000001,100.2,110.17999999999999,130.5,99.4
0022501041,SAS,MIA,123.02000000000001,109.96,97.9,114.58,121.44000000000001,102.0
0022501028,SAS,IND,119.97999999999999,111.34,99.7,114.28,128.57999999999998,96.6
0022501013,SAS,PHX,123.94000000000001,113.92,100.4,119.08,119.9,97.4
0022500998,SAS,SAC,125.97999999999999,116.88,100.7,114.83999999999999,109.02000000000001,101.9
0022500990,SAS,LAC,125.38,116.25999999999999,100.7,125.0,117.47999999999999,100.8
0022500973,SAS,CHA,126.35999999999999,117.31999999999998,100.7,117.9,113.74000000000001,94.6
0022500958,SAS,DEN,127.04,108.9,100.4,121.46,120.82000000000001,99.7
0022500868,SAS,NYK,120.12,104.58,102.0,111.82000000000001,109.96,97.6
0022500851,SAS,BKN,120.12,104.96000000000001,102.1,100.14,115.23999999999998,99.2
0022500843,SAS,TOR,124.22,104.17999999999999,103.0,111.52000000000001,106.5,99.6
0022500828,SAS,DET,127.17999999999999,107.1,104.3,122.34,102.36,97.3
0022500815,SAS,SAC,127.38,107.92,103.6,103.6,122.31999999999998,100.5
0022500798,SAS,PHX,124.54,108.73999999999998,105.2,116.3,120.4,96.4
0022500788,SAS,GSW,120.74000000000001,106.12,105.9,108.04,114.04,98.2
0022500774,SAS,LAL,117.64000000000001,109.47999999999999,103.4,112.52000000000001,112.04,99.1
0022500749,SAS,DAL,114.73999999999998,106.75999999999999,101.3,109.42,117.66000000000001,101.5
0022500738,SAS,DAL,109.25999999999999,105.42,99.1,104.58,114.53999999999999,102.1
0022500730,SAS,OKC,112.35999999999999,107.23999999999998,98.0,116.21999999999998,106.64000000000001,97.7
0022500703,SAS,ORL,111.6,109.46,97.5,111.96,120.84,99.9
0022500697,SAS,CHA,113.64000000000001,107.88,98.7,124.33999999999999,106.48000000000002,98.0
0022500679,SAS,HOU,116.67999999999999,112.47999999999999,98.8,113.96,109.67999999999999,97.928
0022500654,SAS,NOP,120.72,111.44000000000001,99.4,116.17999999999999,119.5,100.2
0022500632,SAS,UTA,116.16,114.47999999999999,98.5,116.14000000000001,126.17999999999999,104.0
0022500615,SAS,HOU,115.34,113.08,98.6,112.25999999999999,115.66,95.6
0022500611,SAS,UTA,111.58,110.67999999999999,97.9,112.44000000000001,129.58,104.0
0022500598,SAS,MIN,107.52000000000001,103.92,98.2,120.42,115.84,101.4
0022500582,SAS,MIL,103.47999999999999,103.5,99.5,112.47999999999999,116.21999999999998,96.9
0022500568,SAS,OKC,105.05999999999999,101.9,100.2,111.24000000000001,114.88000000000002,100.284
0022500552,SAS,MIN,107.66,102.2,101.5,125.08000000000001,113.88,104.5
0022500545,SAS,BOS,113.35999999999999,108.96,102.3,132.6,118.22,93.3
0022500523,SAS,LAL,110.66,112.24000000000001,103.6,115.92,112.24000000000001,101.4
0022500512,SAS,MEM,113.7,117.44000000000001,102.5,115.94000000000001,115.76000000000002,102.78599999999999
0022500490,SAS,POR,118.84,117.13999999999999,101.8,112.54,117.91999999999999,99.4
0022500476,SAS,IND,119.96,117.55999999999999,101.2,108.4,122.22,103.5
0022500467,SAS,NYK,116.97999999999999,109.91999999999999,102.3,119.66,120.3,100.6
0022500456,SAS,CLE,122.32000000000001,107.6,100.7,118.56000000000002,121.7,103.7
0022500440,SAS,UTA,125.0,107.1,101.9,119.38,126.7,104.124
0022500010,SAS,OKC,125.0,91.1,100.5,113.6,107.9,98.07
0022500417,SAS,OKC,120.35999999999999,109.17999999999999,103.5,119.1,102.9,102.8
0022500399,SAS,WAS,117.75999999999999,108.38,104.1,107.04,127.46000000000001,100.9
0022500383,SAS,ATL,119.66,113.67999999999999,102.7,113.82000000000001,116.92,101.8
0022500370,SAS,WAS,119.2,121.47999999999999,101.7,111.16,127.3,101.9
0022501230,SAS,OKC,122.22,113.28,100.7,119.55999999999999,109.74000000000001,100.1
0022501204,SAS,LAL,121.42,116.04,99.362,115.82000000000001,110.9,97.3
0022500366,SAS,NOP,114.74000000000001,119.24000000000001,100.0,112.16,122.22,100.596
0022500341,SAS,CLE,118.24000000000001,118.7,99.9,116.7,116.02000000000001,99.1
0022500326,SAS,ORL,119.4,118.58,98.1,124.4,116.24000000000001,102.5
0022500322,SAS,MEM,117.82000000000001,116.55999999999999,98.6,116.16,109.48000000000002,97.9
0022500306,SAS,MIN,116.88,113.32000000000001,101.0,113.62,109.38,100.824
0022500076,SAS,DEN,117.92,103.94000000000001,99.3,121.05999999999999,113.04,99.474
0022500067,SAS,POR,119.225,104.675,98.75,116.86666666666667,123.19999999999999,100.16666666666667
0022500281,SAS,PHX,118.88000000000002,112.94000000000001,102.5,122.88,107.0,101.8
0022500267,SAS,ATL,117.86000000000001,112.04,102.0,117.9,110.74000000000001,102.5
0022500252,SAS,MEM,117.96,114.82000000000001,102.7,101.24,118.47999999999999,103.3
0022500234,SAS,SAC,117.0,118.54,102.8,108.9,122.9,104.9
0022500047,SAS,GSW,122.23333333333333,102.09999999999998,99.16666666666667,118.55,118.325,99.9875
0022500220,SAS,GSW,115.54,115.58,101.5,110.12,107.94000000000001,101.8
0022500202,SAS,CHI,116.47999999999999,114.31999999999998,100.4,118.64000000000001,118.22,102.0
0022500188,SAS,NOP,116.12,113.04,99.4,101.28,120.4,98.6
0022500032,SAS,HOU,123.45,97.6,98.75,119.30000000000001,109.05,92.25999999999999
0022500179,SAS,LAL,115.55999999999999,111.54,98.5,116.08,114.12,104.0
0022500154,SAS,PHX,119.9,113.24000000000001,98.2,110.52000000000001,120.62,102.55
0022500141,SAS,MIA,121.25999999999999,113.04,98.5,116.98000000000002,105.74000000000001,107.4
0022500118,SAS,TOR,119.1,114.5,98.2,115.62,109.81999999999998,106.60799999999999
0022500105,SAS,BKN,118.22,114.2,99.2,111.53999999999999,118.32000000000001,99.6
0022500095,SAS,NOP,120.18000000000002,112.91999999999999,99.4,112.64000000000001,118.3,103.33399999999999
0022500004,SAS,DAL,,,,,,
0022501192,TOR,BKN,117.12,109.32000000000001,97.8,106.04,119.41999999999999,99.3
0022501176,TOR,NYK,120.14000000000001,110.6,98.7,118.02000000000001,114.6,92.9
0022501165,TOR,MIA,116.1,112.0,99.8,119.58,126.96,102.3
0022501151,TOR,MIA,118.85999999999999,110.12,100.3,124.66,130.58,103.6
0022501132,TOR,BOS,122.04,107.6,100.8,128.21999999999997,114.82000000000001,94.4
0022501125,TOR,MEM,116.72,114.02000000000001,99.3,107.62,121.25999999999999,102.0
0022501108,TOR,SAC,119.5,111.75999999999999,101.7,113.54,128.56,96.0
0022501101,TOR,DET,116.5,111.1,101.1,115.7,106.85999999999999,98.24199999999999
0022501086,TOR,ORL,114.24000000000001,119.55999999999999,99.3,123.3,127.74000000000001,96.3
0022501071,TOR,NOP,116.42,118.54,100.8,116.04,117.3,96.8
0022501062,TOR,LAC,121.7,116.22,100.8,119.0,116.56000000000002,96.80999999999999
0022501043,TOR,UTA,120.88,116.84,98.2,111.32000000000001,116.32000000000001,104.4
0022501036,TOR,PHX,122.44000000000001,115.52000000000001,99.4,111.1,118.88,96.0
0022501021,TOR,DEN,118.84,113.86000000000001,99.5,123.08,110.2,102.224
0022501002,TOR,CHI,117.02000000000001,112.08,98.1,117.1,118.1,102.40599999999999
0022500978,TOR,DET,114.25999999999999,112.8,98.5,124.54,111.42,98.1
0022500963,TOR,PHX,109.05999999999999,112.7,98.0,120.94000000000001,112.84,96.5
0022500948,TOR,NOP,114.92,114.8,96.9,119.05999999999999,118.7,101.9
0022500940,TOR,HOU,115.08,112.82000000000001,98.2,112.88,117.66,98.622
0022500924,TOR,DAL,112.1,117.4,98.3,98.54,115.2,100.3
0022500903,TOR,MIN,115.48000000000002,113.72,97.9,111.04,111.5,100.7
0022500887,TOR,NYK,116.02000000000001,109.34,100.2,112.66000000000001,102.97999999999999,97.3
0022500865,TOR,WAS,108.84,107.86000000000001,99.4,104.97999999999999,114.04,105.0
0022500843,TOR,SAS,111.52000000000001,106.5,99.6,124.22,104.17999999999999,103.0
0022500834,TOR,OKC,116.52000000000001,105.82000000000001,98.4,117.67999999999999,108.62,97.5
0022500797,TOR,CHI,115.12,110.84,99.7,111.5,127.92,100.3
0022500781,TOR,DET,118.2,112.04,101.5,123.04,102.85999999999999,98.0
0022500759,TOR,IND,113.14000000000001,115.4,100.9,114.52000000000001,117.54,100.3
0022500736,TOR,CHI,107.97999999999999,113.92,101.4,107.5,120.78,104.0
0022500727,TOR,MIN,105.96000000000001,109.5,100.2,119.3,108.22,102.2
0022500344,TOR,CHA,112.17999999999999,116.04,97.304,113.88,121.54,95.104
0022500336,TOR,LAL,111.7,112.78000000000002,97.50399999999999,120.12,112.5,101.5
0022500258,TOR,PHI,119.72,112.82000000000001,101.2,115.44000000000001,114.88,99.0
0022500245,TOR,CHA,123.76000000000002,111.85999999999999,100.7,114.6,113.06000000000002,97.1
0022500230,TOR,IND,124.02000000000001,112.96,98.4,101.14,124.58,101.0
0022500225,TOR,CLE,122.0,117.17999999999999,99.2,120.6,113.14000000000001,105.05
0022500207,TOR,BKN,118.47999999999999,118.67999999999999,99.7,109.2,123.55999999999999,98.4
0022500030,TOR,ATL,114.3,103.1,98.0,117.25,107.80000000000001,101.75
0022501196,OKC,PHX,126.54,104.05999999999999,101.8,107.47999999999999,116.85999999999999,96.2
0022501182,OKC,DEN,127.47999999999999,100.11999999999999,100.31800000000001,127.7,115.38,98.672
0022501155,OKC,LAL,125.34,102.97999999999999,100.61800000000001,116.62,116.78,100.5
0022501116,OKC,LAL,118.12,109.12,97.81800000000001,121.66,112.05999999999999,99.7
0022501040,OKC,PHI,118.31999999999998,104.5,99.0,111.0,108.24000000000001,103.2
0022501022,OKC,WAS,117.97999999999999,107.5,98.9,107.82000000000001,119.74000000000001,101.33
0022501000,OKC,BKN,117.08,110.66,96.7,105.2,117.3,98.5
0022500920,OKC,GSW,108.18000000000002,104.2,101.53,112.96000000000001,116.7,97.522
0022500889,OKC,CHI,112.46,107.2,100.92999999999999,105.58,112.72,102.6
0022500842,OKC,DET,116.62,107.58,97.9,116.75999999999999,107.88,99.1
0022500808,OKC,BKN,114.74000000000001,114.26000000000002,97.7,107.14000000000001,114.28,100.7
0022500789,OKC,MIL,121.14000000000001,109.38,98.6,120.76000000000002,117.02000000000001,96.10999999999999
0022500730,OKC,SAS,116.21999999999998,106.64000000000001,97.7,112.35999999999999,107.23999999999998,98.0
0022500711,OKC,DEN,113.12,109.88,97.9,115.96,114.28,95.9
0022500686,OKC,MIN,114.22,109.2,98.4,104.52000000000001,103.92,105.0
0022500667,OKC,NOP,114.97999999999999,107.82000000000001,99.0,114.16,116.44000000000001,99.7
0022500653,OKC,TOR,119.22,107.44000000000001,98.5,116.62,111.94000000000001,98.63799999999999
0022500641,OKC,IND,120.04,105.58,99.4,102.74000000000001,116.64000000000001,100.9
0022500625,OKC,MIL,118.75999999999999,108.22,99.6,109.64000000000001,120.25999999999999,97.0
0022500536,OKC,MEM,112.55999999999999,105.5,101.784,110.38,117.32000000000001,101.786
0022500010,OKC,SAS,113.6,107.9,98.07,125.0,91.1,100.5
0022500417,OKC,SAS,119.1,102.9,102.8,120.35999999999999,109.17999999999999,103.5
0022500406,OKC,MEM,120.75999999999999,105.24000000000001,102.2,114.12,109.54,102.3
0022500363,OKC,UTA,120.66,104.72,101.8,113.08000000000001,124.28000000000002,103.6
0022500349,OKC,DAL,119.2,103.85999999999999,102.1,112.08,109.24000000000001,100.1
0022500280,OKC,POR,118.32000000000001,98.88,100.7,116.01999999999998,119.73999999999998,101.486
0022500261,OKC,SAC,119.38,99.86,99.9,107.5,122.47999999999999,103.9
0022500247,OKC,NOP,116.22,100.46000000000001,101.5,109.02000000000001,119.52000000000001,99.5
0022500229,OKC,CHA,118.97999999999999,102.3,102.0,115.4,114.76000000000002,98.0
0022500222,OKC,LAL,122.94000000000001,105.44000000000001,101.5,118.34,117.13999999999999,100.1
0022500210,OKC,GSW,122.88000000000002,106.82000000000001,101.5,111.28,106.05999999999999,102.3
0022500194,OKC,MEM,121.05999999999999,106.62,101.9,107.82000000000001,117.55999999999999,102.1
0022500038,OKC,SAC,114.6,108.725,100.035,,,
0022500180,OKC,POR,119.84,103.4,99.8,116.78,112.08,106.3
0022500148,OKC,NOP,114.54,103.85999999999999,100.4,105.28,120.4,99.334
0022500126,OKC,SAC,118.96,105.24000000000001,100.5,110.78,116.23999999999998,101.3
0022500119,OKC,DAL,123.28,105.47999999999999,101.9,112.85999999999999,114.84,104.606
0022500101,OKC,ATL,124.05999999999999,104.08,104.2,108.3,115.41999999999999,105.2
0022500005,OKC,IND,112.6,107.8,93.52,,,
0022500001,OKC,HOU,,,,,,
0022500819,TOR,MIL,115.3,110.66,100.1,118.62,110.85999999999999,96.2
0022500532,TOR,BOS,112.82000000000001,106.02000000000001,99.0,130.96,116.62,95.0
0022501199,GSW,LAC,115.12,120.78,96.8,111.58000000000001,114.96000000000001,100.2
0022501184,GSW,SAC,114.36000000000001,121.6,96.6,113.12,120.92,97.8
0022501170,GSW,LAL,111.96000000000001,120.67999999999999,96.8,110.88,122.4,100.1
0022501154,GSW,SAC,114.24000000000001,122.58,98.6,114.08,123.35999999999999,98.2
0022501142,GSW,HOU,110.72,118.46000000000001,100.3,129.92,108.88,96.1
0022501126,BOS,MIL,124.46,115.55999999999999,95.1,105.66000000000001,128.98,97.9
0022501092,BOS,ATL,115.9,110.38,95.2,123.97999999999999,113.25999999999999,98.624
0022501085,BOS,CHA,115.08,108.62,96.8,128.34,109.18000000000002,96.0
0022501035,BOS,MIN,118.7,109.76000000000002,96.1,117.14000000000001,108.92,101.9
0022500999,BOS,GSW,116.97999999999999,112.74000000000001,95.5,116.74000000000001,118.96000000000001,99.106
0022501199,LAC,GSW,111.58000000000001,114.96000000000001,100.2,115.12,120.78,96.8
0022501183,LAC,POR,114.02000000000001,115.32000000000001,99.5,117.16000000000001,109.38,98.21000000000001
0022501163,LAC,OKC,116.94000000000001,111.84,99.9,125.75999999999999,99.4,99.018
0022501119,LAC,SAS,122.7,109.12,96.9,126.12,104.28,101.8
0022501104,LAC,POR,125.88,109.3,97.71,115.02000000000001,99.6,103.2
0022501082,LAC,MIL,121.16,108.34,97.00999999999999,101.66,127.2,97.3
0022501066,LAC,IND,120.82000000000001,112.05999999999999,96.10999999999999,122.16,132.18,99.6
0022501062,LAC,TOR,119.0,116.56000000000002,96.80999999999999,121.7,116.22,100.8
0022501046,LAC,MIL,113.78,120.12,97.71,114.36000000000001,124.1,96.9
0022501029,LAC,DAL,111.08,116.34,99.0,111.92,124.8,103.5
0022500990,LAC,SAS,125.0,117.47999999999999,100.8,125.38,116.25999999999999,100.7
0022500968,LAC,CHI,127.9,117.4,100.5,110.8,116.28000000000002,103.106
0022500952,LAC,MIN,121.96,113.55999999999999,99.1,109.25999999999999,113.2,100.0
0022500935,LAC,NYK,123.85999999999999,113.6,99.1,114.97999999999999,102.28,97.9
0022500918,LAC,MEM,116.75999999999999,108.7,98.8,116.43999999999998,115.3,100.9
0022500913,LAC,SAS,117.08,108.64000000000001,98.0,115.44000000000001,105.58,100.2
0022500898,LAC,IND,116.97999999999999,113.38,96.9,109.93999999999998,126.56000000000002,104.6
0022500882,LAC,GSW,114.72,113.62,99.1,114.84,116.85999999999999,101.4
0022500877,LAC,NOP,110.44000000000001,112.4,97.4,115.9,113.28,103.3
0022500857,LAC,MIN,112.35999999999999,114.75999999999999,96.9,118.97999999999999,112.47999999999999,105.3
0022500827,LAC,ORL,113.14000000000001,110.74000000000001,97.5,114.38,104.46,99.542
0022500809,LAC,LAL,111.28,108.1,97.5,111.54,113.26000000000002,101.3
0022500801,LAC,DEN,108.16000000000001,111.66,96.0,122.34,120.17999999999999,98.172
0022500760,LAC,MIN,113.55999999999999,120.62,95.9,124.97999999999999,121.7,99.9
0022500746,LAC,SAC,114.47999999999999,119.66000000000001,95.3,110.52000000000001,120.12,95.4
0022500732,LAC,CLE,120.8,112.05999999999999,95.9,121.88,107.42,99.8
0022500715,LAC,PHI,119.6,106.14000000000001,96.7,118.24000000000001,120.17999999999999,98.0
0022500709,LAC,PHX,116.51999999999998,112.9,98.4,112.16,108.2,98.4
0022500695,LAC,DEN,115.75999999999999,108.35999999999999,99.3,112.3,111.28,96.3
0022500670,LAC,UTA,114.84,109.16,99.138,112.42,126.58000000000001,103.6
0022500656,LAC,BKN,114.94000000000001,113.34,98.03800000000001,107.9,126.74000000000001,92.90599999999999
0022500633,LAC,LAL,116.74000000000001,115.52000000000001,97.23800000000001,121.85999999999999,118.64000000000001,98.2
0022500614,LAC,CHI,114.78,107.38,96.638,121.44000000000001,114.7,98.8
0022500608,LAC,WAS,118.36000000000001,108.54,95.53800000000001,104.84,119.3,102.1
0022500590,LAC,TOR,119.46,112.0,95.3,113.17999999999999,114.66,94.644
0022500577,LAC,WAS,115.9,111.17999999999999,95.5,103.55999999999999,119.32000000000001,104.9
0022500563,LAC,CHA,115.74000000000001,119.72,95.2,121.62,103.2,97.4
0022500544,LAC,DET,120.22,121.93999999999998,94.8,118.42,103.6,99.2
0022500535,LAC,BKN,121.78000000000002,118.5,95.1,110.2,119.58,94.994
0022500522,LAC,NYK,121.72,113.83999999999999,95.0,113.4,123.66,100.5
0022500508,LAC,GSW,126.92,115.41999999999999,93.7,117.0,120.96000000000001,99.986
0022500493,LAC,BOS,130.61999999999998,107.67999999999999,93.2,120.96000000000001,111.7,99.3
0022500475,LAC,UTA,128.7,106.2,92.1,119.01999999999998,124.24000000000001,103.7
0022500461,LAC,SAC,120.0,109.85999999999999,94.6,110.12,116.32000000000001,99.428
0022500445,LAC,DET,118.96,112.55999999999999,94.3,116.28000000000002,108.42,101.70599999999999
0022500431,LAC,POR,112.51999999999998,112.0,95.7,104.47999999999999,110.3,100.14
0022500422,LAC,HOU,107.8,107.16,97.0,117.58,115.2,96.59
0022500395,LAC,LAL,108.84,114.44000000000001,99.7,119.85999999999999,124.6,98.6
0022500369,LAC,OKC,110.92,113.55999999999999,99.2,125.11999999999998,105.5,101.2
0022501205,LAC,HOU,115.8,114.28,99.4,123.64000000000001,112.94000000000001,99.3
0022500355,LAC,MIN,109.75999999999999,114.08000000000001,100.3,120.67999999999999,115.5,100.42
0022500347,LAC,MEM,116.78,116.4,100.0,119.14000000000001,112.06000000000002,98.4
0022500327,LAC,ATL,112.3,121.82000000000001,101.7,113.3,110.11999999999998,100.486
0022500313,LAC,MIA,111.84,118.56000000000002,99.5,111.74000000000001,106.58,106.0
0022500300,LAC,DAL,115.97999999999999,122.38,97.4,105.04,110.66,101.28600000000002
0022500079,LAC,MEM,119.3,122.3,99.34333333333332,117.73333333333333,113.60000000000001,99.05666666666667
0022500059,LAC,LAL,116.85,113.85,101.015,116.8,116.25999999999999,97.4
0022500278,LAC,CLE,117.78000000000002,124.43999999999998,97.6,112.76000000000002,110.82000000000001,101.7
0022500268,LAC,CHA,112.94000000000001,122.62,96.9,111.6,116.64000000000001,97.4
0022500264,LAC,ORL,116.84,123.38,93.8,114.66,111.6,98.81
0022500243,LAC,PHI,115.14000000000001,124.44000000000001,94.0,114.25999999999999,114.3,100.3
0022500233,LAC,BOS,111.88000000000002,124.16,94.9,120.92,107.05999999999999,96.2
0022500046,LAC,DAL,127.3,125.3,99.0,103.025,113.275,103.125
0022500224,LAC,DEN,111.54,120.66,95.9,120.05999999999999,103.82000000000001,102.3
0022500206,LAC,ATL,107.12,120.1,95.2,117.96,112.58,101.5
0022500190,LAC,PHX,106.12,115.74000000000001,97.8,115.94000000000001,113.75999999999999,101.35
0022500182,LAC,PHX,111.67999999999999,112.56000000000002,98.0,112.85999999999999,117.82000000000001,103.25
0022500170,LAC,OKC,112.58,114.25999999999999,97.3,119.02000000000001,102.4,99.2
0022500164,LAC,MIA,111.08,113.58,96.5,117.66000000000001,108.1,106.2
0022500027,LAC,NOP,,,,,,
0022500127,LAC,GSW,118.16000000000001,119.64000000000001,97.8,115.46000000000001,117.34,101.1
0022500112,LAC,POR,117.3,119.13999999999999,97.90599999999999,115.72,118.54,103.6
0022500099,LAC,PHX,116.16,123.16,98.306,114.35999999999999,107.75999999999999,101.8
0022500087,LAC,UTA,116.775,120.0,99.1325,104.625,124.425,103.75
0022501195,MIN,NOP,117.25999999999999,120.24000000000001,100.8,113.12,118.42,106.0
0022500824,MIN,PHI,116.51999999999998,110.3,103.6,104.4,121.28,102.2
0022500806,MIN,DAL,118.12,113.82000000000001,103.1,108.92,122.05999999999999,102.9
0022500783,MIN,POR,119.35999999999999,121.67999999999999,101.1,122.98000000000002,120.09999999999998,101.8
0022500760,MIN,LAC,124.97999999999999,121.7,99.9,113.55999999999999,120.62,95.9
0022500744,MIN,NOP,123.74000000000001,117.16,101.5,110.85999999999999,115.28,97.81
0022500700,MIN,MEM,106.12,102.38,103.7,110.04,115.52000000000001,100.9
0022500686,MIN,OKC,104.52000000000001,103.92,105.0,114.22,109.2,98.4
0022500677,MIN,DAL,106.64000000000001,109.38,103.9,115.1,111.66,106.8
0022500663,MIN,GSW,107.88,116.3,102.1,118.74000000000001,110.84,105.0
0022500644,MIN,GSW,118.38,115.96,101.8,124.2,118.38,103.1
0022500631,MIN,CHI,117.28,113.7,100.8,124.4,115.88,98.3
0022500616,MIN,UTA,120.05999999999999,117.84,100.4,115.6,124.48000000000002,103.8
0022500598,MIN,SAS,120.42,115.84,101.4,107.52000000000001,103.92,98.2
0022500591,MIN,HOU,120.97999999999999,110.34,104.0,108.9,116.35999999999999,94.7
0022500566,MIN,MIL,120.84,111.24000000000001,104.6,116.63999999999999,114.16,95.9
0022500542,MIN,CLE,119.46000000000001,111.0,103.8,116.66,113.0,102.4
0022500513,MIN,MIA,120.74000000000001,116.12,100.6,122.92,110.84,105.4
0022500463,MIN,ATL,113.1,106.9,100.8,118.9,124.72,107.6
0022500452,MIN,CHI,107.5,108.96,101.5,119.93999999999998,118.52000000000001,103.5
0022500439,MIN,BKN,107.78,106.28,101.0,108.58000000000001,104.62,98.6
0022500246,MIN,DAL,121.7,119.28,100.8,109.84,110.06000000000002,102.58600000000001
0022500044,MIN,SAC,118.95,117.925,102.2175,97.1,125.7,104.5
0022500197,MIN,SAC,119.28,117.2,98.8,115.46,119.22,102.9
0022500036,MIN,UTA,115.93333333333334,126.73333333333333,100.79,95.0,115.7,101.5
0022500175,MIN,NYK,118.0,111.1,100.3,117.24000000000001,113.25999999999999,99.6
0022500156,MIN,BKN,113.7,111.0,100.8,113.48000000000002,129.0,98.2
0022500143,MIN,CHA,111.04,112.34,101.4,118.82000000000001,119.32000000000001,104.3
0022500008,MIN,DEN,,,,123.6,128.0,96.45
0022500019,MIN,LAL,115.4,121.3,104.435,106.2,124.9,96.0
0022501128,NOP,SAC,109.21999999999998,125.05999999999999,99.1,112.1,126.6,96.5
0022501118,NOP,POR,110.12,125.05999999999999,98.1,117.84,97.11999999999998,101.2
0022501088,NOP,HOU,111.14000000000001,118.4,97.7,116.88000000000002,111.55999999999999,99.772
0022501071,NOP,TOR,116.04,117.3,96.8,116.42,118.54,100.8
0022501064,NOP,DET,118.71999999999998,112.85999999999999,97.9,119.17999999999999,108.52000000000001,99.524
0022501048,NOP,NYK,115.84,109.6,98.2,127.28,113.05999999999999,96.1
0022501025,NOP,CLE,117.2,108.0,99.7,124.48000000000002,118.47999999999999,99.5
0022501012,NOP,LAC,122.05999999999999,110.28,101.1,120.35999999999999,120.02000000000001,100.0
0022501005,NOP,LAC,120.38,112.16,101.1,122.62,117.28,101.1
0022500988,NOP,DAL,122.05999999999999,115.0,100.4,106.7,123.34,101.1
0022500964,NOP,HOU,119.34,113.6,102.2,109.92,118.21999999999998,97.322
0022500948,NOP,TOR,119.05999999999999,118.7,101.9,114.92,114.8,96.9
0022500925,NOP,WAS,115.32000000000001,116.8,101.3,112.44000000000001,126.0,100.2
0022500912,NOP,PHX,116.2,115.58,102.5,104.05999999999999,108.04,94.0
0022500907,NOP,SAC,111.97999999999999,112.94000000000001,102.7,110.28,120.18000000000002,100.8
0022500891,NOP,LAL,116.82000000000001,113.14000000000001,102.7,116.9,112.32000000000001,96.4
0022500877,NOP,LAC,115.9,113.28,103.3,110.44000000000001,112.4,97.4
0022500867,NOP,UTA,114.91999999999999,116.35999999999999,103.61200000000001,109.33999999999999,114.5,105.7
0022500856,NOP,UTA,113.85999999999999,111.97999999999999,103.11200000000001,108.1,110.54,106.2
0022500838,NOP,GSW,117.28,115.14000000000001,101.212,112.2,116.3,100.3
0022500812,NOP,PHI,118.92,120.17999999999999,99.72200000000001,105.18000000000002,119.7,102.3
0022500807,NOP,MIL,116.24000000000001,114.22,98.222,118.22,114.47999999999999,94.50999999999999
0022500784,NOP,MIA,117.47999999999999,114.66,97.80999999999999,113.9,103.22,103.1
0022500766,NOP,SAC,115.82000000000001,117.1,98.00999999999999,115.84,122.28000000000002,98.1
0022500744,NOP,MIN,110.85999999999999,115.28,97.81,123.74000000000001,117.16,101.5
0022500639,NOP,MEM,114.03999999999999,119.94000000000001,99.1,116.46,113.96,99.2
0022500624,NOP,DET,118.73999999999998,124.86000000000001,97.6,111.75999999999999,94.24,99.0
0022500604,NOP,HOU,120.22,120.82000000000001,99.3,109.86000000000001,116.32000000000001,95.2
0022500588,NOP,IND,114.38,116.44000000000001,101.3,109.22,108.04,100.9
0022500574,NOP,BKN,111.3,115.58,101.7,113.1,117.05999999999999,93.29400000000001
0022500567,NOP,DEN,107.54,114.08000000000001,103.5,115.01999999999998,119.32000000000001,93.96600000000001
0022500466,NOP,CHI,113.08,120.2,103.5,114.13999999999999,121.32000000000001,102.8
0022500454,NOP,NYK,111.8,114.46,105.1,116.72,118.14000000000001,100.4
0022500085,NOP,MEM,112.55,118.525,102.0425,116.575,112.5,98.9175
0022500927,SAS,HOU,117.55999999999999,107.42,99.4,114.23999999999998,112.96000000000001,96.422
0022500904,SAS,DET,112.6,103.05999999999999,101.7,111.14000000000001,109.66,99.372
0022500888,SAS,PHI,113.16,108.24000000000001,102.4,117.96,113.78000000000002,102.1
0022501141,LAC,SAC,116.1,113.4,97.2,117.56000000000002,122.04,96.6
0022501012,LAC,NOP,120.35999999999999,120.02000000000001,100.0,122.05999999999999,110.28,101.1
0022501005,LAC,NOP,122.62,117.28,101.1,120.38,112.16,101.1
0022501226,LAC,MEM,112.51999999999998,117.08000000000001,98.0,108.13999999999999,129.23999999999998,106.7
0022500770,PHI,POR,120.67999999999999,112.1,97.3,115.9,122.35999999999999,101.4
0022500410,PHI,BKN,113.11999999999998,107.9,98.8,107.92,103.6,99.0
0022500209,PHI,BOS,117.85999999999999,113.6,101.9,119.28,113.83999999999999,96.8
0022500195,PHI,DET,121.08000000000001,115.31999999999998,102.196,121.31999999999998,109.4,99.9
0022500184,PHI,TOR,123.05999999999999,117.1,101.49600000000001,118.2,118.67999999999999,101.3
0022500171,PHI,CLE,123.84,115.46,101.296,114.62,116.78,103.4
0022500167,PHI,CHI,125.25999999999999,116.5,100.99600000000001,115.06000000000002,110.42,103.8
0022500149,PHI,BKN,123.2,116.94000000000001,100.296,114.97999999999999,129.36,99.0
0022500021,PHI,BOS,,,,105.94999999999999,112.35,93.25
0022500123,PHI,WAS,117.42,120.43999999999998,101.3,107.46,115.92,105.5
0022500114,PHI,ORL,110.94000000000001,118.17999999999999,101.5,110.2,104.55999999999999,106.2
0022501164,PHX,DAL,114.5,114.42,100.7,110.6,118.08,104.6
0022501093,PHX,MEM,118.8,111.0,97.7,105.4,124.42,102.4
0022501036,PHX,TOR,111.1,118.88,96.0,122.44000000000001,115.52000000000001,99.4
0022501031,PHX,MIL,113.9,117.9,96.8,111.67999999999999,123.24000000000001,98.8
0022501013,PHX,SAS,119.08,119.9,97.4,123.94000000000001,113.92,100.4
0022500996,PHX,MIN,123.42,118.72,95.2,111.16,124.42,100.2
0022500954,PHX,IND,118.35999999999999,111.14000000000001,97.1,108.1,122.85999999999999,102.1
0022500928,PHX,CHA,112.25999999999999,112.88000000000002,94.3,123.96,104.78000000000002,96.7
0022500798,PHX,SAS,116.3,120.4,96.4,124.54,108.73999999999998,105.2
0022500773,PHX,DAL,114.08,116.58,96.5,112.14000000000001,120.5,102.4
0022500754,PHX,PHI,116.38,114.33999999999999,96.3,123.28,114.78,96.2
0022500499,PHX,OKC,117.25999999999999,109.85999999999999,101.2,122.98000000000002,107.66,103.0
0022500483,PHX,SAC,120.24000000000001,112.35999999999999,99.7,108.6,125.6,98.8
0022500465,PHX,CLE,121.9,111.12,98.9,118.94000000000001,116.66,103.8
0022500448,PHX,WAS,117.74000000000001,109.47999999999999,99.8,118.2,118.1,102.4
0022500434,PHX,NOP,116.12,108.78,98.7,113.38,113.32000000000001,104.862
0022500429,PHX,NOP,113.78000000000002,111.44000000000001,97.8,117.3,116.7,105.362
0022500418,PHX,LAL,110.5,110.32000000000001,99.0,117.62,122.25999999999999,96.8
0022500392,PHX,GSW,111.6,114.72,97.4,108.38000000000002,103.47999999999999,97.9
0022500378,PHX,GSW,111.16,119.84,96.1,110.88000000000002,104.1,96.7
0022500317,PHX,LAL,114.22,119.01999999999998,98.2,116.6,111.72,101.7
0022500075,PHX,OKC,113.96666666666665,102.26666666666667,100.66666666666667,121.67999999999999,106.0,102.4
0022500068,PHX,SAC,113.2,101.85,102.5,100.94999999999999,122.45,104.5
0022500290,PHX,HOU,121.33999999999999,108.25999999999999,101.4,122.1,109.63999999999999,98.71000000000001
0022500281,PHX,SAS,122.88,107.0,101.8,118.88000000000002,112.94000000000001,102.5
0022500053,PHX,MIN,115.7,95.0,101.5,119.0,115.3,102.674
0022500254,PHX,POR,124.02000000000001,109.17999999999999,98.7,118.24000000000001,118.64000000000001,103.28600000000002
0022500239,PHX,ATL,124.31999999999998,105.9,97.5,121.22,106.3,101.7
0022500689,BOS,SAC,114.23999999999998,111.58,95.70599999999999,111.14000000000001,123.82000000000001,97.1
0022500277,BOS,ORL,121.22,109.96,94.9,120.08,108.82000000000001,101.11
0022500216,BOS,MEM,114.24000000000001,113.66,96.5,105.88,118.02000000000001,101.9
0022500158,BOS,UTA,118.64000000000001,114.85999999999999,97.3,116.94000000000001,117.55999999999999,101.55
0022500146,BOS,HOU,122.13999999999999,111.96000000000001,97.2,125.55999999999999,116.2,95.7
0022500117,BOS,NOP,114.0,119.08,98.4,109.67999999999999,115.25999999999999,102.734
0022500106,BOS,DET,113.66,117.3,98.0,111.64000000000001,110.35999999999999,101.3
0022500018,BOS,NYK,110.8,111.8,93.0,109.33333333333333,111.56666666666666,104.33333333333333
0022500083,BOS,PHI,110.67999999999999,116.47999999999999,96.7,107.2,117.44999999999999,100.25
0022501189,ATL,MIA,119.47999999999999,105.82000000000001,102.6,124.54,129.16,100.9
0022500641,IND,OKC,102.74000000000001,116.64000000000001,100.9,120.04,105.58,99.4
0022500621,IND,BOS,103.22,113.93999999999998,99.2,117.35999999999999,110.78,96.7
0022500609,IND,PHI,104.38,108.64000000000001,101.8,110.82000000000001,111.46,98.244
0022500595,IND,DET,113.58,109.5,99.3,112.34,101.96000000000001,97.1
0022500588,IND,NOP,109.22,108.04,100.9,114.38,116.44000000000001,101.3
0022500571,IND,TOR,113.54,111.05999999999999,101.7,112.16,112.7,96.244
0022500559,IND,BOS,113.78,113.4,104.4,126.43999999999998,116.73999999999998,93.8
0022500543,IND,MIA,112.0,116.43999999999998,103.7,106.66,108.34,106.9
0022500528,IND,CHA,113.02000000000001,119.3,103.7,118.75999999999999,112.62,97.1
0022500495,IND,ORL,110.74000000000001,123.0,104.9,112.5,117.08,100.2
0022500464,IND,ORL,108.22,122.9,100.9,110.96,118.34,98.0
0022500453,IND,HOU,103.94000000000001,120.66,103.1,118.88,118.52000000000001,95.39
0022500436,IND,MIA,105.25999999999999,117.4,101.3,110.3,114.38,101.7
0022500426,IND,BOS,104.78,110.74000000000001,100.9,122.88,108.55999999999999,96.4
0022500413,IND,MIL,110.03999999999999,109.12,101.1,108.64000000000001,114.92,97.9
0022500372,IND,NYK,116.5,116.08000000000001,99.7,125.41999999999999,111.96,95.9
0022501211,IND,PHI,106.61999999999998,111.34,103.1,105.28,109.1,100.2
0022500345,IND,CHI,117.62,122.0,99.9,109.28,115.85999999999999,104.5
0022500325,IND,DEN,115.35999999999999,119.66,100.5,126.41999999999999,121.74000000000001,99.2
0022500310,IND,CLE,111.88,116.5,102.2,112.85999999999999,112.32000000000001,98.5
0022500073,IND,WAS,103.975,113.175,101.905,114.86666666666666,128.0,104.01333333333334
0022500283,IND,DET,112.8,129.04,102.2,121.67999999999999,111.93999999999998,102.72
0022500048,IND,CLE,107.45,120.65,101.81,114.64000000000001,112.78,103.5
0022500256,IND,CHA,104.0,128.01999999999998,102.3,110.4,114.22,97.5
0022500242,IND,DET,101.3,126.3,102.4,115.47999999999999,108.46,101.72
0022500230,IND,TOR,101.14,124.58,101.0,124.02000000000001,112.96,98.4
0022500226,IND,PHX,103.25999999999999,120.16,102.1,118.58,109.97999999999999,97.7
0022500211,IND,UTA,100.52,112.22,101.9,108.96,117.23999999999998,102.1
0022500196,IND,GSW,103.74000000000001,110.02000000000001,102.9,110.48000000000002,107.22,100.1
0022500189,IND,DEN,106.47999999999999,109.44000000000001,102.5,124.25999999999999,110.67999999999999,103.6
0022500173,IND,BKN,106.28,112.38,102.7,112.34,129.56,96.7
0022500157,IND,MIL,107.96,106.67999999999999,102.1,120.28000000000002,116.34,101.5
0022500144,IND,GSW,104.42,104.3,102.0,111.56000000000002,111.24000000000001,100.0
0022500020,IND,ATL,108.0,114.6,102.62,107.8,108.7,102.5
0022500133,IND,DAL,105.98000000000002,107.0,101.5,111.55999999999999,114.38,103.5
0022500110,IND,MIN,105.58,109.97999999999999,101.4,114.88,106.14000000000001,103.6
0022500103,IND,MEM,106.97999999999999,107.55999999999999,101.624,113.82000000000001,114.55999999999999,103.934
0022500005,IND,OKC,,,,112.6,107.8,93.52
0022500688,WAS,LAL,107.47999999999999,108.94000000000001,100.6,113.74000000000001,116.74000000000001,98.9
0022500681,WAS,MIL,108.67999999999999,113.47999999999999,100.5,109.72,116.97999999999999,99.8
0022500664,WAS,POR,109.72,117.84,99.5,113.6,109.17999999999999,100.1
0022500645,WAS,CHA,108.58,118.6,98.8,120.1,110.54,95.5
0022500534,WAS,NOP,112.28,115.92,102.9,104.44000000000001,118.9,102.8
0022500399,WAS,SAS,107.04,127.46000000000001,100.9,117.75999999999999,108.38,104.1
0022500073,WAS,IND,114.86666666666666,128.0,104.01333333333334,103.975,113.175,101.905
0022500057,WAS,ATL,108.19999999999999,137.15,104.52000000000001,110.16666666666667,107.83333333333333,101.5
0022500050,WAS,TOR,110.6,141.0,104.5,111.1,99.55,99.5
0022501162,DEN,MEM,126.21999999999998,115.92,99.772,109.04,128.6,101.5
0022501147,DEN,POR,127.17999999999999,116.74000000000001,101.662,116.16000000000001,100.19999999999999,99.7
0022501130,DEN,SAS,127.28,117.0,101.8,124.78,103.54,100.1
0022501112,DEN,UTA,128.32,117.1,100.7,110.17999999999999,125.58,106.5
0022501090,DEN,GSW,128.57999999999998,121.32000000000001,101.2,111.54,115.24000000000001,102.85
0022501072,DEN,UTA,126.47999999999999,115.44000000000001,101.0,111.4,121.04,106.4
0022501059,DEN,DAL,122.2,112.78,99.924,116.85999999999999,122.53999999999999,103.05999999999999
0022501050,DEN,PHX,122.1,111.97999999999999,101.824,112.38,113.66,96.0
0022501032,DEN,POR,123.08,108.61999999999998,101.324,113.48000000000002,106.33999999999999,101.7
0022501021,DEN,TOR,123.08,110.2,102.224,118.84,113.86000000000001,99.5
0022500651,DEN,MEM,110.28,114.08,94.6,116.97999999999999,115.42,100.6
0022500997,DEN,PHI,120.05999999999999,119.85999999999999,101.424,111.72,114.6,100.5
0022500974,DEN,LAL,121.78,119.85999999999999,101.1,123.92,114.3,99.2
0022500958,DEN,SAS,121.46,120.82000000000001,99.7,127.04,108.9,100.4
0022500950,DEN,HOU,116.52000000000001,125.62,100.0,115.2,114.82000000000001,98.122
0022500933,DEN,OKC,112.35999999999999,121.9,100.83000000000001,107.34,100.26,100.13
0022500911,DEN,NYK,113.44000000000001,111.46,99.73,112.72,101.5,97.1
0022500906,DEN,LAL,111.28,112.32000000000001,101.33000000000001,119.71999999999998,108.82000000000001,97.8
0022500881,DEN,UTA,114.72,105.72,103.33,106.42,118.62,105.7
0022500871,DEN,MIN,114.84,103.82000000000001,104.53,113.0,109.72,102.7
0022500862,DEN,OKC,118.7,105.17999999999999,103.4,111.17999999999999,109.43999999999998,98.9
0022500847,DEN,BOS,120.42,111.78,104.2,115.16,106.05999999999999,93.7
0022500820,DEN,GSW,125.54,111.14000000000001,103.2,110.47999999999999,116.02000000000001,97.0
0022500810,DEN,POR,119.88000000000002,116.88,99.372,121.42,114.87999999999997,104.7
0022500801,DEN,LAC,122.34,120.17999999999999,98.172,108.16000000000001,111.66,96.0
0022500787,DEN,MEM,119.85999999999999,121.18000000000002,98.272,119.53999999999999,122.58000000000001,101.9
0022500767,DEN,CLE,122.42,120.1,97.272,124.54,109.08,101.1
0022500752,DEN,CHI,119.54,120.25999999999999,94.57199999999999,106.44000000000001,121.42,102.8
0022500726,DEN,NYK,119.42,119.32000000000001,95.0,120.85999999999999,97.42,98.0
0022500716,DEN,DET,117.12,117.66,96.6,120.6,106.67999999999999,100.6
0022500537,DEN,ATL,117.6,119.51999999999998,94.66600000000001,109.4,105.88,104.5
0022500520,DEN,BOS,117.2,124.42,96.566,128.22,114.24000000000001,97.0
0022500496,DEN,BKN,119.7,125.74000000000001,98.8,111.8,118.2,96.8
0022500224,DEN,LAC,120.05999999999999,103.82000000000001,102.3,111.54,120.66,95.9
0022500212,DEN,SAC,120.0,102.46,104.1,117.54,125.4,103.8
0022500189,DEN,IND,124.25999999999999,110.67999999999999,103.6,106.47999999999999,109.44000000000001,102.5
0022500037,DEN,GSW,118.85,117.225,100.955,121.96666666666665,112.96666666666665,101.31666666666666
0022500178,DEN,MIA,125.05999999999999,112.74000000000001,101.2,115.12,111.25999999999999,104.1
0022500162,DEN,SAC,127.63999999999999,111.21999999999998,99.0,113.52000000000001,117.8,101.3
0022500026,DEN,POR,122.06666666666666,119.60000000000001,101.77333333333333,,,
0022500134,DEN,NOP,124.84,115.28,99.0,109.02000000000001,118.02000000000001,100.834
0022500008,DEN,MIN,123.6,128.0,96.45,,,
0022500104,DEN,PHX,123.6,117.72,99.274,112.25999999999999,115.35999999999999,100.9
0022500006,DEN,GSW,,,,119.0,106.9,101.0
0022501196,PHX,OKC,107.47999999999999,116.85999999999999,96.2,126.54,104.05999999999999,101.8
0022500826,PHX,POR,107.44000000000001,117.94000000000001,96.442,113.85999999999999,121.3,106.1
0022500785,PHX,OKC,113.13999999999999,116.4,96.3,116.94000000000001,108.85999999999999,99.4
0022500742,NYK,DET,123.32000000000001,102.17999999999999,97.272,117.34,109.6,102.2
0022500416,NYK,MIN,121.88,114.1,99.1,109.66,108.92,98.7
0022500328,NYK,CHA,119.62,117.1,96.6,115.12,121.62000000000003,96.404
0022500320,NYK,BOS,115.14000000000001,111.16000000000001,99.8,126.32000000000001,121.05999999999999,95.7
0022500303,NYK,TOR,112.64000000000001,116.1,100.6,114.85999999999999,110.02000000000001,97.604
0022500074,NYK,MIL,120.36000000000001,115.91999999999999,99.3,116.375,108.775,102.395
0022500061,NYK,CHA,118.5,119.17999999999999,100.4,111.69999999999999,126.35,102.78999999999999
0022500285,NYK,BKN,112.78,116.22,104.0,113.22,123.23999999999998,96.0
0022500269,NYK,ORL,117.04,110.03999999999999,103.0,116.72,107.72,100.71000000000001
0022500262,NYK,DAL,123.34,111.82000000000001,101.9,107.62,111.88,104.38600000000001
0022500244,NYK,MIA,125.16,110.12,101.2,114.34,118.04,106.55
0022501218,CHA,CLE,116.78,117.38000000000002,95.9,121.78,118.28,102.9
0022501209,CHA,CHI,117.88,113.9,95.4,109.22,112.25999999999999,107.5
0022500359,CHA,DEN,111.28,111.22,96.404,129.74,122.56000000000002,99.6
0022500276,CHA,ATL,112.14000000000001,118.18000000000002,97.8,119.1,116.46,102.3
0022500229,CHA,OKC,115.4,114.76000000000002,98.0,118.97999999999999,102.3,102.0
0022500213,CHA,MIL,114.08,118.88000000000002,98.5,115.4,122.33999999999999,100.7
0022500198,CHA,LAL,112.32000000000001,120.06000000000002,101.1,116.54,116.76000000000002,100.9
0022500033,CHA,MIA,,,,,,
0022500168,CHA,NOP,115.42,118.0,102.7,102.8,123.9,99.5
0022500150,CHA,UTA,113.96,121.64000000000001,103.2,121.4,115.7,101.95
0022501197,DEN,SAS,127.66,116.16000000000001,100.572,122.35999999999999,110.7,98.762
0022501182,DEN,OKC,127.7,115.38,98.672,127.47999999999999,100.11999999999999,100.31800000000001
0022500711,DEN,OKC,115.96,114.28,95.9,113.12,109.88,97.9
0022500695,DEN,LAC,112.3,111.28,96.3,115.75999999999999,108.35999999999999,99.3
0022500684,DEN,BKN,110.5,112.05999999999999,97.7,103.47999999999999,126.01999999999998,93.006
0022500668,DEN,DET,107.97999999999999,114.44000000000001,96.1,114.35999999999999,101.1,102.3
0022500640,DEN,MIL,113.6,115.72,94.7,106.9,120.67999999999999,97.2
0022500629,DEN,WAS,115.94000000000001,118.72,95.4,106.26000000000002,118.04,100.3
0022500617,DEN,LAL,116.63999999999999,115.92,95.4,120.97999999999999,121.96000000000001,98.4
0022500605,DEN,CHA,114.72,113.25999999999999,97.3,126.06000000000002,117.08000000000001,98.8
0022500600,DEN,WAS,115.28,114.4,95.6,103.42,121.02000000000001,102.4
0022500575,DEN,DAL,115.2,115.78,94.96600000000001,107.44000000000001,108.02000000000001,101.4
0022500567,DEN,NOP,115.01999999999998,119.32000000000001,93.96600000000001,107.54,114.08000000000001,103.5
0022500554,DEN,MIL,113.84,121.2,94.46600000000001,117.8,114.2,96.7
0022500507,DEN,PHI,117.9,125.74000000000001,98.0,116.23999999999998,115.96,100.986
0022500478,DEN,CLE,123.14000000000001,123.13999999999999,100.7,120.38,112.55999999999999,103.4
0022500468,DEN,TOR,121.88000000000002,125.35999999999999,100.9,110.55999999999999,110.75999999999999,98.386
0022500450,DEN,MIA,122.72,119.08,100.8,115.16,116.46,103.6
0022500433,DEN,ORL,121.24000000000001,115.54,100.2,109.05999999999999,118.67999999999999,99.224
0022500013,DEN,MIN,123.44999999999999,120.45,99.225,112.9,123.3,102.0
0022500415,DEN,DAL,120.02000000000001,114.14000000000001,101.7,112.62,115.62,100.90599999999999
0022500405,DEN,UTA,121.54,117.2,100.4,115.9,127.58000000000001,101.124
0022500386,DEN,HOU,124.67999999999999,119.42,101.2,117.84,114.2,99.662
0022500377,DEN,ORL,127.67999999999999,120.96,99.5,112.74000000000001,115.25999999999999,101.5
0022501225,DEN,HOU,129.94,113.24000000000001,100.41,122.7,112.04,99.6
0022501208,DEN,SAC,128.7,117.44000000000001,99.47200000000001,113.9,120.82000000000001,99.3
0022500359,DEN,CHA,129.74,122.56000000000002,99.6,111.28,111.22,96.404
0022500340,DEN,ATL,130.06,123.88000000000002,97.7,107.76000000000002,107.62,99.286
0022500325,DEN,IND,126.41999999999999,121.74000000000001,99.2,115.35999999999999,119.66,100.5
0022500315,DEN,DAL,126.42,121.06000000000002,99.9,102.32000000000001,107.85999999999999,101.9
0022500299,DEN,PHX,122.34,118.94000000000001,101.8,117.28,111.05999999999999,99.2
0022500076,DEN,SAS,121.05999999999999,113.04,99.474,117.92,103.94000000000001,99.3
0022500287,DEN,MEM,123.35999999999999,119.16,101.8,108.82000000000001,110.6,98.3
0022500274,DEN,SAC,123.16,115.0,101.8,101.22,122.58,102.1
0022500054,DEN,HOU,121.96,115.44000000000001,99.964,122.075,113.475,96.255
0022500260,DEN,NOP,122.74000000000001,112.17999999999999,101.0,110.62,124.72,99.6
0022500248,DEN,CHI,121.8,108.32000000000001,101.2,112.78,117.96,103.572
0022500232,DEN,MIN,122.21999999999998,109.54,102.1,124.14000000000001,116.2,100.4
0022501174,BOS,NOP,130.98000000000002,116.52000000000001,93.6,111.04,118.08,104.9
0022501149,BOS,CHA,127.97999999999999,113.02000000000001,95.7,123.82000000000001,109.76000000000002,95.6
0022501132,BOS,TOR,128.21999999999997,114.82000000000001,94.4,122.04,107.6,100.8
0022501106,BOS,MIA,112.38,109.9,95.6,115.66,121.75999999999999,103.3
0022501054,BOS,OKC,114.5,107.04,98.1,119.55999999999999,102.67999999999999,101.0
0022501019,BOS,MEM,117.78,111.66000000000001,96.7,116.66,131.94,99.3
0022500986,BOS,PHX,115.47999999999999,109.0,96.7,124.66,117.88,95.2
0022500971,BOS,WAS,112.16,115.01999999999998,95.2,112.97999999999999,126.1,104.33
0022500959,BOS,OKC,113.74000000000001,109.9,95.1,111.05999999999999,104.42,99.3
0022500942,BOS,SAS,115.88,106.2,93.3,120.02000000000001,108.73999999999998,100.2
0022500921,BOS,CLE,124.25999999999999,109.0,93.3,115.12,112.1,95.572
0022500908,BOS,DAL,118.17999999999999,111.08,92.0,102.2,116.44000000000001,100.8
0022500894,BOS,CHA,121.93999999999998,104.38,90.5,127.1,103.4,97.4
0022500874,BOS,PHI,120.16,105.83999999999999,93.3,116.84,110.52000000000001,105.1
0022500859,BOS,BKN,113.9,103.6,94.1,101.02000000000001,118.67999999999999,98.3
0022500847,BOS,DEN,115.16,106.05999999999999,93.7,120.42,111.78,104.2
0022500823,BOS,LAL,115.58000000000001,109.08,94.4,114.17999999999999,115.82000000000001,100.2
0022500799,BOS,GSW,114.3,107.7,93.7,108.92,116.42,95.4
0022500778,BOS,CHI,113.62,104.22,91.6,106.85999999999999,127.64000000000001,102.2
0022500757,BOS,NYK,119.55999999999999,100.74,91.0,116.6,109.16,95.97200000000001
0022500741,BOS,MIA,120.34,104.22,91.8,112.42,107.47999999999999,107.3
0022500721,BOS,DAL,116.8,106.9,92.6,104.9,113.67999999999999,103.8
0022500702,BOS,MIL,115.56000000000002,111.64000000000001,93.506,108.52000000000001,114.52000000000001,100.4
0022500673,BOS,ATL,117.3,107.66000000000001,97.40599999999999,108.8,112.78,104.9
0022500660,BOS,POR,121.28,111.97999999999999,97.106,116.92,107.77999999999997,101.3
0022500647,BOS,CHI,118.0,108.28,97.20599999999999,123.71999999999998,112.94000000000001,100.1
0022500637,BOS,BKN,113.74000000000001,106.22,98.4,108.05999999999999,126.78,94.3
0022500621,BOS,IND,117.35999999999999,110.78,96.7,103.22,113.93999999999998,99.2
0022500017,BOS,DET,,,,89.6,111.5,105.0
0022500594,BOS,ATL,116.14000000000001,115.1,94.2,111.96,108.91999999999999,101.8
0022500580,BOS,MIA,115.56000000000002,113.08,93.8,102.34,111.75999999999999,107.8
0022500545,BOS,SAS,132.6,118.22,93.3,113.35999999999999,108.96,102.3
0022500532,BOS,TOR,130.96,116.62,95.0,112.82000000000001,106.02000000000001,99.0
0022500520,BOS,DEN,128.22,114.24000000000001,97.0,117.2,124.42,96.566
0022500503,BOS,CHI,131.45999999999998,116.43999999999998,98.6,110.6,116.96,101.0
0022500493,BOS,LAC,120.96000000000001,111.7,99.3,130.61999999999998,107.67999999999999,93.2
0022500474,BOS,SAC,120.3,110.02000000000001,98.7,110.08000000000001,123.9,98.828
0022500459,BOS,UTA,119.8,109.2,99.0,118.55999999999999,121.97999999999999,103.424
0022500444,BOS,POR,123.82000000000001,110.6,97.7,108.6,113.85999999999999,97.44
0022500426,BOS,IND,122.88,108.55999999999999,96.4,104.78,110.74000000000001,100.9
0022500403,BOS,IND,131.74,108.96,96.8,114.03999999999999,114.88,101.9
0022500381,BOS,MIA,133.84,115.3,95.2,111.78000000000002,112.38,101.5
0022501222,BOS,DET,118.63999999999999,115.1,97.1,127.14000000000001,112.72,100.8
0022501206,BOS,MIL,121.32000000000001,111.55999999999999,97.4,115.6,119.06000000000002,97.6
0022500358,BOS,TOR,132.6,116.55999999999999,95.2,107.32000000000001,118.0,97.604
0022500338,BOS,LAL,134.54000000000002,121.52000000000001,95.4,122.04,118.84,100.6
0022500320,BOS,NYK,126.32000000000001,121.05999999999999,95.7,115.14000000000001,111.16000000000001,99.8
0022500302,BOS,CLE,129.24,117.14000000000001,95.6,109.72,106.8,100.3
0022500293,BOS,MIN,126.55999999999999,114.04,95.2,112.12,107.8,102.024
0022500060,BOS,DET,108.72,115.34,95.9,110.4,108.85,99.25
0022500049,BOS,BKN,108.85,115.05,95.625,107.3,119.55,95.75
0022500250,BOS,BKN,125.2,110.52000000000001,95.7,114.28,120.32000000000001,97.6
0022500233,BOS,LAC,120.92,107.05999999999999,96.2,111.88000000000002,124.16,94.9
0022500209,BOS,PHI,119.28,113.83999999999999,96.8,117.85999999999999,113.6,101.9
0022500193,BOS,ORL,121.84,110.46,96.6,119.66,119.6,100.5
0022500028,BOS,ORL,108.10000000000001,112.0,94.5,,,
0022500174,BOS,WAS,116.9,113.1,96.6,103.62,122.13999999999999,104.096
0022500021,BOS,PHI,105.94999999999999,112.35,93.25,,,
0022500128,BOS,CLE,117.46,113.38,97.5,122.16,113.58,104.4
0022501188,IND,DET,105.4,111.82000000000001,102.0,121.64000000000001,109.14000000000001,97.8
0022501175,IND,PHI,114.35999999999999,114.52000000000001,102.9,112.6,115.97999999999999,99.9
0022501152,IND,MIN,118.84,118.56000000000002,102.1,104.64000000000001,109.67999999999999,101.1
0022501136,IND,CLE,121.54,120.3,103.7,119.16,118.5,101.2
0022501120,IND,CHA,126.12,119.96000000000001,103.4,122.25999999999999,113.4,93.3
0022501109,IND,CHI,123.3,124.14000000000001,101.4,114.47999999999999,123.3,108.1
0022501083,IND,MIA,121.61999999999998,126.88000000000002,100.4,119.32000000000001,125.94000000000001,102.1
0022501066,IND,LAC,122.16,132.18,99.6,120.82000000000001,112.05999999999999,96.10999999999999
0022501052,IND,LAL,123.25999999999999,134.72,97.4,118.35999999999999,114.54,96.3
0022501028,IND,SAS,114.28,128.57999999999998,96.6,119.97999999999999,111.34,99.7
0022501001,IND,POR,110.75999999999999,124.21999999999998,98.1,112.3,103.81999999999998,102.2
0022500994,IND,NYK,109.6,121.55999999999999,99.3,115.22,113.5,97.2
0022500979,IND,MIL,106.92,118.74000000000001,100.5,105.26000000000002,119.0,99.4
0022500962,IND,NYK,108.74000000000001,122.7,101.9,119.3,112.67999999999999,99.1
0022500954,IND,PHX,108.1,122.85999999999999,102.1,118.35999999999999,111.14000000000001,97.1
0022500945,IND,SAC,109.35999999999999,128.7,100.6,114.05999999999999,118.14000000000001,102.6
0022500929,IND,POR,108.32000000000001,127.8,102.1,105.17999999999999,113.96,101.4
0022500914,IND,LAL,109.46,127.74000000000001,103.2,120.78,110.62,97.8
0022500898,IND,LAC,109.93999999999998,126.56000000000002,104.6,116.97999999999999,113.38,96.9
0022500872,IND,MEM,107.7,121.34,106.8,113.02000000000001,117.08,104.8
0022500848,IND,CHA,108.22,115.75999999999999,107.5,121.4,113.72,95.8
0022500831,IND,PHI,111.53999999999999,114.9,106.06800000000001,108.64000000000001,120.8,103.3
0022500821,IND,DAL,107.66,113.31999999999998,105.268,109.01999999999998,121.92,105.0
0022500803,IND,WAS,107.7,112.32000000000001,101.668,108.66,119.4,104.0
0022500795,IND,WAS,111.32000000000001,116.96,100.968,108.1,125.91999999999999,102.6
0022500779,IND,BKN,111.82000000000001,119.47999999999999,100.268,104.84,118.92,101.5
0022500771,IND,NYK,111.66000000000001,118.32000000000001,101.5,115.34,108.7,94.572
0022500942,SAS,BOS,120.02000000000001,108.73999999999998,100.2,115.88,106.2,93.3
0022500913,SAS,LAC,115.44000000000001,105.58,100.2,117.08,108.64000000000001,98.0
0022501136,CLE,IND,119.16,118.5,101.2,121.54,120.3,103.7
0022501096,CLE,UTA,122.81999999999998,119.42,99.8,110.53999999999999,126.35999999999999,106.6
0022501055,CLE,MIA,123.44000000000001,120.64000000000001,98.3,113.36000000000001,126.06000000000002,103.1
0022501049,CLE,ORL,122.16,114.14000000000001,99.4,112.97999999999999,121.2,99.2
0022501025,CLE,NOP,124.48000000000002,118.47999999999999,99.5,117.2,108.0,99.7
0022501011,CLE,CHI,126.16,118.83999999999999,97.8,116.12,119.62,103.20599999999999
0022500995,CLE,MIL,121.34,118.11999999999998,97.3,110.12,124.62,98.9
0022500977,CLE,DAL,122.08000000000001,115.55999999999999,95.7,104.0,123.28000000000002,100.5
0022500965,CLE,DAL,116.88000000000002,115.8,94.8,101.38000000000001,120.33999999999999,99.8
0022500947,CLE,ORL,113.04,112.16000000000001,95.172,116.84,101.97999999999999,100.1
0022500931,CLE,PHI,113.5,115.54,95.172,106.97999999999999,118.32000000000001,99.9
0022500921,CLE,BOS,115.12,112.1,95.572,124.25999999999999,109.0,93.3
0022500352,CLE,GSW,117.2,116.85999999999999,100.4,107.26000000000002,108.0,101.2
0022500310,CLE,IND,112.85999999999999,112.32000000000001,98.5,111.88,116.5,102.2
0022500302,CLE,BOS,109.72,106.8,100.3,129.24,117.14000000000001,95.6
0022500278,CLE,LAC,112.76000000000002,110.82000000000001,101.7,117.78000000000002,124.43999999999998,97.6
0022500612,GSW,MIA,127.7,112.52000000000001,98.6,111.38,117.42,103.6
0022500584,GSW,NYK,119.8,110.75999999999999,98.1,112.88,119.66000000000001,95.9
0022500570,GSW,POR,121.55999999999999,115.5,97.1,117.72,113.09999999999998,98.4
0022500556,GSW,ATL,117.88,116.14000000000001,97.6,106.86000000000001,103.8,103.7
0022500539,GSW,SAC,114.88,118.74000000000001,99.1,100.67999999999999,121.18000000000002,98.3
0022500526,GSW,MIL,115.14000000000001,117.02000000000001,99.2,120.67999999999999,113.52000000000001,96.9
0022500508,GSW,LAC,117.0,120.96000000000001,99.986,126.92,115.41999999999999,93.7
0022500492,GSW,UTA,116.14000000000001,116.8,100.386,118.7,122.84,102.0
0022500462,GSW,CHA,114.88,109.62,99.686,118.32000000000001,118.86000000000001,98.6
0022500449,GSW,BKN,116.05999999999999,106.72,99.286,112.48000000000002,101.84,97.9
0022500441,GSW,TOR,114.22,101.32000000000001,98.0,106.38,112.28,96.8
0022500011,GSW,DAL,123.5,115.25,98.725,91.1,125.0,100.5
0022500407,GSW,ORL,109.97999999999999,102.14000000000001,97.7,108.6,112.43999999999998,100.924
0022500392,GSW,PHX,108.38000000000002,103.47999999999999,97.9,111.6,114.72,97.4
0022500378,GSW,PHX,110.88000000000002,104.1,96.7,111.16,119.84,96.1
0022501221,GSW,POR,115.38,121.16000000000001,97.3,116.62,117.11999999999998,99.61
0022501215,GSW,MIN,116.54,121.64000000000001,95.5,121.5,121.46,101.8
0022500361,GSW,CHI,109.97999999999999,107.02000000000001,99.0,107.23999999999998,117.24000000000001,103.4
0022500323,GSW,OKC,111.54,106.9,102.6,117.58,101.9,100.9
0022500298,GSW,NOP,113.0,109.12,105.0,110.47999999999999,119.3,103.8
0022500066,GSW,HOU,117.88,120.22,99.59,120.85999999999999,114.6,95.804
0022500291,GSW,UTA,107.72,112.0,104.1,120.47999999999999,120.22,104.672
0022500056,GSW,POR,117.32000000000001,116.7,99.49,113.05,123.9,99.5
0022500249,GSW,ORL,111.9,107.2,103.7,113.8,114.58000000000001,98.31
0022500237,GSW,NOP,111.9,108.22,102.8,111.62,117.84,98.9
0022500047,GSW,SAS,118.55,118.325,99.9875,122.23333333333333,102.09999999999998,99.16666666666667
0022500220,GSW,SAS,110.12,107.94000000000001,101.8,115.54,115.58,101.5
0022500210,GSW,OKC,111.28,106.05999999999999,102.3,122.88000000000002,106.82000000000001,101.5
0022500196,GSW,IND,110.48000000000002,107.22,100.1,103.74000000000001,110.02000000000001,102.9
0022500037,GSW,DEN,121.96666666666665,112.96666666666665,101.31666666666666,118.85,117.225,100.955
0022500169,GSW,PHX,111.16,110.74000000000001,102.1,112.5,120.34,102.85
0022500144,GSW,IND,111.56000000000002,111.24000000000001,100.0,104.42,104.3,102.0
0022500139,GSW,MIL,114.75999999999999,113.05999999999999,99.5,118.64000000000001,115.42,101.0
0022500127,GSW,LAC,115.46000000000001,117.34,101.1,118.16000000000001,119.64000000000001,97.8
0022500121,GSW,MEM,111.92,121.96000000000001,99.3,115.8,113.96,104.13399999999999
0022500097,GSW,POR,114.25999999999999,118.35999999999999,98.5,112.46,118.94000000000001,101.2
0022500006,GSW,DEN,119.0,106.9,101.0,,,
0022500002,GSW,LAL,,,,,,
0022501177,CHI,ORL,109.38000000000002,115.74000000000001,105.5,115.9,112.52000000000001,104.9
0022501123,CHI,NYK,113.16,127.4,108.1,120.78,123.38,92.3
0022501109,CHI,IND,114.47999999999999,123.3,108.1,123.3,124.14000000000001,101.4
0022501094,CHI,SAS,113.47999999999999,120.8,108.1,124.05999999999999,104.2,100.2
0022501079,CHI,MEM,111.52000000000001,124.25999999999999,107.3,105.97999999999999,126.4,99.5
0022501070,CHI,OKC,115.88000000000002,119.64000000000001,107.0,119.05999999999999,106.42,100.4
0022501053,CHI,PHI,112.82000000000001,115.2,104.8,111.0,113.2,103.2
0022501042,CHI,HOU,113.84,120.02000000000001,103.6,116.71999999999998,113.97999999999999,95.5
0022501011,CHI,CLE,116.12,119.62,103.20599999999999,126.16,118.83999999999999,97.8
0022501002,CHI,TOR,117.1,118.1,102.40599999999999,117.02000000000001,112.08,98.1
0022500987,CHI,MEM,111.6,117.52000000000001,102.40599999999999,118.04,128.24,99.4
0022500968,CHI,LAC,110.8,116.28000000000002,103.106,127.9,117.4,100.5
0022500960,CHI,LAL,108.42,107.17999999999999,103.506,117.7,108.67999999999999,99.2
0022500943,CHI,GSW,106.32000000000001,108.08,104.3,110.08,119.6,94.622
0022500930,CHI,SAC,105.16,109.82000000000001,103.5,109.6,123.38,101.3
0022500889,CHI,OKC,105.58,112.72,102.6,112.46,107.2,100.92999999999999
0022500870,CHI,MIL,101.96000000000001,115.0,102.7,116.05999999999999,120.58000000000001,99.5
0022500853,CHI,POR,102.05999999999999,117.52000000000001,101.2,107.24000000000001,116.79999999999998,104.1
0022500836,CHI,CHA,103.55999999999999,114.1,102.8,117.32000000000001,117.64000000000001,94.5
0022500825,CHI,NYK,106.66,120.08000000000001,103.4,119.8,107.3,98.868
0022500814,CHI,DET,108.2,122.47999999999999,101.2,121.5,106.3,96.5
0022500797,CHI,TOR,111.5,127.92,100.3,115.12,110.84,99.7
0022500778,CHI,BOS,106.85999999999999,127.64000000000001,102.2,113.62,104.22,91.6
0022500762,CHI,BKN,107.28,125.56000000000002,103.5,105.75999999999999,118.72,98.5
0022500752,CHI,DEN,106.44000000000001,121.42,102.8,119.54,120.25999999999999,94.57199999999999
0022500736,CHI,TOR,107.5,120.78,104.0,107.97999999999999,113.92,101.4
0022500722,CHI,MIL,109.74000000000001,118.72,102.2,105.63999999999999,114.24000000000001,98.3
0022500705,CHI,MIA,115.6,115.55999999999999,101.8,113.28,112.3,107.5
0022500692,CHI,MIA,120.22,116.42,99.6,117.1,112.66,105.8
0022500529,CHI,MIA,111.88,115.42,98.0,113.8,111.54,105.8
0022500672,CHI,IND,124.5,115.3,98.6,100.14000000000001,114.74000000000001,104.3
0022500661,CHI,LAL,123.16,112.62,98.1,113.9,112.35999999999999,98.6
0022500647,CHI,BOS,123.71999999999998,112.94000000000001,100.1,118.0,108.28,97.20599999999999
0022500631,CHI,MIN,124.4,115.88,98.3,117.28,113.7,100.8
0022500614,CHI,LAC,121.44000000000001,114.7,98.8,114.78,107.38,96.638
0022500603,CHI,BKN,115.4,114.43999999999998,101.8,111.67999999999999,117.9,95.4
0022500587,CHI,BKN,113.82000000000001,115.32000000000001,100.3,109.42,116.28,93.994
0022500573,CHI,UTA,109.96,115.08,98.8,109.54,122.58,102.984
0022500565,CHI,HOU,106.42,112.42,99.6,107.52000000000001,112.16,95.0
0022500546,CHI,DAL,107.28,114.84,98.4,107.96000000000001,111.2,102.2
0022500517,CHI,DET,111.05999999999999,117.84,100.5,116.2,107.24000000000001,99.5
0022500503,CHI,BOS,110.6,116.96,101.0,131.45999999999998,116.43999999999998,98.6
0022500489,CHI,CHA,112.62,115.6,100.7,125.54,121.56000000000002,96.8
0022500480,CHI,ORL,111.52000000000001,115.8,102.3,111.92,114.28,100.0
0022500466,CHI,NOP,114.13999999999999,121.32000000000001,102.8,113.08,120.2,103.5
0022500452,CHI,MIN,119.93999999999998,118.52000000000001,103.5,107.5,108.96,101.5
0022500437,CHI,MIL,122.66,115.92,105.5,108.2,113.22,98.4
0022500427,CHI,PHI,119.8,121.05999999999999,104.8,114.12,110.94000000000001,99.1
0022500411,CHI,ATL,117.25999999999999,122.3,103.3,121.54,125.3,105.2
0022500396,CHI,ATL,109.51999999999998,116.9,101.9,112.92,120.88,102.9
0022500384,CHI,CLE,106.52000000000001,116.9,101.9,114.4,115.5,101.2
0022500367,CHI,CLE,102.97999999999999,117.17999999999999,100.3,117.38,116.14000000000001,99.1
0022501223,CHI,NOP,113.36000000000001,113.7,107.2,118.44000000000001,118.28,109.4
0022501209,CHI,CHA,109.22,112.25999999999999,107.5,117.88,113.9,95.4
0022500361,CHI,GSW,107.23999999999998,117.24000000000001,103.4,109.97999999999999,107.02000000000001,99.0
0022500345,CHI,IND,109.28,115.85999999999999,104.5,117.62,122.0,99.9
0022500329,CHI,BKN,111.9,115.88,105.7,110.28000000000002,118.16,95.2
0022500314,CHI,ORL,114.47999999999999,116.47999999999999,105.3,122.35999999999999,116.1,100.21000000000001
0022500295,CHI,IND,117.61999999999998,119.46,106.272,110.85999999999999,123.43999999999998,102.0
0022500071,CHI,CHA,112.5,126.3,104.5,109.16666666666667,128.1,101.02666666666666
0022500289,CHI,NOP,115.52000000000001,116.84,105.372,108.88,121.92,100.9
0022500271,CHI,WAS,114.96000000000001,117.23999999999998,105.172,110.18000000000002,123.2,100.62
0022500051,CHI,MIA,120.1,123.25,102.25,123.6,120.55000000000001,103.75
0022500263,CHI,POR,115.62,119.93999999999998,104.272,116.8,120.8,102.686
0022500248,CHI,DEN,112.78,117.96,103.572,121.8,108.32000000000001,101.2
0022500240,CHI,UTA,112.42,119.3,103.0,116.54,117.1,101.9
0022500214,CHI,DET,116.3,118.05999999999999,102.0,116.02000000000001,108.7,100.92
0022500202,CHI,SAS,118.64000000000001,118.22,102.0,116.47999999999999,114.31999999999998,100.4
0022500186,CHI,CLE,115.52000000000001,111.25999999999999,103.0,116.75999999999999,115.74000000000001,102.9
0022500035,CHI,MIL,136.4,127.6,98.5,108.7,107.8,102.5
0022500167,CHI,PHI,115.06000000000002,110.42,103.8,125.25999999999999,116.5,100.99600000000001
0022500153,CHI,NYK,113.96,108.08000000000001,104.9,122.34,116.97999999999999,98.9
0022500023,CHI,NYK,,,,110.225,108.95,101.625
0022500132,CHI,SAC,108.22,112.17999999999999,106.6,110.16,114.11999999999998,102.2
0022500115,CHI,ATL,104.36000000000001,112.54,106.9,109.94000000000001,118.47999999999999,104.1
0022500100,CHI,ORL,111.08,119.92,105.1,114.88,105.3,103.1
0022500084,CHI,DET,111.725,123.475,105.0,114.85999999999999,110.24000000000001,98.7
0022500714,MEM,MIN,108.2,116.11999999999998,100.2,109.94000000000001,101.88,103.1
0022500700,MEM,MIN,110.04,115.52000000000001,100.9,106.12,102.38,103.7
0022500691,MEM,NOP,112.08,116.55999999999999,101.8,109.2,111.88,99.6
0022500676,MEM,CHA,115.7,114.02000000000001,103.6,119.58,101.26000000000002,95.7
0022500639,MEM,NOP,116.46,113.96,99.2,114.03999999999999,119.94000000000001,99.1
0022500623,MEM,ATL,112.8,113.97999999999999,98.1,110.08,115.35999999999999,101.5
0022500910,POR,HOU,109.54,117.34,101.5,119.21999999999998,113.36000000000001,95.822
0022500896,POR,MEM,105.2,110.91999999999999,100.1,115.78,115.25999999999999,101.3
0022500873,POR,ATL,104.35999999999999,113.73999999999998,101.3,110.88,103.47999999999999,103.4
0022500863,POR,CHA,110.46,113.71999999999998,103.2,126.54,114.12,95.6
0022500853,POR,CHI,107.24000000000001,116.79999999999998,104.1,102.05999999999999,117.52000000000001,101.2
0022500841,POR,MIN,109.76000000000002,115.13999999999999,104.4,113.78,112.24000000000001,104.7
0022500790,POR,UTA,121.46,119.21999999999998,103.0,115.42,108.5,104.7
0022500755,POR,MEM,112.96,121.31999999999998,102.3,118.62,124.84,101.4
0022500745,POR,MEM,106.18000000000002,120.01999999999998,101.1,117.58,123.22,99.0
0022500725,POR,PHX,100.86000000000001,115.66,101.1,111.54,111.05999999999999,97.1
0022500710,POR,CLE,104.17999999999999,111.31999999999998,101.2,121.47999999999999,110.4,98.7
0022500660,POR,BOS,116.92,107.77999999999997,101.3,121.28,111.97999999999999,97.106
0022500642,POR,TOR,115.74000000000001,108.67999999999998,102.2,117.9,112.55999999999999,98.53799999999998
0022500601,POR,LAL,108.66,110.47999999999999,99.7,113.96,120.36000000000001,98.1
0022500585,POR,ATL,113.28,114.21999999999998,99.1,111.4,109.11999999999998,102.0
0022500570,POR,GSW,117.72,113.09999999999998,98.4,121.55999999999999,115.5,97.1
0022501194,HOU,MEM,125.71999999999998,113.9,99.1,106.14000000000001,130.12,105.6
0022501178,HOU,MIN,124.12,111.0,98.0,110.81999999999998,115.52000000000001,101.6
0022501169,HOU,PHI,127.47999999999999,112.32000000000001,95.1,114.6,117.38,99.5
0022501157,HOU,PHX,130.27999999999997,111.08,95.5,118.38,110.9,102.2
0022501142,HOU,GSW,129.92,108.88,96.1,110.72,118.46000000000001,100.3
0022501124,HOU,UTA,122.2,108.85999999999999,95.172,108.94000000000001,123.64000000000001,106.0
0022501110,HOU,MIL,119.9,108.78,98.172,104.84,126.73999999999998,97.5
0022501102,HOU,NYK,120.56000000000002,113.33999999999999,99.47200000000001,118.84,116.82000000000001,94.1
0022501088,HOU,NOP,116.88000000000002,111.55999999999999,99.772,111.14000000000001,118.4,97.7
0022501069,HOU,MEM,116.5,114.92,99.572,108.82000000000001,129.22,99.0
0022501058,HOU,MIN,116.72,115.85999999999999,98.5,112.4,103.97999999999999,101.8
0022501042,HOU,CHI,116.71999999999998,113.97999999999999,95.5,113.84,120.02000000000001,103.6
0022501018,HOU,ATL,109.28,116.61999999999998,95.4,120.38000000000002,106.0,101.8
0022501007,HOU,LAL,108.88,119.22,96.5,120.32000000000001,109.85999999999999,97.524
0022500989,HOU,LAL,110.08,117.32000000000001,98.1,123.92,112.58,99.524
0022500964,HOU,NOP,109.92,118.21999999999998,97.322,119.34,113.6,102.2
0022500950,HOU,DEN,115.2,114.82000000000001,98.122,116.52000000000001,125.62,100.0
0022500940,HOU,TOR,112.88,117.66,98.622,115.08,112.82000000000001,98.2
0022500927,HOU,SAS,114.23999999999998,112.96000000000001,96.422,117.55999999999999,107.42,99.4
0022500910,HOU,POR,119.21999999999998,113.36000000000001,95.822,109.54,117.34,101.5
0022500902,HOU,GSW,119.75999999999999,109.38,99.5,113.88000000000002,116.17999999999999,100.7
0022500879,HOU,WAS,117.96,109.2,98.0,110.2,122.03999999999999,102.8
0022500864,HOU,MIA,119.08000000000001,107.22,97.1,118.52000000000001,110.64000000000001,104.81199999999998
0022500852,HOU,ORL,116.14000000000001,106.05999999999999,97.5,115.78,109.1,95.34200000000001
0022500845,HOU,SAC,111.67999999999999,106.5,96.7,102.08000000000001,121.05999999999999,103.0
0022500830,HOU,UTA,111.88,109.1,94.3,109.17999999999999,108.46,107.4
0022500816,HOU,NYK,110.22,109.05999999999999,94.5,113.9,110.6,98.568
0022500792,HOU,CHA,108.32000000000001,112.92,93.8,113.84,110.3,96.5
0022500782,HOU,LAC,110.22,113.38,95.0,109.88,116.42,96.3
0022500772,HOU,LAC,110.7,114.55999999999999,96.2,114.08,114.25999999999999,96.6
0022500748,HOU,OKC,110.22,111.82000000000001,95.0,115.6,107.72,99.2
0022500737,HOU,CHA,109.8,111.53999999999999,95.5,118.6,105.64000000000001,97.2
0022500728,HOU,BOS,110.96,106.4,97.2,115.82000000000001,102.96,93.3
0022500713,HOU,IND,109.54,104.58,97.1,112.22,115.35999999999999,103.5
0022500701,HOU,DAL,110.35999999999999,107.58,96.228,106.05999999999999,112.55999999999999,105.6
0022500682,HOU,ATL,109.91999999999999,109.88,97.928,113.5,112.35999999999999,103.4
0022500679,HOU,SAS,113.96,109.67999999999999,97.928,116.67999999999999,112.47999999999999,98.8
0022500662,HOU,MEM,114.8,110.9,97.728,117.47999999999999,115.78,104.0
0022500635,HOU,DET,110.34,112.34,97.928,107.47999999999999,95.5,100.8
0022500628,HOU,PHI,112.16,111.25999999999999,98.1,112.28,114.32000000000001,100.0
0022500615,HOU,SAS,112.25999999999999,115.66,95.6,115.34,113.08,98.6
0022500591,HOU,MIN,108.9,116.35999999999999,94.7,120.97999999999999,110.34,104.0
0022500491,HOU,DAL,123.82000000000001,118.94000000000001,93.928,112.88,118.68000000000002,103.1
0022500401,HOU,SAC,117.94000000000001,110.4,97.662,107.46000000000001,112.9,100.44
0022500356,HOU,DAL,121.02000000000001,102.78,100.4,114.1,113.96,101.2
0022500316,HOU,UTA,122.88000000000002,104.32000000000001,97.61,110.24000000000001,121.25999999999999,104.172
0022500066,HOU,GSW,120.85999999999999,114.6,95.804,117.88,120.22,99.59
0022500176,HOU,MEM,127.26000000000002,111.02000000000001,98.7,112.4,114.14000000000001,101.4
0022501047,SAC,CHA,116.18000000000002,121.02000000000001,100.9,122.62,110.90000000000002,98.6
0022500731,SAC,MEM,109.0,122.88,95.0,112.74000000000001,120.32000000000001,98.3
0022500142,SAC,MIL,109.44000000000001,114.46,101.7,118.28,111.47999999999999,103.1
0022500113,SAC,LAL,109.51999999999998,116.34,100.7,129.32,115.94000000000001,97.3
0022500088,SAC,PHX,105.125,121.175,102.25,113.55,105.7,102.0
0022501139,OKC,UTA,120.75999999999999,107.16,98.31800000000001,109.7,127.17999999999999,104.3
0022501070,OKC,CHI,119.05999999999999,106.42,100.4,115.88000000000002,119.64000000000001,107.0
0022500553,OKC,MIA,113.04,111.42,100.084,102.52000000000001,109.55999999999999,107.7
0022500525,OKC,UTA,116.38000000000002,107.8,102.3,116.5,124.88000000000002,99.3
0022500506,OKC,CHA,121.92,103.04,103.0,121.14000000000001,118.62,97.8
0022500499,OKC,PHX,122.98000000000002,107.66,103.0,117.25999999999999,109.85999999999999,101.2
0022500484,OKC,GSW,120.44000000000001,109.2,103.2,121.62,114.58,99.786
0022500470,OKC,POR,117.82000000000001,113.17999999999999,102.5,111.72,115.97999999999999,98.4
0022500455,OKC,ATL,114.94000000000001,108.4,102.1,113.74000000000001,122.6,107.1
0022500442,OKC,PHI,115.6,107.6,102.1,111.96,112.55999999999999,98.8
0022500369,OKC,LAC,125.11999999999998,105.5,101.2,110.92,113.55999999999999,99.2
0022501203,OKC,PHX,120.55999999999999,112.97999999999999,100.8,112.52000000000001,111.42,96.7
0022500323,OKC,GSW,117.58,101.9,100.9,111.54,106.9,102.6
0022500055,OKC,UTA,116.82000000000001,106.4,100.928,93.25,121.85,104.0
0022500170,OKC,LAC,119.02000000000001,102.4,99.2,112.58,114.25999999999999,97.3
0022500140,OKC,WAS,112.24000000000001,103.7,100.0,105.73999999999998,119.02000000000001,105.096
0022501187,WAS,CLE,109.3,126.16,105.0,118.03999999999999,114.67999999999999,101.9
0022501172,WAS,MIA,111.54,128.4,105.3,120.92,128.24,100.4
0022501166,WAS,CHI,111.55999999999999,129.68,104.1,109.5,120.6,104.6
0022501148,WAS,CHI,110.66,129.68,103.0,107.75999999999999,125.14000000000001,105.2
0022501133,WAS,BKN,111.66000000000001,130.44,104.0,103.67999999999999,117.21999999999998,99.2
0022501129,WAS,MIA,110.66,121.84,104.6,120.98000000000002,126.64000000000001,101.5
0022501105,WAS,PHI,108.3,121.42,103.7,119.46000000000001,118.17999999999999,102.6
0022501098,WAS,LAL,110.3,124.04,103.6,120.08,114.67999999999999,99.8
0022501087,WAS,POR,112.42,123.8,102.8,112.74000000000001,103.32000000000001,102.6
0022501073,WAS,GSW,111.12,124.1,102.4,106.34,115.24000000000001,101.85
0022501057,WAS,UTA,109.44000000000001,128.78,100.9,112.92,119.38,105.0
0022501034,WAS,NYK,107.04,122.44000000000001,100.6,119.32000000000001,109.42,95.4
0022501022,WAS,OKC,107.82000000000001,119.74000000000001,101.33,117.97999999999999,107.5,98.9
0022501009,WAS,DET,110.3,121.32000000000001,105.33,128.46,112.88,98.5
0022500993,WAS,DET,110.05999999999999,122.1,105.83,125.64000000000001,114.64000000000001,97.6
0022500984,WAS,GSW,111.38,123.55999999999999,104.03,113.1,118.82000000000001,97.106
0022500971,WAS,BOS,112.97999999999999,126.1,104.33,112.16,115.01999999999998,95.2
0022500955,WAS,ORL,112.92,126.54,104.1,125.28000000000002,107.08000000000001,98.8
0022500938,WAS,MIA,117.02000000000001,128.94,99.7,123.28000000000002,108.85999999999999,99.7
0022500925,WAS,NOP,112.44000000000001,126.0,100.2,115.32000000000001,116.8,101.3
0022500900,WAS,UTA,107.28,122.7,102.4,110.12,118.4,101.4
0022500885,WAS,ORL,109.3,124.66,101.3,108.58,111.24000000000001,95.042
0022500879,WAS,HOU,110.2,122.03999999999999,102.8,117.96,109.2,98.0
0022500865,WAS,TOR,104.97999999999999,114.04,105.0,108.84,107.86000000000001,99.4
0022500850,WAS,ATL,108.38,116.73999999999998,104.7,109.16000000000001,107.35999999999999,101.9
0022500832,WAS,ATL,108.78,119.21999999999998,104.8,107.78,114.25999999999999,102.6
0022500822,WAS,CHA,107.78,117.72,105.7,116.13999999999999,118.35999999999999,95.0
0022500803,WAS,IND,108.66,119.4,104.0,107.7,112.32000000000001,101.668
0022500795,WAS,IND,108.1,125.91999999999999,102.6,111.32000000000001,116.96,100.968
0022500776,WAS,CLE,110.25999999999999,122.97999999999999,101.0,122.22,112.05999999999999,101.5
0022500758,WAS,MIA,112.34,124.88,100.9,111.3,108.58,105.5
0022500747,WAS,BKN,111.1,118.63999999999999,101.4,103.78,120.22,96.2
0022500733,WAS,DET,107.9,116.43999999999998,102.4,117.6,107.66000000000001,100.6
0022500629,WAS,DEN,106.26000000000002,118.04,100.3,115.94000000000001,118.72,95.4
0022500271,WAS,CHI,110.18000000000002,123.2,100.62,114.96000000000001,117.23999999999998,105.172
0022500162,SAC,DEN,113.52000000000001,117.8,101.3,127.63999999999999,111.21999999999998,99.0
0022500132,SAC,CHI,110.16,114.11999999999998,102.2,108.22,112.17999999999999,106.6
0022500126,SAC,OKC,110.78,116.23999999999998,101.3,118.96,105.24000000000001,100.5
0022501163,OKC,LAC,125.75999999999999,99.4,99.018,116.94000000000001,111.84,99.9
0022501097,OKC,DET,122.54,110.35999999999999,98.9,117.08,104.93999999999998,99.724
0022501089,OKC,NYK,121.66,106.55999999999999,101.2,124.7,118.0,94.5
0022501054,OKC,BOS,119.55999999999999,102.67999999999999,101.0,114.5,107.04,98.1
0022500992,OKC,ORL,115.28,109.67999999999999,96.3,121.55999999999999,113.54,101.13
0022500976,OKC,MIN,114.17999999999999,109.26000000000002,97.5,113.82000000000001,123.52000000000001,99.7
0022500959,OKC,BOS,111.05999999999999,104.42,99.3,113.74000000000001,109.9,95.1
0022500893,OKC,NYK,110.35999999999999,104.98000000000002,102.03,113.54,101.12,97.0
0022500876,OKC,DAL,113.25999999999999,106.82000000000001,101.13,114.46,118.75999999999999,104.1
0022500862,OKC,DEN,111.17999999999999,109.43999999999998,98.9,118.7,105.17999999999999,103.4
0022500834,OKC,TOR,117.67999999999999,108.62,97.5,116.52000000000001,105.82000000000001,98.4
0022500785,OKC,PHX,116.94000000000001,108.85999999999999,99.4,113.13999999999999,116.4,96.3
0022500769,OKC,LAL,115.55999999999999,111.47999999999999,99.3,117.34,109.14000000000001,100.3
0022500748,OKC,HOU,115.6,107.72,99.2,110.22,111.82000000000001,95.0
0022500723,OKC,ORL,112.4,111.25999999999999,98.3,111.74000000000001,116.92,101.2
0022500015,OKC,CLE,110.43333333333332,112.56666666666666,97.71333333333332,112.53333333333335,108.39999999999999,104.33333333333333
0022500597,OKC,MIA,116.85999999999999,105.42,100.684,108.9,114.58,104.9
0022500581,OKC,HOU,114.2,112.78,100.284,111.98000000000002,114.34,93.7
0022500568,OKC,SAS,111.24000000000001,114.88000000000002,100.284,105.05999999999999,101.9,100.2
0022500385,OKC,MIN,122.75999999999999,104.8,103.2,116.04,114.62,100.696
0022501230,OKC,SAS,119.55999999999999,109.74000000000001,100.1,122.22,113.28,100.7
0022500075,OKC,PHX,121.67999999999999,106.0,102.4,113.96666666666665,102.26666666666667,100.66666666666667
0022500064,OKC,MIN,122.0,106.38,103.024,118.16000000000001,112.78,102.974
0022501156,LAC,DAL,118.1,114.78,98.7,110.4,114.08,104.2
0022500772,LAC,HOU,114.08,114.25999999999999,96.6,110.7,114.55999999999999,96.2
0022501193,DAL,CHI,115.58,123.44000000000001,102.5,105.56000000000002,112.62,105.2
0022501127,DAL,ORL,110.16,114.52000000000001,103.45,110.32000000000001,124.12,101.9
0022500652,DAL,MIL,119.64000000000001,113.88,104.1,105.38,120.67999999999999,97.5
0022501095,DAL,MIN,116.2,120.25999999999999,102.55999999999999,106.06000000000002,102.42,101.172
0022500908,DAL,BOS,102.2,116.44000000000001,100.8,118.17999999999999,111.08,92.0
0022500899,DAL,ORL,104.24000000000001,115.78,100.9,113.22,112.67999999999999,97.0
0022500883,DAL,CHA,111.1,115.74000000000001,102.8,127.54,111.16000000000001,96.1
0022500876,DAL,OKC,114.46,118.75999999999999,104.1,113.25999999999999,106.82000000000001,101.13
0022500861,DAL,MEM,114.88,119.47999999999999,103.5,112.38,121.6,103.9
0022500738,DAL,SAS,104.58,114.53999999999999,102.1,109.25999999999999,105.42,99.1
0022500721,DAL,BOS,104.9,113.67999999999999,103.8,116.8,106.9,92.6
0022500701,DAL,HOU,106.05999999999999,112.55999999999999,105.6,110.35999999999999,107.58,96.228
0022500683,DAL,CHA,109.16,111.96,105.7,118.33999999999999,102.10000000000002,96.9
0022500677,DAL,MIN,115.1,111.66,106.8,106.64000000000001,109.38,103.9
0022500648,DAL,LAL,122.02000000000001,113.46,102.5,115.23999999999998,118.76000000000002,97.5
0022500630,DAL,GSW,119.62,115.74000000000001,102.0,126.24000000000001,114.62,101.9
0022500016,DAL,NYK,99.75,121.95,103.5,117.8,113.05000000000001,104.0
0022500593,DAL,UTA,114.92,114.96000000000001,102.0,111.66,124.88,104.0
0022500561,DAL,BKN,104.88,110.5,102.6,110.44000000000001,116.85999999999999,94.59400000000001
0022500546,DAL,CHI,107.96000000000001,111.2,102.2,107.28,114.84,98.4
0022500531,DAL,UTA,106.38,110.2,102.5,112.46,123.7,100.684
0022500515,DAL,SAC,113.32000000000001,117.24000000000001,101.9,101.46,125.88000000000002,98.3
0022500491,DAL,HOU,112.88,118.68000000000002,103.1,123.82000000000001,118.94000000000001,93.928
0022500473,DAL,PHI,114.25999999999999,117.58,103.3,111.55999999999999,117.04,100.386
0022500457,DAL,POR,111.52000000000001,114.02000000000001,102.70599999999999,107.44000000000001,111.7,97.2
0022500432,DAL,SAC,116.7,115.22,100.90599999999999,112.52000000000001,117.54,99.268
0022500011,DAL,GSW,91.1,125.0,100.5,123.5,115.25,98.725
0022500387,DAL,PHI,118.85999999999999,115.66,99.006,113.58,105.16,98.8
0022500376,DAL,DET,120.05999999999999,115.9,99.8,116.9,113.56000000000002,101.1
0022501224,DAL,UTA,115.92,117.88,103.0,112.02000000000001,117.84,112.6
0022501214,DAL,BKN,119.32000000000001,120.97999999999999,102.9,105.86000000000001,119.5,98.4
0022500356,DAL,HOU,114.1,113.96,101.2,121.02000000000001,102.78,100.4
0022500349,DAL,OKC,112.08,109.24000000000001,100.1,119.2,103.85999999999999,102.1
0022500332,DAL,MIA,110.22,109.8,100.5,116.46,108.25999999999999,106.1
0022500315,DAL,DEN,102.32000000000001,107.85999999999999,101.9,126.42,121.06000000000002,99.9
0022500300,DAL,LAC,105.04,110.66,101.28600000000002,115.97999999999999,122.38,97.4
0022500078,DAL,LAL,106.93999999999998,108.6,104.20599999999999,123.25999999999999,117.3,96.4
0022500286,DAL,MIA,106.76000000000002,113.08,101.98600000000002,112.24000000000001,110.22,105.75
0022500273,DAL,MEM,108.04,113.44000000000001,104.186,108.5,114.14000000000001,101.8
0022500052,DAL,NOP,102.9,111.9,103.106,112.15,120.94999999999999,101.5
0022500262,DAL,NYK,107.62,111.88,104.38600000000001,123.34,111.82000000000001,101.9
0022500246,DAL,MIN,109.84,110.06000000000002,102.58600000000001,121.7,119.28,100.8
0022500238,DAL,POR,105.2,107.66,102.8,117.25999999999999,118.35999999999999,103.2
0022500046,DAL,LAC,103.025,113.275,103.125,127.3,125.3,99.0
0022500221,DAL,PHX,105.04,108.4,102.1,120.66,111.17999999999999,97.2
0022500203,DAL,MIL,103.5,105.91999999999999,102.4,116.18000000000002,121.58,100.7
0022500183,DAL,WAS,101.12,106.35999999999999,101.3,104.1,124.4,102.196
0022500034,DAL,MEM,102.7,112.10000000000001,104.0,115.5,119.4,97.5
0022500177,DAL,NOP,106.62,109.4,103.4,103.17999999999999,122.82000000000001,97.9
0022500160,DAL,HOU,106.44000000000001,109.5,104.6,128.76,113.0,96.4
0022500147,DAL,DET,109.67999999999999,112.5,103.4,116.41999999999999,111.04,101.8
0022500133,DAL,IND,111.55999999999999,114.38,103.5,105.98000000000002,107.0,101.5
0022500119,DAL,OKC,112.85999999999999,114.84,104.606,123.28,105.47999999999999,101.9
0022500111,DAL,TOR,108.16,114.96,102.70599999999999,113.96,103.51999999999998,104.80799999999999
0022500096,DAL,WAS,110.05999999999999,111.98000000000002,102.006,108.35999999999999,125.46,103.90799999999999
0022500004,DAL,SAS,,,,,,
0022500583,DAL,UTA,108.78000000000002,112.0,100.2,110.84,120.8,103.184
0022500915,MIN,ORL,113.52000000000001,107.32000000000001,99.6,112.84,112.54,98.0
0022500765,MIN,ATL,119.74000000000001,122.75999999999999,99.7,114.6,118.25999999999999,100.4
0022500727,MIN,TOR,119.3,108.22,102.2,105.96000000000001,109.5,100.2
0022500714,MIN,MEM,109.94000000000001,101.88,103.1,108.2,116.11999999999998,100.2
0022500552,MIN,SAS,125.08000000000001,113.88,104.5,107.66,102.2,101.5
0022500530,MIN,CLE,120.66000000000001,107.16000000000001,103.6,114.32000000000001,106.74000000000001,103.0
0022500498,MIN,WAS,116.22,114.62,100.1,115.92,109.05999999999999,101.8
0022500486,MIN,MIA,111.75999999999999,111.58,100.1,118.4,110.14000000000001,104.9
0022500013,MIN,DEN,112.9,123.3,102.0,123.44999999999999,120.45,99.225
0022500416,MIN,NYK,109.66,108.92,98.7,121.88,114.1,99.1
0022500400,MIN,MIL,111.17999999999999,109.82000000000001,101.1,113.4,119.42,98.4
0022500368,MIN,MEM,122.08,116.52000000000001,98.196,114.52000000000001,110.5,100.3
0022501220,MIN,SAC,123.66,120.08,102.9,110.64000000000001,124.42,100.1
0022501215,MIN,GSW,121.5,121.46,101.8,116.54,121.64000000000001,95.5
0022500365,MIN,PHX,124.54,117.25999999999999,98.696,110.6,118.75999999999999,96.8
0022500355,MIN,LAC,120.67999999999999,115.5,100.42,109.75999999999999,114.08000000000001,100.3
0022500337,MIN,NOP,122.84,116.88,97.72,116.88,122.02000000000001,100.49600000000001
0022500321,MIN,NOP,118.25999999999999,109.08000000000001,99.224,113.16,118.78000000000002,101.8
0022500306,MIN,SAS,113.62,109.38,100.824,116.88,113.32000000000001,101.0
0022500293,MIN,BOS,112.12,107.8,102.024,126.55999999999999,114.04,95.2
0022500064,MIN,OKC,118.16000000000001,112.78,102.974,122.0,106.38,103.024
0022500292,MIN,SAC,118.92,108.6,103.3,105.38,122.78,102.1
0022500053,MIN,PHX,119.0,115.3,102.674,115.7,95.0,101.5
0022500259,MIN,WAS,118.2,114.35999999999999,103.1,109.1,126.48000000000002,100.92
0022500232,MIN,DEN,124.14000000000001,116.2,100.4,122.21999999999998,109.54,102.1
0022500205,MIN,UTA,124.08000000000001,117.5,99.7,110.8,117.43999999999998,102.35
0022500110,MIN,IND,114.88,106.14000000000001,103.6,105.58,109.97999999999999,101.4
0022500089,MIN,POR,115.8,111.52000000000001,101.5,112.9,120.57499999999999,100.5
0022501122,BKN,ATL,101.64,115.14000000000001,99.8,118.12,110.75999999999999,98.524
0022501060,BKN,GSW,99.41999999999999,117.32000000000001,100.6,109.67999999999999,116.96,101.95
0022500956,BKN,ATL,109.8,122.96,98.8,125.14000000000001,105.58,102.4
0022500937,BKN,DET,109.55999999999999,115.75999999999999,99.3,110.16,114.0,97.4
0022500762,BKN,CHI,105.75999999999999,118.72,98.5,107.28,125.56000000000002,103.5
0022500747,BKN,WAS,103.78,120.22,96.2,111.1,118.63999999999999,101.4
0022500734,BKN,ORL,106.7,119.46,94.6,109.52000000000001,119.28,100.8
0022500719,BKN,LAL,103.0,119.88,94.4,116.8,116.33999999999999,100.0
0022500704,BKN,DET,110.66,117.52000000000001,92.506,115.81999999999998,114.1,100.1
0022500694,BKN,UTA,101.16,122.02000000000001,92.606,112.0,125.04,103.6
0022500684,BKN,DEN,103.47999999999999,126.01999999999998,93.006,110.5,112.05999999999999,97.7
0022500669,BKN,PHX,102.5,129.42000000000002,93.606,113.82000000000001,111.82000000000001,98.0
0022500656,BKN,LAC,107.9,126.74000000000001,92.90599999999999,114.94000000000001,113.34,98.03800000000001
0022500637,BKN,BOS,108.05999999999999,126.78,94.3,113.74000000000001,106.22,98.4
0022500622,BKN,NYK,115.74000000000001,124.52000000000001,94.9,113.12,119.1,95.9
0022500610,BKN,PHX,111.04,118.84,95.3,113.12,108.42,98.5
0022500603,BKN,CHI,111.67999999999999,117.9,95.4,115.4,114.43999999999998,101.8
0022500587,BKN,CHI,109.42,116.28,93.994,113.82000000000001,115.32000000000001,100.3
0022500574,BKN,NOP,113.1,117.05999999999999,93.29400000000001,111.3,115.58,101.7
0022500561,BKN,DAL,110.44000000000001,116.85999999999999,94.59400000000001,104.88,110.5,102.6
0022500549,BKN,MEM,110.72,120.6,94.29400000000001,109.97999999999999,116.16,101.1
0022500535,BKN,LAC,110.2,119.58,94.994,121.78000000000002,118.5,95.1
0022500521,BKN,ORL,115.5,121.24000000000001,95.9,113.75999999999999,114.7,102.1
0022500471,BKN,HOU,110.0,106.22,97.7,120.9,118.17999999999999,95.428
0022500449,BKN,GSW,112.48000000000002,101.84,97.9,116.05999999999999,106.72,99.286
0022500439,BKN,MIN,108.58000000000001,104.62,98.6,107.78,106.28,101.0
0022500410,BKN,PHI,107.92,103.6,99.0,113.11999999999998,107.9,98.8
0022500397,BKN,TOR,111.55999999999999,107.66000000000001,99.4,109.3,119.74000000000001,96.2
0022500373,BKN,MIA,113.66,111.14000000000001,98.2,114.9,118.04,103.8
0022501219,BKN,MIL,103.17999999999999,119.14000000000001,99.2,113.82000000000001,117.55999999999999,96.5
0022501214,BKN,DAL,105.86000000000001,119.5,98.4,119.32000000000001,120.97999999999999,102.9
0022500350,BKN,NOP,110.62,114.55999999999999,97.4,117.78,121.1,103.096
0022500335,BKN,UTA,111.82000000000001,114.78,96.4,110.85999999999999,121.28,104.9
0022500329,BKN,CHI,110.28000000000002,118.16,95.2,111.9,115.88,105.7
0022500312,BKN,CHA,112.9,119.2,95.0,115.28,119.74000000000001,97.104
0022500297,BKN,MIL,114.3,119.05999999999999,95.6,105.12,119.97999999999999,99.152
0022500070,BKN,PHI,110.36666666666667,115.76666666666667,96.16666666666667,104.2,121.56666666666666,100.83333333333333
0022500285,BKN,NYK,113.22,123.23999999999998,96.0,112.78,116.22,104.0
0022500279,BKN,TOR,112.42,118.58,97.2,120.9,110.17999999999999,100.4
0022500049,BKN,BOS,107.3,119.55,95.75,108.85,115.05,95.625
0022500250,BKN,BOS,114.28,120.32000000000001,97.6,125.2,110.52000000000001,95.7
0022500235,BKN,WAS,108.8,123.97999999999999,98.3,107.46000000000001,123.76000000000002,101.61999999999999
0022500040,BKN,ORL,108.1,125.0,99.5,124.2,111.1,99.0
0022500207,BKN,TOR,109.2,123.55999999999999,98.4,118.47999999999999,118.67999999999999,99.7
0022500192,BKN,NYK,112.22,125.12,97.8,120.38,113.58,100.2
0022500031,BKN,DET,,,,100.69999999999999,111.15,99.0
0022500173,BKN,IND,112.34,129.56,96.7,106.28,112.38,102.7
0022500156,BKN,MIN,113.48000000000002,129.0,98.2,113.7,111.0,100.8
0022500149,BKN,PHI,114.97999999999999,129.36,99.0,123.2,116.94000000000001,100.296
0022500130,BKN,ATL,112.9,128.48,99.3,111.42,117.46,104.4
0022500116,BKN,HOU,112.75999999999999,120.34,100.2,118.2,115.96,97.1
0022500105,BKN,SAS,111.53999999999999,118.32000000000001,99.6,118.22,114.2,99.2
0022500091,BKN,CLE,109.32000000000001,118.35999999999999,98.6,114.34,116.08,103.9
0022500080,BKN,CHA,109.05,115.875,96.75,110.625,123.42500000000001,102.395
0022501162,MEM,DEN,109.04,128.6,101.5,126.21999999999998,115.92,99.772
0022501145,MEM,CLE,107.1,123.16,103.2,121.55999999999999,115.58,101.6
0022501135,MEM,MIL,107.04,121.75999999999999,102.3,107.82000000000001,130.68,97.1
0022501003,MEM,NYK,115.82000000000001,130.2,99.8,123.75999999999999,113.74000000000001,96.9
0022501093,MEM,PHX,105.4,124.42,102.4,118.8,111.0,97.7
0022501079,MEM,CHI,105.97999999999999,126.4,99.5,111.52000000000001,124.25999999999999,107.3
0022501069,MEM,HOU,108.82000000000001,129.22,99.0,116.5,114.92,99.572
0022501056,MEM,SAS,110.17999999999999,130.5,99.4,124.22,109.44000000000001,100.2
0022501037,MEM,ATL,111.61999999999998,128.14000000000001,98.4,117.04,108.75999999999999,102.7
0022501023,MEM,CHA,116.75999999999999,130.34,98.9,118.35999999999999,110.90000000000002,98.6
0022501019,MEM,BOS,116.66,131.94,99.3,117.78,111.66000000000001,96.7
0022500651,MEM,DEN,116.97999999999999,115.42,100.6,110.28,114.08,94.6
0022500987,MEM,CHI,118.04,128.24,99.4,111.6,117.52000000000001,102.40599999999999
0022500932,MEM,BKN,118.3,114.05999999999999,100.5,107.72,124.58,98.1
0022500918,MEM,LAC,116.43999999999998,115.3,100.9,116.75999999999999,108.7,98.8
0022500896,MEM,POR,115.78,115.25999999999999,101.3,105.2,110.91999999999999,100.1
0022500890,MEM,MIN,116.64000000000001,118.4,102.0,111.78,111.28,101.0
0022500872,MEM,IND,113.02000000000001,117.08,104.8,107.7,121.34,106.8
0022500861,MEM,DAL,112.38,121.6,103.9,114.88,119.47999999999999,103.5
0022500844,MEM,GSW,111.92,117.32000000000001,104.4,112.33999999999999,115.78,102.2
0022500829,MEM,SAC,112.32000000000001,117.12,104.3,102.9,124.55999999999999,102.9
0022500813,MEM,MIA,112.42,117.66000000000001,103.5,115.85999999999999,102.88,101.612
0022500745,MEM,POR,117.58,123.22,99.0,106.18000000000002,120.01999999999998,101.1
0022500509,UTA,POR,118.3,122.1,100.2,113.6,113.7,100.9
0022500492,UTA,GSW,118.7,122.84,102.0,116.14000000000001,116.8,100.386
0022500459,UTA,BOS,118.55999999999999,121.97999999999999,103.424,119.8,109.2,99.0
0022500440,UTA,SAS,119.38,126.7,104.124,125.0,107.1,101.9
0022500969,BKN,PHI,110.0,120.0,98.5,115.2,121.17999999999999,99.1
0022500869,BKN,CLE,107.75999999999999,127.4,97.4,117.75999999999999,116.88,95.572
0022500496,BKN,DEN,111.8,118.2,96.8,119.7,125.74000000000001,98.8
0022500477,BKN,WAS,112.38,111.4,95.8,115.52000000000001,116.64000000000001,100.2
0022500729,MIL,NOP,110.78,115.52000000000001,99.4,106.42,108.67999999999999,97.8
0022500982,UTA,SAC,115.38,121.35999999999999,99.0,115.52000000000001,113.02000000000001,102.3
0022500975,LAC,SAC,126.24000000000001,117.8,100.2,112.96,114.67999999999999,101.8
0022500782,LAC,HOU,109.88,116.42,96.3,110.22,113.38,95.0
0022500857,MIN,LAC,118.97999999999999,112.47999999999999,105.3,112.35999999999999,114.75999999999999,96.9
0022500136,MIN,LAL,111.64000000000001,109.62,102.6,121.66000000000001,114.67999999999999,102.0
0022501125,MEM,TOR,107.62,121.25999999999999,102.0,116.72,114.02000000000001,99.3
0022500961,MEM,DET,116.97999999999999,124.8,100.6,121.14000000000001,114.4,97.5
0022500936,MEM,PHI,117.22,119.4,99.7,104.85999999999999,120.25999999999999,97.8
0022501188,DET,IND,121.64000000000001,109.14000000000001,97.8,105.4,111.82000000000001,102.0
0022501171,DET,CHA,122.46,111.5,98.6,124.47999999999999,109.26000000000002,95.7
0022501160,DET,MIL,114.28000000000002,109.33999999999999,98.91799999999999,113.93999999999998,121.68000000000002,96.5
0022500993,DET,WAS,125.64000000000001,114.64000000000001,97.6,110.05999999999999,122.1,105.83
0022500978,DET,TOR,124.54,111.42,98.1,114.25999999999999,112.8,98.5
0022500961,DET,MEM,121.14000000000001,114.4,97.5,116.97999999999999,124.8,100.6
0022500953,DET,PHI,118.64000000000001,117.05999999999999,95.9,110.81999999999998,120.46,99.9
0022500937,DET,BKN,110.16,114.0,97.4,109.55999999999999,115.75999999999999,99.3
0022500923,DET,MIA,110.5,111.14000000000001,97.372,120.85999999999999,110.02000000000001,101.1
0022500904,DET,SAS,111.14000000000001,109.66,99.372,112.6,103.05999999999999,101.7
0022500884,DET,CLE,111.97999999999999,106.38,101.672,113.68000000000002,113.36000000000001,96.672
0022500875,DET,ORL,116.35999999999999,110.35999999999999,101.372,116.04,109.28,94.94200000000001
0022500858,DET,CLE,117.64000000000001,108.96,100.5,119.01999999999998,111.0,95.6
0022500842,DET,OKC,116.75999999999999,107.88,99.1,116.62,107.58,97.9
0022500828,DET,SAS,122.34,102.36,97.3,127.17999999999999,107.1,104.3
0022500814,DET,CHI,121.5,106.3,96.5,108.2,122.47999999999999,101.2
0022500796,DET,NYK,121.34,108.05999999999999,96.5,115.84,108.52000000000001,96.84
0022500781,DET,TOR,123.04,102.85999999999999,98.0,118.2,112.04,101.5
0022500761,DET,CHA,122.72,102.67999999999999,101.8,117.2,111.28000000000002,97.2
0022500742,DET,NYK,117.34,109.6,102.2,123.32000000000001,102.17999999999999,97.272
0022500733,DET,WAS,117.6,107.66000000000001,100.6,107.9,116.43999999999998,102.4
0022500716,DET,DEN,120.6,106.67999999999999,100.6,117.12,117.66,96.6
0022500704,DET,BKN,115.81999999999998,114.1,100.1,110.66,117.52000000000001,92.506
0022500696,DET,GSW,113.96,112.55999999999999,98.2,108.52000000000001,110.3,106.1
0022500685,DET,PHX,115.96,102.86000000000001,101.1,114.58,113.22,97.4
0022500668,DET,DEN,114.35999999999999,101.1,102.3,107.97999999999999,114.44000000000001,96.1
0022500650,DET,SAC,104.96,97.72,102.2,114.83999999999999,119.72,101.4
0022500635,DET,HOU,107.47999999999999,95.5,100.8,110.34,112.34,97.928
0022500017,DET,BOS,89.6,111.5,105.0,,,
0022500595,DET,IND,112.34,101.96000000000001,97.1,113.58,109.5,99.3
0022500579,DET,PHX,111.47999999999999,102.62,98.8,113.6,106.38,98.6
0022500502,DET,NYK,114.52000000000001,113.05999999999999,101.9,119.12,121.92,102.4
0022500494,DET,CLE,119.14000000000001,116.67999999999999,101.7,116.66,108.2,102.6
0022500472,DET,MIA,121.08000000000001,116.28,99.3,121.24000000000001,115.54,103.5
0022500460,DET,LAL,117.08,111.78,100.1,116.52000000000001,117.97999999999999,98.3
0022500445,DET,LAC,116.28000000000002,108.42,101.70599999999999,118.96,112.55999999999999,94.3
0022500430,DET,UTA,117.5,106.8,99.90599999999999,114.42,128.56,103.124
0022500421,DET,SAC,114.7,104.84,99.806,112.26000000000002,112.54,99.36800000000001
0022500408,DET,POR,114.5,106.64000000000001,100.006,109.17999999999999,111.16,101.44
0022500390,DET,CHA,112.75999999999999,109.96,99.006,111.96,113.42,99.4
0022500376,DET,DAL,116.9,113.56000000000002,101.1,120.05999999999999,115.9,99.8
0022501222,DET,BOS,127.14000000000001,112.72,100.8,118.63999999999999,115.1,97.1
0022501210,DET,ATL,125.28,111.42,98.0,117.46000000000001,114.08,102.3
0022500353,DET,MIL,115.25999999999999,113.38,102.1,113.9,115.52000000000001,98.2
0022500342,DET,POR,116.92,113.13999999999999,102.1,110.97999999999999,113.81999999999998,101.8
0022500331,DET,MIL,117.96,112.47999999999999,102.8,114.55999999999999,118.67999999999999,98.352
0022500309,DET,ATL,123.02000000000001,114.81999999999998,103.2,116.3,114.04,100.486
0022500296,DET,MIA,121.78,111.82000000000001,102.1,108.9,105.8,105.4
0022500072,DET,ORL,111.82000000000001,111.2,98.8,125.13333333333333,104.63333333333333,99.0
0022500060,DET,BOS,110.4,108.85,99.25,108.72,115.34,95.9
0022500283,DET,IND,121.67999999999999,111.93999999999998,102.72,112.8,129.04,102.2
0022500272,DET,MIL,117.82000000000001,110.55999999999999,102.72,104.92,116.22,98.952
0022500251,DET,ATL,117.1,108.55999999999999,102.62,120.4,107.82000000000001,102.0
0022500199,DET,WAS,119.47999999999999,108.4,100.0,100.56,120.92,102.6
0022500195,DET,PHI,121.31999999999998,109.4,99.9,121.08000000000001,115.31999999999998,102.196
0022500031,DET,BKN,100.69999999999999,111.15,99.0,,,
0022500172,DET,UTA,121.51999999999998,111.2,99.8,111.42,116.28,101.85
0022500161,DET,MEM,119.62,111.25999999999999,101.2,110.94000000000001,116.94000000000001,104.3
0022500147,DET,DAL,116.41999999999999,111.04,101.8,109.67999999999999,112.5,103.4
0022500129,DET,ORL,112.63999999999999,112.17999999999999,101.2,108.08,112.78000000000002,104.7
0022500007,DET,CLE,,,,105.7,113.3,105.0
0022500106,DET,BOS,111.64000000000001,110.35999999999999,101.3,113.66,117.3,98.0
0022500093,DET,HOU,113.64000000000001,109.78,101.2,122.16,114.05999999999999,95.3
0022500084,DET,CHI,114.85999999999999,110.24000000000001,98.7,111.725,123.475,105.0
0022500696,GSW,DET,108.52000000000001,110.3,106.1,113.96,112.55999999999999,98.2
0022500678,GSW,UTA,107.6,108.28,106.0,110.82000000000001,123.47999999999999,102.2
0022500644,GSW,MIN,124.2,118.38,103.1,118.38,115.96,101.8
0022500630,GSW,DAL,126.24000000000001,114.62,101.9,119.62,115.74000000000001,102.0
0022500618,GSW,TOR,123.8,111.3,101.3,108.6,112.34,96.082
0022500599,GSW,CHA,125.78,113.55999999999999,97.4,124.42,111.74000000000001,96.6
0022500850,ATL,WAS,109.16000000000001,107.35999999999999,101.9,108.38,116.73999999999998,104.7
0022500206,ATL,LAC,117.96,112.58,101.5,107.12,120.1,95.2
0022500185,ATL,LAL,113.9,116.62,100.9,115.94000000000001,114.88,102.6
0022500415,DAL,DEN,112.62,115.62,100.90599999999999,120.02000000000001,114.14000000000001,101.7
0022500404,DAL,NOP,115.54,114.96,99.306,114.72,116.28,104.16199999999999
0022500471,HOU,BKN,120.9,118.17999999999999,95.428,110.0,106.22,97.7
0022500098,SAC,UTA,107.3,120.46,102.0,110.85999999999999,122.28,102.0
0022500871,MIN,DEN,113.0,109.72,102.7,114.84,103.82000000000001,104.53
0022500841,MIN,POR,113.78,112.24000000000001,104.7,109.76000000000002,115.13999999999999,104.4
0022500385,MIN,OKC,116.04,114.62,100.696,122.75999999999999,104.8,103.2
0022501179,MIL,BKN,115.44000000000001,125.67999999999999,95.0,101.64000000000001,118.01999999999998,99.1
0022501150,MIL,BKN,114.16,126.96,97.4,107.34,119.3,98.5
0022501082,MIL,LAC,101.66,127.2,97.3,121.16,108.34,97.00999999999999
0022501076,MIL,SAS,106.24000000000001,127.17999999999999,96.9,124.54,105.42,100.7
0022501031,MIL,PHX,111.67999999999999,123.24000000000001,98.8,113.9,117.9,96.8
0022500995,MIL,CLE,110.12,124.62,98.9,121.34,118.11999999999998,97.3
0022500870,MIL,CHI,116.05999999999999,120.58000000000001,99.5,101.96000000000001,115.0,102.7
0022500846,MIL,CLE,119.75999999999999,113.72,98.0,120.38,107.42,97.9
0022500837,MIL,MIA,115.58,115.24000000000001,96.7,120.64000000000001,103.6,104.71199999999999
0022500777,MIL,ORL,113.97999999999999,118.42,94.91,107.96,109.12,102.0
0022501193,CHI,DAL,105.56000000000002,112.62,105.2,115.58,123.44000000000001,102.5
0022501166,CHI,WAS,109.5,120.6,104.6,111.55999999999999,129.68,104.1
0022501148,CHI,WAS,107.75999999999999,125.14000000000001,105.2,110.66,129.68,103.0
0022501134,CHI,PHX,108.12,126.82000000000001,105.5,119.7,115.25999999999999,101.3
0022500905,CHI,PHX,105.2,111.04,102.5,104.41999999999999,108.22,91.442
0022501052,LAL,IND,118.35999999999999,114.54,96.3,123.25999999999999,134.72,97.4
0022500914,LAL,IND,120.78,110.62,97.8,109.46,127.74000000000001,103.2
0022500395,LAL,LAC,119.85999999999999,124.6,98.6,108.84,114.44000000000001,99.7
0022500379,LAL,UTA,118.96000000000001,122.82000000000001,97.8,111.0,125.2,102.5
0022500059,LAL,LAC,116.8,116.25999999999999,97.4,116.85,113.85,101.015
0022500155,LAL,MIA,122.42,118.12,100.9,116.6,106.32000000000001,107.2
0022500933,OKC,DEN,107.34,100.26,100.13,112.35999999999999,121.9,100.83000000000001
0022500817,OKC,CLE,115.34,109.36000000000001,96.8,125.0,111.32000000000001,99.2
0022500305,OKC,POR,118.52000000000001,98.46000000000001,99.8,109.93999999999998,117.82000000000001,101.886
0022501027,HOU,MIA,109.13999999999999,114.61999999999998,96.4,114.12,116.94000000000001,106.9
0022501144,DET,ORL,115.74000000000001,103.25999999999999,97.91799999999999,104.14000000000001,114.82000000000001,106.6
0022501131,DET,PHI,115.6,104.24000000000001,100.018,125.92,116.46,103.4
0022501115,DET,MIN,117.32000000000001,106.9,99.24199999999999,103.17999999999999,100.32000000000001,99.97200000000001
0022501101,DET,TOR,115.7,106.85999999999999,98.24199999999999,116.5,111.1,101.1
0022501080,DET,MIN,118.47999999999999,106.55999999999999,99.824,112.16,100.78,101.372
0022501064,DET,NOP,119.17999999999999,108.52000000000001,99.524,118.71999999999998,112.85999999999999,97.9
0022501051,DET,ATL,118.25999999999999,110.16,98.6,120.96,109.94000000000001,103.2
0022501038,DET,LAL,119.94000000000001,109.22,99.4,118.5,113.01999999999998,97.324
0022501017,DET,GSW,123.04,110.8,99.4,113.06000000000002,118.92,99.306
0022501009,DET,WAS,128.46,112.88,98.5,110.3,121.32000000000001,105.33
0022500916,DET,BKN,113.66000000000001,112.5,97.872,108.32000000000001,128.92,98.1
0022500624,DET,NOP,111.75999999999999,94.24,99.0,118.73999999999998,124.86000000000001,97.6
0022500242,DET,IND,115.47999999999999,108.46,101.72,101.3,126.3,102.4
0022501173,CLE,ATL,121.33999999999999,116.28,101.0,117.78,106.42,102.0
0022501192,BKN,TOR,106.04,119.41999999999999,99.3,117.12,109.32000000000001,97.8
0022501179,BKN,MIL,101.64000000000001,118.01999999999998,99.1,115.44000000000001,125.67999999999999,95.0
0022501167,BKN,IND,107.98000000000002,114.97999999999999,97.4,116.66,119.35999999999999,102.8
0022501150,BKN,MIL,107.34,119.3,98.5,114.16,126.96,97.4
0022500548,NOP,ORL,105.88,113.38,103.2,110.04,113.62,99.094
0022500519,NOP,ATL,110.5,122.55999999999999,101.7,110.97999999999999,112.86000000000001,105.0
0022501153,UTA,NOP,105.72,128.73999999999998,104.8,106.66000000000001,119.42,100.5
0022500934,UTA,GSW,113.46,116.84,97.9,113.25999999999999,117.93999999999998,94.822
0022500575,DAL,DEN,107.44000000000001,108.02000000000001,101.4,115.2,115.78,94.96600000000001
0022500991,MIA,CHA,120.02000000000001,112.2,104.5,112.93999999999998,118.62,95.5
0022500436,MIA,IND,110.3,114.38,101.7,105.25999999999999,117.4,101.3
0022500244,MIA,NYK,114.34,118.04,106.55,125.16,110.12,101.2
0022500039,MIA,NYK,117.8,103.8,105.5,113.7,114.44000000000001,101.0
0022500217,MIA,CLE,115.72,118.26000000000002,106.15,118.4,117.97999999999999,102.55
0022500201,MIA,CLE,111.78000000000002,115.02000000000001,105.5,116.9,115.58,102.5
0022500187,MIA,POR,114.36000000000001,113.7,104.4,113.9,112.67999999999999,105.8
0022500033,MIA,CHA,,,,,,
0022500759,IND,TOR,114.52000000000001,117.54,100.3,113.14000000000001,115.4,100.9
0022500743,IND,MIL,114.5,118.5,103.8,115.02000000000001,123.46000000000001,96.61
0022500717,IND,UTA,114.66000000000001,115.88000000000002,103.0,106.5,120.88000000000002,101.9
0022500713,IND,HOU,112.22,115.35999999999999,103.5,109.54,104.58,97.1
0022500698,IND,ATL,109.14000000000001,115.42,101.7,112.42,110.08,100.5
0022500672,IND,CHI,100.14000000000001,114.74000000000001,104.3,124.5,115.3,98.6
0022500659,IND,ATL,105.32000000000001,115.5,101.6,108.0,119.14000000000001,103.2
0022500510,IND,CLE,112.2,122.28,104.6,112.08,108.52000000000001,101.5
0022500476,IND,SAS,108.4,122.22,103.5,119.96,117.55999999999999,101.2
0022500403,IND,BOS,114.03999999999999,114.88,101.9,131.74,108.96,96.8
0022500389,IND,NOP,118.08,118.68000000000002,99.9,116.82000000000001,122.88,102.55799999999999
0022501216,IND,WAS,106.02000000000001,111.16000000000001,103.0,108.28,124.04,104.7
0022500364,IND,SAC,116.46,119.2,99.9,113.05999999999999,114.66,99.724
0022501186,BOS,ORL,128.1,112.94000000000001,95.0,120.4,107.3,105.2
0022501067,BOS,ATL,116.38,109.54,97.7,120.54,112.25999999999999,102.224
0022500880,BOS,MIL,121.05999999999999,104.92,91.7,107.54,120.96000000000001,99.7
0022500839,BOS,PHX,113.35999999999999,107.17999999999999,95.5,102.36,115.28,95.842
0022500728,BOS,HOU,115.82000000000001,102.96,93.3,110.96,106.4,97.2
0022500559,BOS,IND,126.43999999999998,116.73999999999998,93.8,113.78,113.4,104.4
0022500388,BOS,TOR,134.5,114.32000000000001,96.4,112.38,117.55999999999999,98.5
0022500334,BOS,WAS,128.22,121.96,94.8,111.9,122.05999999999999,101.2
0022500743,MIL,IND,115.02000000000001,123.46000000000001,96.61,114.5,118.5,103.8
0022500400,MIL,MIN,113.4,119.42,98.4,111.17999999999999,109.82000000000001,101.1
0022500374,MIL,TOR,116.43999999999998,117.84,97.7,108.88,119.6,98.6
0022501117,GSW,CLE,112.55999999999999,118.28,100.75,124.13999999999999,123.82000000000001,100.2
0022501113,GSW,SAS,111.74000000000001,117.84,100.95,128.06,105.93999999999998,101.4
0022501090,GSW,DEN,111.54,115.24000000000001,102.85,128.57999999999998,121.32000000000001,101.2
0022501073,GSW,WAS,106.34,115.24000000000001,101.85,111.12,124.1,102.4
0022501060,GSW,BKN,109.67999999999999,116.96,101.95,99.41999999999999,117.32000000000001,100.6
0022501044,GSW,DAL,109.12,117.17999999999999,99.9,114.47999999999999,125.78,102.71
0022501026,GSW,ATL,110.72,117.62,99.7,113.94000000000001,107.0,102.1
0022501017,GSW,DET,113.06000000000002,118.92,99.306,123.04,110.8,99.4
0022500999,GSW,BOS,116.74000000000001,118.96000000000001,99.106,116.97999999999999,112.74000000000001,95.5
0022500984,GSW,WAS,113.1,118.82000000000001,97.106,111.38,123.55999999999999,104.03
0022500943,GSW,CHI,110.08,119.6,94.622,106.32000000000001,108.08,104.3
0022500934,GSW,UTA,113.25999999999999,117.93999999999998,94.822,113.46,116.84,97.9
0022500920,GSW,OKC,112.96000000000001,116.7,97.522,108.18000000000002,104.2,101.53
0022500902,GSW,HOU,113.88000000000002,116.17999999999999,100.7,119.75999999999999,109.38,99.5
0022500882,GSW,LAC,114.84,116.85999999999999,101.4,114.72,113.62,99.1
0022500866,GSW,LAL,116.62,116.24000000000001,101.7,115.28,116.38,96.5
0022500838,GSW,NOP,112.2,116.3,100.3,117.28,115.14000000000001,101.212
0022500799,GSW,BOS,108.92,116.42,95.4,114.3,107.7,93.7
0022500788,GSW,SAS,108.04,114.04,98.2,120.74000000000001,106.12,105.9
0022500768,GSW,MEM,111.62,114.84,99.4,119.74000000000001,125.94000000000001,101.9
0022500753,GSW,LAL,106.72,113.38000000000002,101.4,116.11999999999998,115.32000000000001,100.3
0022500739,GSW,PHX,105.62,108.08000000000001,104.2,118.14000000000001,114.82000000000001,96.3
0022500724,GSW,PHI,106.26000000000002,106.02000000000001,107.6,122.7,121.62,97.3
0022500333,GSW,PHI,109.42,110.84,102.3,112.38,111.38,102.238
0022501097,DET,OKC,117.08,104.93999999999998,99.724,122.54,110.35999999999999,98.9
0022500544,DET,LAC,118.42,103.6,99.2,120.22,121.93999999999998,94.8
0022500517,DET,CHI,116.2,107.24000000000001,99.5,111.05999999999999,117.84,100.5
0022500041,DET,PHI,108.8,110.13333333333333,99.16666666666667,111.3,112.4,97.0
0022500214,DET,CHI,116.02000000000001,108.7,100.92,116.3,118.05999999999999,102.0
0022500791,LAL,DAL,111.02000000000001,113.62,101.9,109.73999999999998,119.67999999999999,102.7
0022500774,LAL,SAS,112.52000000000001,112.04,99.1,117.64000000000001,109.47999999999999,103.4
0022500753,LAL,GSW,116.11999999999998,115.32000000000001,100.3,106.72,113.38000000000002,101.4
0022500601,LAL,POR,113.96,120.36000000000001,98.1,108.66,110.47999999999999,99.7
0022501168,BOS,NYK,127.47999999999999,113.67999999999999,95.8,115.7,116.4,93.0
0022501111,MEM,DAL,106.22,125.82000000000001,102.4,111.6,118.38,102.26
0022500663,GSW,MIN,118.74000000000001,110.84,105.0,107.88,116.3,102.1
0022500484,GSW,OKC,121.62,114.58,99.786,120.44000000000001,109.2,103.2
0022500352,GSW,CLE,107.26000000000002,108.0,101.2,117.2,116.85999999999999,100.4
0022500257,GSW,MIA,112.17999999999999,107.84,103.0,112.74000000000001,116.22,107.15
0022500181,GSW,SAC,113.8,106.86000000000001,99.8,115.05999999999999,121.08000000000001,103.1
0022500966,GSW,MIN,111.17999999999999,116.64000000000001,95.428,110.96,121.51999999999998,100.4
0022500844,GSW,MEM,112.33999999999999,115.78,102.2,111.92,117.32000000000001,104.4
0022500820,GSW,DEN,110.47999999999999,116.02000000000001,97.0,125.54,111.14000000000001,103.2
0022501167,IND,BKN,116.66,119.35999999999999,102.8,107.98000000000002,114.97999999999999,97.4
0022501039,IND,ORL,115.82000000000001,130.04,97.2,110.3,117.08000000000001,100.7
0022500295,IND,CHI,110.85999999999999,123.43999999999998,102.0,117.61999999999998,119.46,106.272
0022500063,IND,TOR,107.26666666666667,118.89999999999999,102.20666666666666,118.5,101.63333333333333,101.18
0022500423,MIA,ATL,109.8,119.34,99.7,119.2,123.6,105.5
0022501187,CLE,WAS,118.03999999999999,114.67999999999999,101.9,109.3,126.16,105.0
0022500981,GSW,NYK,113.08,118.02000000000001,96.52799999999999,119.93999999999998,110.84,98.7
0022501194,MEM,HOU,106.14000000000001,130.12,105.6,125.71999999999998,113.9,99.1
0022501181,MEM,UTA,111.62,129.34,101.7,107.42,128.8,108.2
